lista,registrado,liga,fecha,home,away,mercado,lado,cuota,p_modelo,p_registro,p_cierre,mov_pp,hacia_modelo_pp,cuota_cierre,fuente_cierre,clv_ev_pct,clv_precio_pct,fotos,resultado
valor,2026-10-01T06:05:43,mlb,2026-10-02,Milwaukee Brewers,San Diego Padres,Ganador,away,184.0,,0.3299,0.4517,12.18,,117.0,pinnacle,28.28,30.88,18,perdio
valor,2026-10-01T06:05:43,mlb,2026-10-03,Cleveland Guardians,Chicago White Sox,Ganador,away,129.0,,0.4133,0.4149,0.16,,135.0,pinnacle,-4.99,-2.55,20,gano
valor,2026-10-02T00:02:37,wta,2026-10-01,Dayana Yastremska,Maja Chwalinska,Ganador,home,152.0,,0.3985,0.3985,0.0,,143.0,pinnacle,0.42,3.7,1,gano
valor,2026-10-02T00:02:37,wta,2026-10-02,Sonay Kartal,Wang Xinyu,Ganador,home,-109.0,,0.5191,0.5046,-1.45,,-108.0,pinnacle,-3.25,-0.44,5,gano
valor,2026-10-02T11:10:52,ncaafb,2026-10-02,Northwestern Wildcats,Penn State Nittany Lions,Spread +2.5,home,109.0,,0.4857,0.4862,0.05,,100.0,pinnacle,1.62,4.5,4,gano
valor,2026-10-02T20:41:10,kbo,2026-10-02,NC Dinos,SSG Landers,Ganador,away,153.0,,0.4028,0.6043,20.15,,-173.0,pinnacle,52.89,60.33,12,perdio
valor,2026-10-02T20:41:10,ncaafb,2026-10-03,NC State Wolfpack,Louisville Cardinals,Total 58.5,under,-108.0,,0.5111,0.5111,0.0,,-113.0,pinnacle,-1.57,2.17,3,perdio
valor,2026-10-02T20:41:10,atp,2026-10-03,Hubert Hurkacz,Karen Khachanov,Ganador,home,125.0,,0.4417,0.4139,-2.78,,136.0,pinnacle,-6.87,-4.66,6,gano
valor,2026-10-02T22:15:29,nhl,2026-10-03,Tampa Bay Lightning,Washington Capitals,Total 6.5,over,128.0,,0.458,0.4718,1.38,,106.0,pinnacle,7.57,10.68,14,perdio
valor,2026-10-03T05:31:49Z,nhl,2026-10-03,Buffalo Sabres,Chicago Blackhawks,Total 6.5,under,105.0,,0.5235,0.5138,-0.97,,-112.0,pinnacle,5.33,8.3,12,perdio
valor,2026-10-03T10:38:54Z,ncaafb,2026-10-03,South Carolina Gamecocks,Kentucky Wildcats,Ganador,away,125.0,,0.4518,0.4475,-0.43,,117.0,pinnacle,0.69,3.69,14,gano
valor,2026-10-03T20:03:34Z,ncaafb,2026-10-03,Washington State Cougars,Fresno State Bulldogs,Ganador,away,110.0,,0.4687,0.4645,-0.42,,109.0,pinnacle,-2.45,0.48,15,gano
beisbol,2026-10-04T02:48:29,kbo,2026-10-03,LG Twins,Kia Tigers,Ganador,away,115.0,,0.456,0.514,5.8,,-117.0,pinnacle,10.51,15.92,12,gano
beisbol,2026-10-04T02:48:29,kbo,2026-10-03,Samsung Lions,Doosan Bears,Ganador,home,-125.0,,0.5564,0.5564,0.0,,-140.0,pinnacle,0.15,5.0,12,gano
beisbol,2026-10-04T02:48:29,kbo,2026-10-03,NC Dinos,SSG Landers,Ganador,away,110.0,,0.4679,0.6043,13.64,,-173.0,pinnacle,26.9,33.08,12,perdio
beisbol,2026-10-04T02:48:29,kbo,2026-10-03,Hanwha Eagles,Kiwoom Heroes,Ganador,home,110.0,,0.4629,0.6201,15.72,,-186.0,pinnacle,30.22,36.57,12,perdio
beisbol,2026-10-04T02:48:29,mlb,2026-10-04,Milwaukee Brewers,San Diego Padres,Ganador,away,130.0,,0.352,0.4517,9.97,,117.0,pinnacle,3.89,5.99,18,perdio
oficial,2026-10-04T02:50:34,kbo,2026-10-03,Samsung Lions,Doosan Bears,Ganador,home,-125.0,,0.5564,0.5564,0.0,,-140.0,pinnacle,0.15,5.0,12,gano
beisbol,2026-10-04T10:00:11,mlb,2026-10-05,Tampa Bay Rays,New York Yankees,Ganador,home,120.0,,0.4652,0.4652,0.0,,110.0,pinnacle,2.34,4.76,19,gano
beisbol,2026-10-04T15:29:46,kbo,2026-10-04,Samsung Lions,Doosan Bears,Ganador,home,-132.0,,0.5564,0.5564,0.0,,-140.0,pinnacle,-2.21,2.53,12,perdio
beisbol,2026-10-04T15:29:46,kbo,2026-10-04,NC Dinos,SSG Landers,Ganador,home,145.0,,0.3957,0.3957,0.0,,141.0,pinnacle,-3.05,1.66,12,perdio
beisbol,2026-10-04T15:29:46,kbo,2026-10-04,Hanwha Eagles,Kiwoom Heroes,Ganador,away,160.0,,0.3785,0.3799,0.14,,151.0,pinnacle,-1.23,3.59,12,gano
oficial,2026-10-04T15:33:00,kbo,2026-10-04,LG Twins,Kia Tigers,Spread -1.5,away,148.0,,0.3942,0.3942,0.0,,142.0,pinnacle,-2.24,2.48,8,perdio
valor,2026-10-04T19:45:59Z,wta,2026-10-04,Marie Bouzkova,Zheng Qinwen,Ganador,away,-129.0,,0.5719,0.5719,0.0,,-143.0,pinnacle,1.52,4.47,8,gano
oficial,2026-10-04T19:48:45,wta,2026-10-04,Marie Bouzkova,Zheng Qinwen,Ganador,away,-129.0,,0.5719,0.5719,0.0,,-143.0,pinnacle,1.52,4.47,8,gano
valor,2026-10-06T00:34:09Z,nhl,2026-10-06,Buffalo Sabres,Minnesota Wild,Total 6.5,over,125.0,,0.4797,0.4784,-0.13,,103.0,pinnacle,7.64,10.84,5,perdio
beisbol,2026-10-06T00:34:11,kbo,2026-10-06,LG Twins,NC Dinos,Ganador,away,140.0,,0.4097,0.3942,-1.55,,142.0,pinnacle,-5.39,-0.83,2,perdio
beisbol,2026-10-06T00:34:11,kbo,2026-10-06,Lotte Giants,Doosan Bears,Ganador,home,165.0,,0.3827,0.3583,-2.44,,166.0,pinnacle,-5.05,-0.38,2,perdio
beisbol,2026-10-06T00:34:11,kbo,2026-10-06,Kia Tigers,Samsung Lions,Ganador,away,125.0,,0.4284,0.4162,-1.22,,129.0,pinnacle,-6.35,-1.75,2,gano
beisbol,2026-10-06T00:34:11,kbo,2026-10-06,Hanwha Eagles,SSG Landers,Ganador,away,165.0,,0.3785,0.3785,0.0,,152.0,pinnacle,0.3,5.16,2,perdio
beisbol,2026-10-06T00:34:11,kbo,2026-10-06,Kiwoom Heroes,KT Wiz,Ganador,home,223.0,,0.312,0.2911,-2.09,,227.0,pinnacle,-5.97,-1.22,2,perdio
beisbol,2026-10-06T00:34:11,mlb,2026-10-06,Atlanta Braves,Los Angeles Dodgers,Ganador,home,-105.0,,0.5,0.4186,-8.14,,134.0,pinnacle,-18.27,-16.56,8,perdio
valor,2026-10-06T05:14:28Z,atp,2026-10-06,Carlos Alcaraz,Jiri Lehecka,Total 21.5,under,115.0,,0.4714,0.4714,0.0,,,consenso,1.35,,1,
beisbol,2026-10-06T07:44:33,mlb,2026-10-07,New York Yankees,Tampa Bay Rays,Ganador,away,142.0,,0.4083,0.3872,-2.11,,153.0,pinnacle,-6.3,-4.35,9,
oficial,2026-10-06T07:46:41,wta,2026-10-06,Ann Li,Elina Svitolina,Ganador,home,315.0,,0.2459,0.2646,1.87,,269.0,pinnacle,9.81,12.47,4,perdio
oficial,2026-10-06T07:46:41,wta,2026-10-06,Sinja Kraus,Nikola Bartunkova,Ganador,home,390.0,,0.2021,0.2021,0.0,,383.0,pinnacle,-0.97,1.45,5,perdio
oficial,2026-10-06T07:46:41,atp,2026-10-06,Carlos Alcaraz,Jiri Lehecka,Total 21.5,under,115.0,,0.4714,0.4714,0.0,,,consenso,1.35,,1,
valor,2026-10-06T12:26:41Z,nhl,2026-10-06,Montreal Canadiens,Carolina Hurricanes,Ganador,away,-112.0,,0.5189,0.5379,1.9,,-123.0,pinnacle,1.82,4.4,9,gano
oficial,2026-10-06T12:28:51,nhl,2026-10-06,Montreal Canadiens,Carolina Hurricanes,Ganador,away,-112.0,,0.5189,0.5379,1.9,,-123.0,pinnacle,1.82,4.4,9,gano
oficial,2026-10-06T12:28:51,nhl,2026-10-06,Los Angeles Kings,Florida Panthers,Ganador,home,110.0,,0.4674,0.4804,1.3,,103.0,pinnacle,0.88,3.45,9,perdio
oficial,2026-10-06T12:28:51,nhl,2026-10-06,New York Rangers,New York Islanders,Ganador,away,136.0,,0.4204,0.4051,-1.53,,141.0,pinnacle,-4.4,-2.07,6,perdio
oficial,2026-10-06T12:28:51,nhl,2026-10-06,Chicago Blackhawks,St. Louis Blues,Ganador,away,-134.0,,0.5738,0.5723,-0.15,,-142.0,pinnacle,-0.06,2.47,9,perdio
beisbol,2026-10-06T15:24:13,kbo,2026-10-07,LG Twins,Doosan Bears,Ganador,away,122.0,,0.4436,0.4493,0.57,,112.0,pinnacle,-0.26,4.72,4,perdio
beisbol,2026-10-06T15:24:13,kbo,2026-10-07,Lotte Giants,Kia Tigers,Ganador,home,152.0,,0.3874,0.3612,-2.62,,164.0,pinnacle,-8.98,-4.55,4,perdio
beisbol,2026-10-06T15:24:13,kbo,2026-10-07,SSG Landers,NC Dinos,Ganador,home,-125.0,,0.544,0.5798,3.58,,-155.0,pinnacle,4.36,9.41,4,gano
beisbol,2026-10-06T15:24:13,kbo,2026-10-07,KT Wiz,Samsung Lions,Ganador,home,-104.0,,0.5,0.5075,0.75,,-114.0,pinnacle,-0.45,4.49,4,gano
beisbol,2026-10-06T15:24:13,kbo,2026-10-07,Kiwoom Heroes,Hanwha Eagles,Ganador,home,140.0,,0.4008,0.3957,-0.51,,141.0,pinnacle,-5.03,-0.41,4,gano
oficial,2026-10-06T15:26:42,atp,2026-10-06,Aleksandar Kovacevic,Matteo Berrettini,Total 23.5,over,-108.0,,0.5,0.5,0.0,,-108.0,pinnacle,-3.7,0.0,2,
oficial,2026-10-06T15:26:42,atp,2026-10-06,Zhang Zhizhen,Tomas Machac,Ganador,home,214.0,,0.3079,0.3079,0.0,,214.0,pinnacle,-3.32,0.0,2,perdio
oficial,2026-10-06T19:23:00,nhl,2026-10-06,Buffalo Sabres,Minnesota Wild,Ganador,home,-102.0,,0.4954,0.4954,0.0,,-103.0,pinnacle,-1.89,0.48,5,gano
valor,2026-10-07T07:27:28Z,wta,2026-10-07,Ann Li,Elina Svitolina,Ganador,home,290.0,,0.2562,0.2646,0.84,,269.0,pinnacle,3.19,5.69,4,perdio
beisbol,2026-10-07T07:27:29,mlb,2026-10-07,Atlanta Braves,Los Angeles Dodgers,Ganador,home,130.0,,0.4267,0.4186,-0.81,,134.0,pinnacle,-3.72,-1.71,8,perdio
oficial,2026-10-07T07:29:58,wta,2026-10-07,Ann Li,Elina Svitolina,Ganador,home,290.0,,0.2562,0.2646,0.84,,269.0,pinnacle,3.19,5.69,4,perdio
oficial,2026-10-07T07:29:58,atp,2026-10-07,Rinky Hijikata,Roman Safiullin,Ganador,home,255.0,,0.2783,0.2783,0.0,,249.0,pinnacle,-1.2,1.72,2,perdio
oficial,2026-10-07T12:17:43,nhl,2026-10-07,Washington Capitals,Pittsburgh Penguins,Ganador,away,142.0,,0.4027,0.4029,0.02,,142.0,pinnacle,-2.5,0.0,9,
oficial,2026-10-07T19:47:55,nhl,2026-10-07,Winnipeg Jets,Colorado Avalanche,Ganador,home,172.0,,0.3586,0.3586,0.0,,172.0,pinnacle,-2.46,0.0,6,
modelo,2026-10-02T00:02:37,atp,2026-10-01,Jaume Munar,Jaime Faria,Ganador,home,,0.593,0.5793,0.5793,0.0,0.0,-146.0,pinnacle,-2.39,0.0,1,
modelo,2026-10-02T00:02:37,wta,2026-10-01,Anastasia Potapova,Sinja Kraus,Ganador,home,,0.7586,0.7192,0.7192,0.0,0.0,-285.0,pinnacle,-2.84,0.0,1,
modelo,2026-10-02T00:02:37,wta,2026-10-01,Janice Tjen,Diana Shnaider,Ganador,away,,0.697,0.7143,0.7143,0.0,-0.0,-278.0,pinnacle,-2.11,0.78,1,
modelo,2026-10-02T00:02:37,wta,2026-10-01,Viktorija Golubic,Peyton Stearns,Ganador,away,,0.5944,0.5896,0.5896,0.0,0.0,-154.0,pinnacle,-1.73,1.05,1,
modelo,2026-10-02T00:02:37,wta,2026-10-01,Yuan Yue,Mirra Andreeva,Ganador,away,,0.8003,0.9104,0.9104,0.0,-0.0,-1632.0,pinnacle,-2.59,0.82,1,
modelo,2026-10-02T00:02:37,wta,2026-10-01,Linda Fruhvirtova,Liudmila Samsonova,Ganador,away,,0.6716,0.8087,0.8087,0.0,-0.0,-495.0,pinnacle,1.98,4.91,1,
modelo,2026-10-02T00:02:37,atp,2026-10-01,Valentin Vacherot,Stefanos Tsitsipas,Ganador,away,,0.5556,0.6035,0.6035,0.0,-0.0,-164.0,pinnacle,-2.17,0.71,1,
modelo,2026-10-02T00:02:37,wta,2026-10-01,Dayana Yastremska,Maja Chwalinska,Ganador,away,,0.521,0.6015,0.6015,0.0,-0.0,-164.0,pinnacle,-2.72,0.47,1,
modelo,2026-10-02T00:02:37,wta,2026-10-01,Ekaterina Alexandrova,Aliaksandra Sasnovich,Ganador,home,,0.6294,0.5832,0.583,-0.02,-0.02,-150.0,pinnacle,0.24,3.17,2,
modelo,2026-10-02T00:02:37,wta,2026-10-01,Taylah Preston,Diane Parry,Ganador,away,,0.5364,0.5733,0.5737,0.04,-0.04,-144.0,pinnacle,-0.45,2.41,2,
modelo,2026-10-02T00:02:37,wta,2026-10-01,Linda Noskova,Elena-Gabriela Ruse,Ganador,home,,0.6572,0.7521,0.7521,0.0,-0.0,-350.0,pinnacle,-3.3,0.0,1,
modelo,2026-10-02T00:02:37,atp,2026-10-01,Alex Molcan,Karen Khachanov,Ganador,away,,0.6189,0.7602,0.7602,0.0,-0.0,-360.0,pinnacle,-2.26,0.62,1,
modelo,2026-10-02T00:02:37,wta,2026-10-02,Jasmine Paolini,Daria Snigur,Ganador,home,,0.6177,0.5522,0.5564,0.42,0.42,-134.0,pinnacle,-2.53,0.32,2,
modelo,2026-10-02T00:02:37,wta,2026-10-02,Clara Tauson,Polina Kudermetova,Ganador,home,,0.7193,0.6145,0.6144,-0.01,-0.01,-172.0,pinnacle,-2.42,0.43,2,
modelo,2026-10-02T00:02:37,atp,2026-10-02,Kyrian Jacquet,Luciano Darderi,Ganador,away,,0.5814,0.5602,0.554,-0.62,-0.62,-131.0,pinnacle,-2.63,-0.33,2,
modelo,2026-10-02T00:02:37,atp,2026-10-02,Daniil Medvedev,Pablo Carreno Busta,Ganador,home,,0.7278,0.7936,0.8193,2.57,-2.57,-536.0,pinnacle,1.44,4.34,2,
modelo,2026-10-02T00:02:37,wta,2026-10-02,Karolina Muchova,Katie Boulter,Ganador,home,,0.7156,0.8387,0.8273,-1.14,1.14,-571.0,pinnacle,-3.46,-0.7,2,
modelo,2026-10-02T00:02:37,wta,2026-10-02,Nikola Bartunkova,Magdalena Frech,Ganador,home,,0.553,0.5792,0.5806,0.14,-0.14,-148.0,pinnacle,-2.97,-0.27,2,
modelo,2026-10-02T00:02:37,wta,2026-10-02,Sara Bejlek,Maddison Inglis,Ganador,home,,0.7142,0.7358,0.7394,0.36,-0.36,-318.0,pinnacle,-1.66,1.18,2,
modelo,2026-10-02T00:02:37,atp,2026-10-02,Arthur Fils,Frances Tiafoe,Ganador,home,,0.5416,0.6934,0.6891,-0.43,0.43,-240.0,pinnacle,-3.42,-1.06,2,
modelo,2026-10-02T00:02:37,wta,2026-10-02,Maria Timofeeva,Naomi Osaka,Ganador,away,,0.7779,0.7713,0.772,0.07,0.07,-387.0,pinnacle,-2.21,0.66,2,
modelo,2026-10-02T00:02:37,atp,2026-10-02,Hubert Hurkacz,Arthur Gea,Ganador,home,,0.5541,0.5683,0.5737,0.54,-0.54,-144.0,pinnacle,-1.94,0.87,2,
modelo,2026-10-02T00:02:37,wta,2026-10-02,Renata Zarazua,Aryna Sabalenka,Ganador,away,,0.9012,0.9617,0.9511,-1.06,1.06,-4476.0,pinnacle,-2.04,0.75,2,
modelo,2026-10-02T00:02:37,atp,2026-10-02,Bu Yunchaokete,Novak Djokovic,Ganador,away,,0.8841,0.7477,0.7523,0.46,0.46,-336.0,pinnacle,-1.33,1.07,2,
modelo,2026-10-02T00:02:37,nhl,2026-10-02,Detroit Red Wings,New York Rangers,Ganador,home,,0.5029,0.5561,0.548,-0.81,0.81,,consenso,-6.61,,10,
modelo,2026-10-02T00:02:37,nhl,2026-10-02,Detroit Red Wings,New York Rangers,Total 5.5,over,,0.5858,0.5464,0.5235,-2.29,-2.29,-118.0,pinnacle,-7.38,-4.23,6,
modelo,2026-10-02T00:02:37,ncaafb,2026-10-02,Virginia Tech Hokies,Pittsburgh Panthers,Ganador,away,,0.5076,0.4357,0.4604,2.47,2.47,111.0,pinnacle,1.29,4.27,10,
modelo,2026-10-02T00:02:37,ncaafb,2026-10-02,Virginia Tech Hokies,Pittsburgh Panthers,Total 54.5,under,,0.5358,0.5,0.5067,0.67,0.67,-111.0,pinnacle,-2.41,1.32,10,
modelo,2026-10-02T00:02:37,ncaafb,2026-10-02,Delaware Blue Hens,Liberty Flames,Ganador,home,,0.571,0.3033,0.2932,-1.01,-1.01,230.0,pinnacle,-6.18,-3.03,10,
modelo,2026-10-02T00:02:37,nhl,2026-10-02,Carolina Hurricanes,Washington Capitals,Ganador,home,,0.6052,0.5778,0.5842,0.65,0.65,,consenso,-2.1,,10,
modelo,2026-10-02T00:02:37,nhl,2026-10-02,Carolina Hurricanes,Washington Capitals,Total 6.5,under,,0.5998,0.5325,0.5369,0.44,0.44,,consenso,-3.36,,4,
modelo,2026-10-02T00:02:37,ncaafb,2026-10-02,Northwestern Wildcats,Penn State Nittany Lions,Ganador,away,,0.6081,0.565,0.5609,-0.41,-0.41,-137.0,pinnacle,-6.01,-3.14,10,
modelo,2026-10-02T00:02:37,ncaafb,2026-10-02,Northwestern Wildcats,Penn State Nittany Lions,Total 45.5,over,,0.5839,0.5022,0.5045,0.23,0.23,-110.0,pinnacle,-4.51,-0.85,8,
modelo,2026-10-02T00:02:37,ncaafb,2026-10-02,Northwestern Wildcats,Penn State Nittany Lions,Spread +3,home,,0.5743,0.5169,0.5169,0.0,0.0,-115.0,pinnacle,-4.5,-1.18,6,
modelo,2026-10-02T00:02:37,nhl,2026-10-02,Winnipeg Jets,Boston Bruins,Ganador,home,,0.5812,0.5054,0.5249,1.95,1.95,,consenso,-4.49,,10,
modelo,2026-10-02T00:02:37,nhl,2026-10-02,Winnipeg Jets,Boston Bruins,Total 5.5,over,,0.507,0.5373,0.5382,0.09,-0.09,,consenso,-3.12,,10,
modelo,2026-10-02T00:02:37,nhl,2026-10-02,Winnipeg Jets,Boston Bruins,Spread -1.5,away,,0.6613,0.2869,0.2869,0.0,0.0,,consenso,-59.83,,2,
modelo,2026-10-02T00:02:37,nhl,2026-10-02,Dallas Stars,St. Louis Blues,Ganador,home,,0.6076,0.6566,0.6371,-1.95,1.95,,consenso,-3.11,,10,
modelo,2026-10-02T00:02:37,nhl,2026-10-02,Dallas Stars,St. Louis Blues,Total 5.5,over,,0.555,0.5448,0.55,0.52,0.52,,consenso,-4.26,,6,
modelo,2026-10-02T00:02:37,nhl,2026-10-02,Vegas Golden Knights,Anaheim Ducks,Ganador,home,,0.6526,0.6263,0.6597,3.34,3.34,,consenso,1.63,,10,
modelo,2026-10-02T00:02:37,nhl,2026-10-02,Vegas Golden Knights,Anaheim Ducks,Total 6.5,under,,0.5543,0.5,0.4709,-2.91,-2.91,106.0,pinnacle,-10.1,-7.33,10,
modelo,2026-10-02T00:02:37,atp,2026-10-02,Denis Shapovalov,Alejandro Tabilo,Ganador,home,,0.5806,0.5789,0.5697,-0.92,-0.92,-140.0,pinnacle,-4.27,-1.98,4,
modelo,2026-10-02T00:02:37,atp,2026-10-02,Matteo Berrettini,Adolfo Daniel Vallejo,Ganador,home,,0.6737,0.6004,0.6033,0.29,0.29,-162.0,pinnacle,-2.2,0.24,5,
modelo,2026-10-02T00:02:37,atp,2026-10-02,Carlos Alcaraz,Matteo Arnaldi,Ganador,home,,0.887,0.9424,0.9058,-3.66,3.66,-1435.0,pinnacle,-3.0,0.12,4,
modelo,2026-10-02T00:02:37,atp,2026-10-02,Ugo Humbert,Jiri Lehecka,Ganador,away,,0.5236,0.6288,0.5917,-3.71,3.71,-154.0,pinnacle,-8.5,-6.24,5,
modelo,2026-10-02T00:02:37,atp,2026-10-02,Andrey Rublev,Roman Safiullin,Ganador,home,,0.6016,0.5646,0.5616,-0.3,-0.3,-135.0,pinnacle,-3.14,-0.93,5,
modelo,2026-10-02T00:02:37,atp,2026-10-02,Alexander Zverev,Shang Juncheng,Ganador,home,,0.7976,0.8961,0.8989,0.28,-0.28,-1297.0,pinnacle,-1.12,2.13,5,
modelo,2026-10-02T00:02:37,atp,2026-10-02,Alex de Minaur,Quentin Halys,Ganador,home,,0.7353,0.72,0.7153,-0.47,-0.47,-274.0,pinnacle,-3.46,-1.12,4,
modelo,2026-10-02T00:02:37,atp,2026-10-02,Francisco Cerundolo,Jakub Mensik,Ganador,away,,0.523,0.6371,0.6439,0.68,-0.68,-194.0,pinnacle,-0.99,1.46,5,
modelo,2026-10-02T00:02:37,wta,2026-10-02,Katerina Siniakova,Elina Svitolina,Ganador,away,,0.6974,0.76,0.7553,-0.47,0.47,-349.0,pinnacle,-2.89,-0.06,5,
modelo,2026-10-02T00:02:37,wta,2026-10-02,Maria Sakkari,Storm Hunter,Ganador,home,,0.7498,0.707,0.7021,-0.49,-0.49,-261.0,pinnacle,-0.54,2.42,4,
modelo,2026-10-02T00:02:37,wta,2026-10-02,Kamilla Rakhimova,Leylah Fernandez,Ganador,away,,0.7011,0.7456,0.7477,0.21,-0.21,-334.0,pinnacle,-1.49,1.39,5,
modelo,2026-10-02T00:02:37,wta,2026-10-02,Iva Jovic,Harriet Dart,Ganador,home,,0.7925,0.8806,0.8919,1.13,-1.13,-1239.0,pinnacle,-2.7,0.94,5,
modelo,2026-10-02T00:02:37,wta,2026-10-02,Katie Volynets,Elise Mertens,Ganador,away,,0.744,0.53,0.5238,-0.62,-0.62,-117.0,pinnacle,-3.97,-1.15,4,
modelo,2026-10-02T00:02:37,wta,2026-10-02,Jelena Ostapenko,Paula Badosa,Ganador,away,,0.6067,0.6279,0.5903,-3.76,3.76,-155.0,pinnacle,-7.62,-4.87,4,
modelo,2026-10-02T00:02:37,wta,2026-10-02,Gao Xinyu,Iga Swiatek,Ganador,away,,0.9461,0.9363,0.9612,2.49,2.49,-5787.0,pinnacle,-1.13,1.11,5,
modelo,2026-10-02T00:02:37,wta,2026-10-02,Donna Vekic,Zhu Lin,Ganador,home,,0.5156,0.6101,0.6376,2.75,-2.75,-191.0,pinnacle,2.4,5.41,4,
modelo,2026-10-02T00:02:37,wta,2026-10-02,Marie Bouzkova,Kimberly Birrell,Ganador,home,,0.6432,0.6684,0.6717,0.33,-0.33,-224.0,pinnacle,-0.06,2.86,5,
modelo,2026-10-02T00:02:37,wta,2026-10-02,Sonay Kartal,Wang Xinyu,Ganador,home,,0.5713,0.5191,0.5046,-1.45,-1.45,-108.0,pinnacle,-3.25,-0.44,5,
modelo,2026-10-02T00:02:37,wta,2026-10-02,Elena Rybakina,Alina Charaeva,Ganador,home,,0.8729,0.9463,0.9208,-2.55,2.55,-1958.0,pinnacle,-3.32,-0.1,5,
modelo,2026-10-02T00:02:37,wta,2026-10-02,Zheng Qinwen,Anna Kalinskaya,Ganador,home,,0.6473,0.622,0.613,-0.9,-0.9,-171.0,pinnacle,-3.67,-0.84,5,
modelo,2026-10-02T00:02:37,wta,2026-10-02,Ashlyn Krueger,Ann Li,Ganador,away,,0.57,0.5541,0.5346,-1.95,-1.95,-122.0,pinnacle,-6.64,-4.03,4,
modelo,2026-10-02T00:02:37,wta,2026-10-02,Belinda Bencic,Anastasia Zakharova,Ganador,home,,0.7817,0.786,0.791,0.5,-0.5,-438.0,pinnacle,-2.42,0.43,5,
modelo,2026-10-02T00:02:37,kbo,2026-10-02,LG Twins,Kia Tigers,Ganador,away,,0.5313,0.4773,0.514,3.67,3.67,-117.0,pinnacle,,,12,
modelo,2026-10-02T00:02:37,kbo,2026-10-02,LG Twins,Kia Tigers,Spread +1.5,home,,0.617,0.6306,0.6058,-2.48,2.48,-174.0,pinnacle,,,8,
modelo,2026-10-02T00:02:37,kbo,2026-10-02,Samsung Lions,Doosan Bears,Ganador,home,,0.5634,0.574,0.5564,-1.76,1.76,-140.0,pinnacle,,,12,
modelo,2026-10-02T00:02:37,kbo,2026-10-02,Samsung Lions,Doosan Bears,Spread -1.5,away,,0.5712,0.3736,0.3736,0.0,0.0,,consenso,,,1,
modelo,2026-10-02T00:02:37,kbo,2026-10-02,KT Wiz,Lotte Giants,Ganador,home,,0.6215,0.5832,0.5992,1.6,1.6,-169.0,pinnacle,,,12,
modelo,2026-10-02T00:02:37,kbo,2026-10-02,NC Dinos,SSG Landers,Ganador,away,,0.5059,0.3874,0.6043,21.69,21.69,-173.0,pinnacle,,,12,
modelo,2026-10-02T00:02:37,kbo,2026-10-02,NC Dinos,SSG Landers,Spread +1.5,home,,0.6368,0.5087,0.5087,0.0,0.0,-114.0,pinnacle,,,3,
modelo,2026-10-02T00:02:37,kbo,2026-10-02,Hanwha Eagles,Kiwoom Heroes,Ganador,home,,0.5827,0.587,0.6201,3.31,-3.31,-186.0,pinnacle,,,12,
modelo,2026-10-02T00:02:37,kbo,2026-10-02,Hanwha Eagles,Kiwoom Heroes,Spread -1.5,away,,0.53,0.4337,0.4337,0.0,0.0,120.0,pinnacle,,,4,
modelo,2026-10-02T03:41:07,ncaafb,2026-10-03,Charlotte 49ers,Memphis Tigers,Ganador,away,,0.8772,0.8918,0.8922,0.04,-0.04,-1339.0,pinnacle,-4.63,-0.53,12,
modelo,2026-10-02T03:41:07,ncaafb,2026-10-03,Charlotte 49ers,Memphis Tigers,Total 52.5,over,,0.6455,0.4926,0.4926,0.0,0.0,,consenso,-5.13,,2,
modelo,2026-10-02T05:27:48,ncaafb,2026-10-03,North Carolina Tar Heels,Notre Dame Fighting Irish,Ganador,away,,0.8578,0.906,0.9029,-0.31,0.31,-1587.0,pinnacle,-4.69,-0.7,12,
modelo,2026-10-02T05:27:48,ncaafb,2026-10-03,North Carolina Tar Heels,Notre Dame Fighting Irish,Total 46.5,over,,0.721,0.4933,0.5067,1.34,1.34,-111.0,pinnacle,-3.27,0.43,12,
modelo,2026-10-02T05:27:48,ncaafb,2026-10-03,Mississippi State Bulldogs,Alabama Crimson Tide,Ganador,away,,0.7062,0.6581,0.6592,0.11,0.11,-216.0,pinnacle,-3.84,-0.29,12,
modelo,2026-10-02T05:27:48,ncaafb,2026-10-03,Mississippi State Bulldogs,Alabama Crimson Tide,Total 60.5,under,,0.6394,0.5,0.4907,-0.93,-0.93,,consenso,-6.32,,12,
modelo,2026-10-02T05:27:48,ncaafb,2026-10-03,Mississippi State Bulldogs,Alabama Crimson Tide,Spread +6,home,,0.5877,0.5181,0.5203,0.22,0.22,-116.0,pinnacle,-2.73,0.4,3,
modelo,2026-10-02T05:27:48,ncaafb,2026-10-03,Houston Cougars,UCF Knights,Ganador,home,,0.7325,0.7847,0.7776,-0.71,0.71,-430.0,pinnacle,-5.15,-1.04,12,
modelo,2026-10-02T05:27:48,ncaafb,2026-10-03,Houston Cougars,UCF Knights,Total 51.5,over,,0.5919,0.4892,0.4892,0.0,0.0,,consenso,-3.12,,2,
modelo,2026-10-02T05:27:48,ncaafb,2026-10-03,SMU Mustangs,Boston College Eagles,Ganador,home,,0.9149,0.9018,0.9022,0.04,0.04,-1568.0,pinnacle,-4.77,-0.77,12,
modelo,2026-10-02T05:27:48,ncaafb,2026-10-03,SMU Mustangs,Boston College Eagles,Total 55.5,over,,0.5033,0.4955,0.4911,-0.44,-0.44,-104.0,pinnacle,-2.74,0.96,9,
modelo,2026-10-02T05:27:48,ncaafb,2026-10-03,Kansas Jayhawks,Middle Tennessee Blue Raiders,Ganador,home,,0.7511,0.8907,0.8962,0.55,-0.55,-1424.0,pinnacle,-3.74,0.36,12,
modelo,2026-10-02T05:27:48,ncaafb,2026-10-03,Kansas Jayhawks,Middle Tennessee Blue Raiders,Total 50.5,over,,0.6497,0.5,0.5037,0.37,0.37,,consenso,-4.66,,12,
modelo,2026-10-02T05:27:48,ncaafb,2026-10-03,Iowa State Cyclones,West Virginia Mountaineers,Ganador,home,,0.7369,0.5888,0.5872,-0.16,-0.16,-155.0,pinnacle,-3.4,0.0,12,
modelo,2026-10-02T05:27:48,ncaafb,2026-10-03,Wake Forest Demon Deacons,Stanford Cardinal,Ganador,home,,0.8007,0.8201,0.8327,1.26,-1.26,-670.0,pinnacle,-2.85,1.52,12,
modelo,2026-10-02T05:27:48,ncaafb,2026-10-03,Wake Forest Demon Deacons,Stanford Cardinal,Total 53.5,over,,0.5277,0.5089,0.5111,0.22,0.22,-113.0,pinnacle,-2.43,1.28,12,
modelo,2026-10-02T05:27:48,ncaafb,2026-10-03,UConn Huskies,Syracuse Orange,Ganador,home,,0.7753,0.3005,0.3056,0.51,0.51,215.0,pinnacle,-3.74,0.0,12,
modelo,2026-10-02T05:27:48,ncaafb,2026-10-03,UConn Huskies,Syracuse Orange,Total 50.5,over,,0.5788,0.5,0.5,0.0,0.0,,consenso,-3.7,,12,
modelo,2026-10-02T05:27:48,ncaafb,2026-10-03,Minnesota Golden Gophers,Michigan Wolverines,Ganador,away,,0.5313,0.6632,0.6699,0.67,-0.67,-228.0,pinnacle,-3.24,0.41,12,
modelo,2026-10-02T05:27:48,ncaafb,2026-10-03,Minnesota Golden Gophers,Michigan Wolverines,Spread +5.5,home,,0.6622,0.5,0.5,0.0,0.0,,consenso,-4.55,,6,
modelo,2026-10-02T05:27:48,ncaafb,2026-10-03,Air Force Falcons,Navy Midshipmen,Ganador,away,,0.6337,0.409,0.435,2.6,2.6,122.0,pinnacle,4.4,8.11,12,
modelo,2026-10-02T05:27:48,ncaafb,2026-10-03,Wisconsin Badgers,Michigan State Spartans,Ganador,home,,0.7487,0.7627,0.7533,-0.94,0.94,-365.0,pinnacle,-4.85,-0.85,12,
modelo,2026-10-02T05:27:48,ncaafb,2026-10-03,Wisconsin Badgers,Michigan State Spartans,Total 43.5,over,,0.5956,0.4933,0.4911,-0.22,-0.22,-104.0,pinnacle,-6.24,-2.67,12,
modelo,2026-10-02T05:27:48,ncaafb,2026-10-03,Georgia Bulldogs,Vanderbilt Commodores,Ganador,home,,0.832,0.9322,0.9368,0.46,-0.46,-2829.0,pinnacle,-2.97,0.04,13,
modelo,2026-10-02T05:27:48,ncaafb,2026-10-03,Georgia Bulldogs,Vanderbilt Commodores,Total 50.5,over,,0.6305,0.5045,0.5134,0.89,0.89,-114.0,pinnacle,-4.02,-0.41,12,
modelo,2026-10-02T05:27:48,mlb,2026-10-03,Cleveland Guardians,Chicago White Sox,Ganador,home,,0.5369,0.5861,0.5851,-0.1,0.1,-150.0,pinnacle,-3.98,-1.54,20,
modelo,2026-10-02T05:27:48,mlb,2026-10-03,Cleveland Guardians,Chicago White Sox,Total 7.0,over,,0.5161,0.4787,0.469,-0.97,-0.97,106.0,pinnacle,-5.26,-1.94,12,
modelo,2026-10-02T05:27:48,ncaafb,2026-10-03,Buffalo Bulls,Western Michigan Broncos,Ganador,away,,0.5904,0.8227,0.8151,-0.76,0.76,-551.0,pinnacle,-4.9,-1.25,13,
modelo,2026-10-02T05:27:48,ncaafb,2026-10-03,Buffalo Bulls,Western Michigan Broncos,Total 46.5,over,,0.6265,0.5,0.5,0.0,0.0,,consenso,-3.7,,2,
modelo,2026-10-02T05:27:48,ncaafb,2026-10-03,Buffalo Bulls,Western Michigan Broncos,Spread +14,home,,0.7919,0.5,0.5,0.0,0.0,,consenso,-4.55,,5,
modelo,2026-10-02T11:10:52,kbo,2026-10-02,LG Twins,Kia Tigers,Total 8.5,over,,0.5321,0.5227,0.5152,-0.75,-0.75,-117.0,pinnacle,-3.29,1.21,5,
modelo,2026-10-02T11:10:52,kbo,2026-10-02,Samsung Lions,Doosan Bears,Total 11.5,under,,0.7104,0.4925,0.4913,-0.12,-0.12,-106.0,pinnacle,-3.17,1.41,5,
modelo,2026-10-02T11:10:52,kbo,2026-10-02,KT Wiz,Lotte Giants,Total 9.0,under,,0.5193,0.4913,0.4957,0.44,0.44,-108.0,pinnacle,-3.22,1.37,8,
modelo,2026-10-02T11:10:52,kbo,2026-10-02,NC Dinos,SSG Landers,Total 9.5,over,,0.5072,0.4752,0.4977,2.25,2.25,,consenso,2.53,,9,
modelo,2026-10-02T11:10:52,kbo,2026-10-02,Hanwha Eagles,Kiwoom Heroes,Total 10.5,under,,0.5519,0.5065,0.5022,-0.43,-0.43,-111.0,pinnacle,-3.28,1.32,5,
modelo,2026-10-02T11:10:52,atp,2026-10-03,Daniil Medvedev,Jan-Lennard Struff,Ganador,home,,0.7778,0.8351,0.8378,0.27,-0.27,-641.0,pinnacle,,,3,
modelo,2026-10-02T11:10:52,ncaafb,2026-10-03,Ball State Cardinals,Toledo Rockets,Ganador,away,,0.7663,0.8942,0.8998,0.56,-0.56,-1381.0,pinnacle,-3.35,0.16,13,
modelo,2026-10-02T11:10:52,ncaafb,2026-10-03,Ball State Cardinals,Toledo Rockets,Total 52.5,under,,0.5006,0.5043,0.5,-0.43,0.43,,consenso,-5.36,,9,
modelo,2026-10-02T11:10:52,ncaafb,2026-10-03,Iowa Hawkeyes,Ohio State Buckeyes,Ganador,away,,0.6249,0.8276,0.8365,0.89,-0.89,-661.0,pinnacle,-2.97,0.76,13,
modelo,2026-10-02T11:10:52,ncaafb,2026-10-03,Iowa Hawkeyes,Ohio State Buckeyes,Total 45.5,under,,0.5024,0.5,0.5,0.0,0.0,,consenso,-4.55,,13,
modelo,2026-10-02T11:10:52,ncaafb,2026-10-03,Missouri Tigers,Florida Gators,Ganador,home,,0.6289,0.3397,0.341,0.13,0.13,184.0,pinnacle,-4.52,-1.41,13,
modelo,2026-10-02T11:10:52,ncaafb,2026-10-03,Missouri Tigers,Florida Gators,Total 57.5,under,,0.6135,0.4911,0.4955,0.44,0.44,-106.0,pinnacle,-4.57,-0.9,13,
modelo,2026-10-02T11:10:52,ncaafb,2026-10-03,Missouri Tigers,Florida Gators,Spread +5.5,home,,0.7308,0.5023,0.5023,0.0,0.0,-107.0,pinnacle,-4.11,-1.32,9,
modelo,2026-10-02T11:10:52,ncaafb,2026-10-03,Tennessee Volunteers,Auburn Tigers,Ganador,home,,0.774,0.7104,0.6857,-2.47,-2.47,-243.0,pinnacle,-7.37,-4.3,13,
modelo,2026-10-02T11:10:52,ncaafb,2026-10-03,Tennessee Volunteers,Auburn Tigers,Spread -7,home,,0.5547,0.5023,0.5023,0.0,0.0,-108.0,pinnacle,-4.11,-0.87,7,
modelo,2026-10-02T11:10:52,ncaafb,2026-10-03,UNLV Rebels,California Golden Bears,Ganador,home,,0.7779,0.5661,0.5238,-4.23,-4.23,-117.0,pinnacle,-10.73,-8.11,13,
modelo,2026-10-02T11:10:52,ncaafb,2026-10-03,UNLV Rebels,California Golden Bears,Total 53.5,over,,0.5563,0.5,0.4947,-0.53,-0.53,,consenso,-5.56,,12,
modelo,2026-10-02T11:10:52,ncaafb,2026-10-03,NC State Wolfpack,Louisville Cardinals,Ganador,away,,0.5391,0.6135,0.5796,-3.39,3.39,-148.0,pinnacle,-10.71,-8.06,13,
modelo,2026-10-02T11:10:52,ncaafb,2026-10-03,NC State Wolfpack,Louisville Cardinals,Total 58.5,under,,0.6353,0.5111,0.5111,0.0,0.0,-113.0,pinnacle,-2.43,1.28,3,
modelo,2026-10-02T11:10:52,ncaafb,2026-10-03,NC State Wolfpack,Louisville Cardinals,Spread +3.5,home,,0.6178,0.4957,0.5108,1.51,1.51,,consenso,-1.62,,10,
modelo,2026-10-02T11:10:52,ncaafb,2026-10-03,Florida State Seminoles,Virginia Cavaliers,Ganador,away,,0.6055,0.5579,0.5161,-4.18,-4.18,-113.0,pinnacle,-13.52,-11.1,13,
modelo,2026-10-02T11:10:52,ncaafb,2026-10-03,Florida State Seminoles,Virginia Cavaliers,Total 51.5,over,,0.5079,0.5045,0.5045,0.0,0.0,-110.0,pinnacle,-3.69,0.0,13,
modelo,2026-10-02T11:10:52,ncaafb,2026-10-03,Florida State Seminoles,Virginia Cavaliers,Spread +2.5,home,,0.5649,0.4864,0.4864,0.0,0.0,-101.0,pinnacle,-5.04,-1.9,8,
modelo,2026-10-02T11:10:52,ncaafb,2026-10-03,UAB Blazers,Samford Bulldogs,Ganador,home,,0.5702,0.9578,0.9601,0.23,-0.23,,consenso,-2.79,,13,
modelo,2026-10-02T11:10:52,ncaafb,2026-10-03,UAB Blazers,Samford Bulldogs,Total 52.5,over,,0.573,0.5022,0.5,-0.22,-0.22,,consenso,-6.52,,12,
modelo,2026-10-02T11:10:52,ncaafb,2026-10-03,North Dakota State Bison,Wyoming Cowboys,Ganador,home,,0.9644,0.8784,0.8789,0.05,0.05,-1037.0,pinnacle,-4.12,-0.5,13,
modelo,2026-10-02T11:10:52,ncaafb,2026-10-03,North Dakota State Bison,Wyoming Cowboys,Total 44.5,over,,0.6589,0.5067,0.4955,-1.12,-1.12,-106.0,pinnacle,-8.46,-4.94,10,
modelo,2026-10-02T11:10:52,ncaafb,2026-10-03,North Dakota State Bison,Wyoming Cowboys,Spread -17.5,home,,0.5498,0.4877,0.4877,0.0,0.0,-102.0,pinnacle,-7.69,-4.42,8,
modelo,2026-10-02T11:10:52,ncaafb,2026-10-03,Central Michigan Chippewas,Akron Zips,Ganador,home,,0.7054,0.6812,0.707,2.58,2.58,-272.0,pinnacle,-1.02,2.37,13,
modelo,2026-10-02T11:10:52,ncaafb,2026-10-03,Central Michigan Chippewas,Akron Zips,Spread -6.5,home,,0.5237,0.5,0.5213,2.13,2.13,-117.0,pinnacle,-1.33,2.06,12,
modelo,2026-10-02T11:10:52,ncaafb,2026-10-03,Kent State Golden Flashes,Ohio Bobcats,Ganador,away,,0.6888,0.6106,0.6115,0.09,0.09,-170.0,pinnacle,-3.91,-1.06,13,
modelo,2026-10-02T11:10:52,ncaafb,2026-10-03,Kent State Golden Flashes,Ohio Bobcats,Total 50.5,over,,0.5554,0.5111,0.5111,0.0,0.0,-113.0,pinnacle,-3.26,0.42,13,
modelo,2026-10-02T11:10:52,ncaafb,2026-10-03,Kent State Golden Flashes,Ohio Bobcats,Spread +3.5,home,,0.5435,0.509,0.5092,0.02,0.02,-110.0,pinnacle,-3.62,-0.85,13,
modelo,2026-10-02T11:10:52,ncaafb,2026-10-03,Miami (OH) RedHawks,Bowling Green Falcons,Ganador,home,,0.8465,0.8198,0.7988,-2.1,-2.1,-485.0,pinnacle,-6.23,-2.68,13,
modelo,2026-10-02T11:10:52,ncaafb,2026-10-03,Georgia State Panthers,Old Dominion Monarchs,Ganador,away,,0.5924,0.4518,0.4495,-0.23,-0.23,116.0,pinnacle,-3.81,-0.93,13,
modelo,2026-10-02T11:10:52,ncaafb,2026-10-03,Georgia State Panthers,Old Dominion Monarchs,Total 51.5,over,,0.5919,0.5,0.5,0.0,0.0,,consenso,-4.55,,13,
modelo,2026-10-02T11:10:52,ncaafb,2026-10-03,James Madison Dukes,Marshall Thundering Herd,Ganador,home,,0.8621,0.8767,0.8552,-2.15,2.15,-793.0,pinnacle,-6.71,-3.13,13,
modelo,2026-10-02T11:10:52,ncaafb,2026-10-03,James Madison Dukes,Marshall Thundering Herd,Total 56.5,under,,0.5592,0.5093,0.5108,0.15,0.15,,consenso,-4.5,,7,
modelo,2026-10-02T11:10:52,mlb,2026-10-03,Los Angeles Dodgers,Atlanta Braves,Ganador,home,,0.5867,0.6462,0.6782,3.2,-3.2,-226.0,pinnacle,0.74,2.98,17,
modelo,2026-10-02T11:10:52,mlb,2026-10-03,Los Angeles Dodgers,Atlanta Braves,Total 8.0,under,,0.6,0.5,0.4954,-0.46,-0.46,-104.0,pinnacle,-5.42,-2.67,6,
modelo,2026-10-02T11:10:52,ncaafb,2026-10-03,Nebraska Cornhuskers,Maryland Terrapins,Ganador,home,,0.8641,0.8324,0.8376,0.52,0.52,-668.0,pinnacle,-3.83,-0.14,13,
modelo,2026-10-02T11:10:52,ncaafb,2026-10-03,Nebraska Cornhuskers,Maryland Terrapins,Total 52.5,under,,0.5689,0.5,0.5,0.0,0.0,-108.0,pinnacle,-4.55,-0.87,13,
modelo,2026-10-02T11:10:52,ncaafb,2026-10-03,New Mexico Lobos,UTEP Miners,Ganador,home,,0.9089,0.9136,0.9205,0.69,-0.69,-1970.0,pinnacle,-3.57,-0.3,14,
modelo,2026-10-02T11:10:52,ncaafb,2026-10-03,New Mexico Lobos,UTEP Miners,Total 47.5,over,,0.6615,0.5043,0.4955,-0.88,-0.88,-106.0,pinnacle,-7.36,-3.8,3,
modelo,2026-10-02T11:10:52,ncaafb,2026-10-03,South Carolina Gamecocks,Kentucky Wildcats,Ganador,away,,0.501,0.4168,0.4475,3.07,3.07,117.0,pinnacle,2.92,5.99,14,
modelo,2026-10-02T11:10:52,ncaafb,2026-10-03,South Carolina Gamecocks,Kentucky Wildcats,Total 54.5,under,,0.5897,0.5,0.5,0.0,0.0,,consenso,-4.55,,9,
modelo,2026-10-02T11:10:52,ncaafb,2026-10-03,Illinois Fighting Illini,Purdue Boilermakers,Ganador,home,,0.8843,0.762,0.7618,-0.02,-0.02,-375.0,pinnacle,-3.51,0.0,14,
modelo,2026-10-02T11:10:52,ncaafb,2026-10-03,Illinois Fighting Illini,Purdue Boilermakers,Total 62.5,under,,0.7248,0.5,0.5,0.0,0.0,-108.0,pinnacle,-4.55,-0.87,12,
modelo,2026-10-02T11:10:52,ncaafb,2026-10-03,Colorado State Rams,Oregon State Beavers,Ganador,home,,0.5679,0.3303,0.2985,-3.18,-3.18,224.0,pinnacle,-13.44,-10.49,14,
modelo,2026-10-02T11:10:52,ncaafb,2026-10-03,Colorado State Rams,Oregon State Beavers,Total 62.5,under,,0.7363,0.5064,0.5108,0.44,0.44,,consenso,-4.5,,7,
modelo,2026-10-02T11:10:52,ncaafb,2026-10-03,Florida Atlantic Owls,Texas Southern Tigers,Ganador,home,,0.7491,0.9878,0.986,-0.18,0.18,,consenso,-1.2,,7,
modelo,2026-10-02T11:10:52,ncaafb,2026-10-03,Florida Atlantic Owls,Texas Southern Tigers,Total 61.5,under,,0.5586,0.5108,0.5087,-0.21,-0.21,-114.0,pinnacle,-1.14,3.53,12,
modelo,2026-10-02T11:10:52,mlb,2026-10-03,Tampa Bay Rays,New York Yankees,Ganador,home,,0.5162,0.5509,0.4652,-8.57,8.57,110.0,pinnacle,-20.49,-18.61,19,
modelo,2026-10-02T11:10:52,mlb,2026-10-03,Tampa Bay Rays,New York Yankees,Total 7.0,under,,0.5359,0.5226,0.5069,-1.57,-1.57,-109.0,pinnacle,-7.76,-5.1,14,
modelo,2026-10-02T11:10:52,mlb,2026-10-03,Tampa Bay Rays,New York Yankees,Spread -1.5,away,,0.6566,0.3524,0.388,3.56,3.56,150.0,pinnacle,-42.18,-40.39,11,
modelo,2026-10-02T11:10:52,ncaafb,2026-10-03,TCU Horned Frogs,BYU Cougars,Ganador,away,,0.5868,0.6668,0.6601,-0.67,0.67,-214.0,pinnacle,-5.29,-2.22,14,
modelo,2026-10-02T11:10:52,ncaafb,2026-10-03,TCU Horned Frogs,BYU Cougars,Total 47.5,over,,0.7227,0.5043,0.5043,0.0,0.0,,consenso,-5.72,,8,
modelo,2026-10-02T11:10:52,ncaafb,2026-10-03,Texas A&M Aggies,Arkansas Razorbacks,Ganador,home,,0.8004,0.8207,0.8258,0.51,-0.51,-601.0,pinnacle,-4.21,-0.55,14,
modelo,2026-10-02T11:10:52,ncaafb,2026-10-03,Texas A&M Aggies,Arkansas Razorbacks,Total 50.5,over,,0.6267,0.5,0.4994,-0.06,-0.06,,consenso,-3.82,,14,
modelo,2026-10-02T11:10:52,ncaafb,2026-10-03,Rice Owls,UTSA Roadrunners,Ganador,away,,0.7361,0.7962,0.7962,0.0,-0.0,-475.0,pinnacle,-3.96,-0.36,14,
modelo,2026-10-02T11:10:52,ncaafb,2026-10-03,Rice Owls,UTSA Roadrunners,Total 55.5,over,,0.5493,0.5,0.4978,-0.22,-0.22,-107.0,pinnacle,-6.93,-3.36,2,
modelo,2026-10-02T11:10:52,ncaafb,2026-10-03,Rice Owls,UTSA Roadrunners,Spread +12.5,home,,0.7038,0.5,0.5038,0.38,0.38,,consenso,-4.64,,7,
modelo,2026-10-02T11:10:52,ncaafb,2026-10-03,Coastal Carolina Chanticleers,Georgia Southern Eagles,Ganador,home,,0.5602,0.469,0.4604,-0.86,-0.86,111.0,pinnacle,-5.62,-2.84,14,
modelo,2026-10-02T11:10:52,ncaafb,2026-10-03,Coastal Carolina Chanticleers,Georgia Southern Eagles,Total 53.5,over,,0.6223,0.5,0.4957,-0.43,-0.43,,consenso,-7.33,,5,
modelo,2026-10-02T11:10:52,ncaafb,2026-10-03,South Alabama Jaguars,UL Monroe Warhawks,Ganador,home,,0.8843,0.8294,0.8206,-0.88,-0.88,-576.0,pinnacle,-4.81,-1.16,14,
modelo,2026-10-02T11:10:52,ncaafb,2026-10-03,South Alabama Jaguars,UL Monroe Warhawks,Total 57.5,under,,0.5745,0.5,0.5,0.0,0.0,,consenso,-5.36,,9,
modelo,2026-10-02T11:10:52,nhl,2026-10-03,Buffalo Sabres,Chicago Blackhawks,Ganador,home,,0.677,0.6798,0.6981,1.83,-1.83,,consenso,1.83,,14,
modelo,2026-10-02T11:10:52,nhl,2026-10-03,Buffalo Sabres,Chicago Blackhawks,Total 6.5,under,,0.5567,0.5325,0.5138,-1.87,-1.87,-112.0,pinnacle,-7.52,-4.91,12,
modelo,2026-10-02T11:10:52,nhl,2026-10-03,Pittsburgh Penguins,Montreal Canadiens,Ganador,home,,0.5564,0.5028,0.4822,-2.06,-2.06,,consenso,-7.95,,14,
modelo,2026-10-02T11:10:52,nhl,2026-10-03,Pittsburgh Penguins,Montreal Canadiens,Total 6.5,under,,0.5064,0.5526,0.5092,-4.34,4.34,-110.0,pinnacle,-11.36,-8.82,14,
modelo,2026-10-02T11:10:52,nhl,2026-10-03,Pittsburgh Penguins,Montreal Canadiens,Spread -1.5,away,,0.6721,0.3027,0.3077,0.5,0.5,215.0,pinnacle,-58.16,-56.83,14,
modelo,2026-10-02T11:10:52,nhl,2026-10-03,Tampa Bay Lightning,Washington Capitals,Ganador,home,,0.5894,0.5626,0.6498,8.73,8.73,,consenso,8.89,,14,
modelo,2026-10-02T11:10:52,nhl,2026-10-03,Tampa Bay Lightning,Washington Capitals,Total 6.5,under,,0.5563,0.5526,0.5282,-2.44,-2.44,-119.0,pinnacle,-8.05,-5.41,14,
modelo,2026-10-02T11:10:52,nhl,2026-10-03,Toronto Maple Leafs,Ottawa Senators,Ganador,home,,0.5467,0.5481,0.5158,-3.23,3.23,,consenso,,,7,
modelo,2026-10-02T11:10:52,nhl,2026-10-03,Toronto Maple Leafs,Ottawa Senators,Total 6.5,under,,0.5291,0.5325,0.5325,0.0,-0.0,,consenso,,,5,
modelo,2026-10-02T11:10:52,nhl,2026-10-03,Toronto Maple Leafs,Ottawa Senators,Spread -1.5,away,,0.6866,0.3055,0.3126,0.71,0.71,,consenso,,,2,
modelo,2026-10-02T11:10:52,nhl,2026-10-03,Philadelphia Flyers,Carolina Hurricanes,Ganador,away,,0.5759,0.5476,0.5536,0.6,0.6,,consenso,,,7,
modelo,2026-10-02T11:10:52,nhl,2026-10-03,Philadelphia Flyers,Carolina Hurricanes,Spread +1.5,home,,0.6402,0.6581,0.6702,1.21,-1.21,-224.0,pinnacle,,,7,
modelo,2026-10-02T11:10:52,nhl,2026-10-03,Columbus Blue Jackets,Utah Mammoth,Ganador,home,,0.5008,0.5063,0.4857,-2.06,2.06,,consenso,,,7,
modelo,2026-10-02T11:10:52,nhl,2026-10-03,Columbus Blue Jackets,Utah Mammoth,Spread -1.5,away,,0.7366,0.3115,0.299,-1.25,-1.25,224.0,pinnacle,,,7,
modelo,2026-10-02T11:10:52,nhl,2026-10-03,Edmonton Oilers,Seattle Kraken,Ganador,home,,0.6212,0.6923,0.6613,-3.1,3.1,,consenso,,,7,
modelo,2026-10-02T11:10:52,nhl,2026-10-03,Edmonton Oilers,Seattle Kraken,Total 6.5,under,,0.5629,0.5217,0.4762,-4.55,-4.55,104.0,pinnacle,,,7,
modelo,2026-10-02T14:43:18,ncaafb,2026-10-03,Clemson Tigers,Miami Hurricanes,Ganador,away,,0.6574,0.8584,0.8481,-1.03,1.03,-739.0,pinnacle,-4.59,-0.91,15,
modelo,2026-10-02T14:43:18,ncaafb,2026-10-03,Clemson Tigers,Miami Hurricanes,Total 47.5,over,,0.6495,0.5109,0.5,-1.09,-1.09,,consenso,-7.63,,6,
modelo,2026-10-02T14:43:18,ncaafb,2026-10-03,Clemson Tigers,Miami Hurricanes,Spread +16.5,home,,0.8066,0.4932,0.4932,0.0,0.0,-104.0,pinnacle,-3.71,-0.47,8,
modelo,2026-10-02T14:43:18,ncaafb,2026-10-03,Colorado Buffaloes,Texas Tech Red Raiders,Ganador,away,,0.8504,0.8152,0.8236,0.84,0.84,-590.0,pinnacle,-2.25,1.49,15,
modelo,2026-10-02T14:43:18,ncaafb,2026-10-03,Colorado Buffaloes,Texas Tech Red Raiders,Total 50.5,over,,0.6911,0.5,0.5011,0.11,0.11,,consenso,-4.34,,11,
modelo,2026-10-02T14:43:18,ncaafb,2026-10-03,Colorado Buffaloes,Texas Tech Red Raiders,Spread +13.5,home,,0.6502,0.5,0.4955,-0.45,-0.45,-105.0,pinnacle,-7.36,-4.24,4,
modelo,2026-10-02T14:43:18,ncaafb,2026-10-03,USC Trojans,Washington Huskies,Ganador,home,,0.5918,0.7539,0.7271,-2.68,2.68,-304.0,pinnacle,-7.09,-3.85,15,
modelo,2026-10-02T14:43:18,ncaafb,2026-10-03,USC Trojans,Washington Huskies,Total 58.5,over,,0.5425,0.4957,0.4947,-0.1,-0.1,,consenso,-3.42,,10,
modelo,2026-10-02T14:43:18,ncaafb,2026-10-03,Boise State Broncos,Utah State Aggies,Ganador,home,,0.874,0.8854,0.8908,0.54,-0.54,-1210.0,pinnacle,-4.32,-0.79,15,
modelo,2026-10-02T14:43:18,ncaafb,2026-10-03,Boise State Broncos,Utah State Aggies,Total 51.5,over,,0.6564,0.4978,0.4989,0.11,0.11,,consenso,-3.92,,15,
modelo,2026-10-02T14:43:18,ncaafb,2026-10-03,South Florida Bulls,Temple Owls,Ganador,home,,0.8942,0.6812,0.659,-2.22,-2.22,-213.0,pinnacle,-7.74,-4.73,15,
modelo,2026-10-02T14:43:18,ncaafb,2026-10-03,South Florida Bulls,Temple Owls,Total 48.5,over,,0.7556,0.5,0.5,0.0,0.0,,consenso,-3.7,,14,
modelo,2026-10-02T14:43:18,ncaafb,2026-10-03,South Florida Bulls,Temple Owls,Spread -6.5,home,,0.6637,0.5023,0.5023,0.0,0.0,-108.0,pinnacle,-4.92,-1.72,7,
modelo,2026-10-02T14:43:18,ncaafb,2026-10-03,Louisiana Tech Bulldogs,Army Black Knights,Ganador,away,,0.5952,0.53,0.4908,-3.92,-3.92,-102.0,pinnacle,-11.66,-9.11,15,
modelo,2026-10-02T14:43:18,ncaafb,2026-10-03,Louisiana Tech Bulldogs,Army Black Knights,Total 47.5,over,,0.5942,0.4933,0.4933,0.0,0.0,-105.0,pinnacle,-5.82,-2.22,9,
modelo,2026-10-02T14:43:18,ncaafb,2026-10-03,Louisiana Tech Bulldogs,Army Black Knights,Spread +1.5,home,,0.5483,0.4947,0.5092,1.45,1.45,-110.0,pinnacle,-0.58,2.27,13,
modelo,2026-10-02T14:43:18,nhl,2026-10-03,New York Islanders,New Jersey Devils,Ganador,home,,0.5206,0.5074,0.4397,-6.78,-6.78,,consenso,-18.77,,15,
modelo,2026-10-02T14:43:18,nhl,2026-10-03,New York Islanders,New Jersey Devils,Total 5.5,over,,0.5316,0.5631,0.5444,-1.87,1.87,,consenso,-8.78,,12,
modelo,2026-10-02T14:43:18,nhl,2026-10-03,New York Islanders,New Jersey Devils,Spread -1.5,away,,0.727,0.2917,0.3319,4.02,4.02,192.0,pinnacle,-53.95,-52.48,15,
modelo,2026-10-02T14:43:18,ncaafb,2026-10-03,LSU Tigers,McNeese Cowboys,Ganador,home,,0.9197,0.5236,0.5,-2.36,-2.36,,consenso,-49.5,,10,
modelo,2026-10-02T14:43:18,ncaafb,2026-10-03,LSU Tigers,McNeese Cowboys,Total 61.5,under,,0.6443,0.4904,0.4891,-0.13,-0.13,,consenso,-3.14,,6,
modelo,2026-10-02T14:43:18,ncaafb,2026-10-03,Rutgers Scarlet Knights,Indiana Hoosiers,Ganador,away,,0.9094,0.9235,0.9268,0.33,-0.33,-2242.0,pinnacle,-3.46,-0.28,15,
modelo,2026-10-02T14:43:18,ncaafb,2026-10-03,Rutgers Scarlet Knights,Indiana Hoosiers,Total 56.5,under,,0.5674,0.5,0.5,0.0,0.0,,consenso,-3.7,,14,
modelo,2026-10-02T14:43:18,ncaafb,2026-10-03,Louisiana Ragin' Cajuns,Arkansas State Red Wolves,Ganador,home,,0.6756,0.6863,0.6552,-3.11,3.11,-209.0,pinnacle,-7.74,-4.76,15,
modelo,2026-10-02T14:43:18,ncaafb,2026-10-03,Louisiana Ragin' Cajuns,Arkansas State Red Wolves,Total 47.5,over,,0.6809,0.5,0.5,0.0,0.0,,consenso,-6.52,,10,
modelo,2026-10-02T14:43:18,ncaafb,2026-10-03,Louisiana Ragin' Cajuns,Arkansas State Red Wolves,Spread -6.5,home,,0.5072,0.5045,0.5045,0.0,0.0,-109.0,pinnacle,-3.69,-0.43,8,
modelo,2026-10-02T14:43:18,nhl,2026-10-03,Minnesota Wild,Boston Bruins,Ganador,home,,0.5419,0.63,0.669,3.9,-3.9,,consenso,4.07,,15,
modelo,2026-10-02T14:43:18,nhl,2026-10-03,Minnesota Wild,Boston Bruins,Total 6.5,under,,0.6096,0.5526,0.5367,-1.59,-1.59,,consenso,-6.57,,5,
modelo,2026-10-02T14:43:18,nhl,2026-10-03,Nashville Predators,Dallas Stars,Ganador,away,,0.5546,0.564,0.5674,0.34,-0.34,,consenso,,,8,
modelo,2026-10-02T14:43:18,nhl,2026-10-03,Nashville Predators,Dallas Stars,Spread +1.5,home,,0.6646,0.6524,0.6609,0.85,0.85,-214.0,pinnacle,,,8,
modelo,2026-10-02T14:43:18,mlb,2026-10-03,Milwaukee Brewers,San Diego Padres,Ganador,home,,0.5893,0.6546,0.5483,-10.63,10.63,-127.0,pinnacle,-20.25,-18.62,18,
modelo,2026-10-02T14:43:18,mlb,2026-10-03,Milwaukee Brewers,San Diego Padres,Total 7.0,over,,0.5203,0.5045,0.5069,0.24,0.24,-109.0,pinnacle,-0.57,2.3,18,
modelo,2026-10-02T14:43:18,nhl,2026-10-03,Colorado Avalanche,St. Louis Blues,Ganador,home,,0.6343,0.7262,0.749,2.27,-2.27,,consenso,,,8,
modelo,2026-10-02T14:43:18,nhl,2026-10-03,Colorado Avalanche,St. Louis Blues,Total 6.5,under,,0.562,0.5468,0.526,-2.08,-2.08,-118.0,pinnacle,,,7,
modelo,2026-10-02T14:43:18,ncaafb,2026-10-03,Washington State Cougars,Fresno State Bulldogs,Ganador,away,,0.5958,0.4712,0.4645,-0.67,-0.67,109.0,pinnacle,-6.17,-3.35,15,
modelo,2026-10-02T14:43:18,ncaafb,2026-10-03,Washington State Cougars,Fresno State Bulldogs,Total 45.5,over,,0.6771,0.5,0.5,0.0,0.0,,consenso,-2.38,,12,
modelo,2026-10-02T14:43:18,nhl,2026-10-03,Vancouver Canucks,Calgary Flames,Ganador,home,,0.5521,0.5049,0.5074,0.25,0.25,,consenso,,,8,
modelo,2026-10-02T14:43:18,nhl,2026-10-03,Vancouver Canucks,Calgary Flames,Total 6.5,under,,0.6128,0.5,0.5257,2.57,2.57,-119.0,pinnacle,,,2,
modelo,2026-10-02T14:43:18,nhl,2026-10-03,Vancouver Canucks,Calgary Flames,Spread -1.5,away,,0.6887,0.2988,0.3055,0.67,0.67,,consenso,,,8,
modelo,2026-10-02T14:43:18,nhl,2026-10-03,San Jose Sharks,Los Angeles Kings,Ganador,away,,0.6168,0.4698,0.4916,2.18,2.18,,consenso,,,8,
modelo,2026-10-02T14:43:18,nhl,2026-10-03,San Jose Sharks,Los Angeles Kings,Total 6.5,under,,0.6061,0.5373,0.5325,-0.48,-0.48,,consenso,,,8,
modelo,2026-10-02T14:43:18,nhl,2026-10-03,San Jose Sharks,Los Angeles Kings,Spread +1.5,home,,0.5911,0.7012,0.6945,-0.67,0.67,,consenso,,,4,
modelo,2026-10-02T14:43:18,ncaafb,2026-10-03,Arizona State Sun Devils,Baylor Bears,Ganador,home,,0.6689,0.6216,0.5988,-2.28,-2.28,-161.0,pinnacle,-7.75,-4.97,15,
modelo,2026-10-02T14:43:18,ncaafb,2026-10-03,San Diego State Aztecs,Texas State Bobcats,Ganador,away,,0.6369,0.731,0.7623,3.13,-3.13,-376.0,pinnacle,-0.31,3.3,15,
modelo,2026-10-02T14:43:18,ncaafb,2026-10-03,San Diego State Aztecs,Texas State Bobcats,Total 57.5,under,,0.5662,0.5,0.5022,0.22,0.22,-109.0,pinnacle,-3.28,0.44,15,
modelo,2026-10-02T14:43:18,ncaafb,2026-10-03,San Diego State Aztecs,Texas State Bobcats,Spread +8.5,home,,0.6747,0.5,0.5032,0.32,0.32,,consenso,-4.75,,2,
modelo,2026-10-02T16:41:47,ncaafb,2026-10-03,Arizona Wildcats,Cincinnati Bearcats,Ganador,home,,0.7225,0.6875,0.7015,1.4,1.4,-264.0,pinnacle,-1.79,1.54,15,
modelo,2026-10-02T16:41:47,ncaafb,2026-10-03,Arizona Wildcats,Cincinnati Bearcats,Total 55.5,under,,0.5252,0.4933,0.4889,-0.44,-0.44,-103.0,pinnacle,-5.84,-2.28,8,
modelo,2026-10-02T16:41:47,ncaafb,2026-10-03,Arizona Wildcats,Cincinnati Bearcats,Spread -6.5,home,,0.5336,0.5113,0.5181,0.68,0.68,-115.0,pinnacle,-3.14,0.0,11,
modelo,2026-10-02T16:41:47,atp,2026-10-03,Valentin Vacherot,Arthur Fils,Ganador,away,,0.5627,0.7497,0.7766,2.69,-2.69,-389.0,pinnacle,,,7,
modelo,2026-10-02T16:41:47,atp,2026-10-03,Jaume Munar,Kyrian Jacquet,Ganador,home,,0.6243,0.5899,0.5775,-1.24,-1.24,-145.0,pinnacle,,,6,
modelo,2026-10-02T16:41:47,atp,2026-10-03,Hubert Hurkacz,Karen Khachanov,Ganador,home,,0.523,0.4417,0.4139,-2.78,-2.78,136.0,pinnacle,,,6,
modelo,2026-10-02T16:41:47,wta,2026-10-03,Daria Snigur,Taylah Preston,Ganador,home,,0.5194,0.6154,0.6153,-0.01,0.01,-170.0,pinnacle,,,7,
modelo,2026-10-02T16:41:47,wta,2026-10-03,Ekaterina Alexandrova,Diana Shnaider,Ganador,away,,0.5565,0.6759,0.6622,-1.37,1.37,-211.0,pinnacle,,,7,
modelo,2026-10-02T16:41:47,wta,2026-10-03,Linda Noskova,Viktorija Golubic,Ganador,home,,0.7115,0.8309,0.8605,2.96,-2.96,-762.0,pinnacle,,,7,
modelo,2026-10-02T16:41:47,wta,2026-10-03,Polina Kudermetova,Mirra Andreeva,Ganador,away,,0.872,0.8811,0.9056,2.45,-2.45,-1427.0,pinnacle,,,7,
modelo,2026-10-02T16:41:47,wta,2026-10-03,Sara Bejlek,Naomi Osaka,Ganador,away,,0.7128,0.7265,0.7347,0.82,-0.82,-304.0,pinnacle,,,8,
modelo,2026-10-02T16:41:47,wta,2026-10-03,Karolina Muchova,Liudmila Samsonova,Ganador,home,,0.6753,0.7423,0.7687,2.64,-2.64,-371.0,pinnacle,,,8,
modelo,2026-10-02T16:41:47,wta,2026-10-03,Nikola Bartunkova,Aryna Sabalenka,Ganador,away,,0.8043,0.826,0.8461,2.01,-2.01,-667.0,pinnacle,,,7,
modelo,2026-10-02T16:41:47,wta,2026-10-03,Sinja Kraus,Dayana Yastremska,Ganador,away,,0.6808,0.6782,0.7025,2.43,2.43,-257.0,pinnacle,,,7,
modelo,2026-10-02T20:41:10,kbo,2026-10-03,LG Twins,Kia Tigers,Ganador,away,,0.5313,0.4742,0.514,3.98,3.98,-117.0,pinnacle,,,12,
modelo,2026-10-02T20:41:10,kbo,2026-10-03,LG Twins,Kia Tigers,Spread +1.5,home,,0.617,0.6306,0.6058,-2.48,2.48,-174.0,pinnacle,,,8,
modelo,2026-10-02T20:41:10,kbo,2026-10-03,Samsung Lions,Doosan Bears,Ganador,home,,0.5634,0.5815,0.5564,-2.51,2.51,-140.0,pinnacle,,,12,
modelo,2026-10-02T20:41:10,kbo,2026-10-03,Samsung Lions,Doosan Bears,Spread -1.5,away,,0.5712,0.3736,0.3736,0.0,0.0,,consenso,,,1,
modelo,2026-10-02T20:41:10,kbo,2026-10-03,NC Dinos,SSG Landers,Ganador,away,,0.5059,0.4028,0.6043,20.15,20.15,-173.0,pinnacle,,,12,
modelo,2026-10-02T20:41:10,kbo,2026-10-03,NC Dinos,SSG Landers,Spread +1.5,home,,0.6368,0.5087,0.5087,0.0,0.0,-114.0,pinnacle,,,3,
modelo,2026-10-02T20:41:10,kbo,2026-10-03,Hanwha Eagles,Kiwoom Heroes,Ganador,home,,0.5827,0.5908,0.6201,2.93,-2.93,-186.0,pinnacle,,,12,
modelo,2026-10-02T20:41:10,kbo,2026-10-03,Hanwha Eagles,Kiwoom Heroes,Spread -1.5,away,,0.53,0.4337,0.4337,0.0,0.0,120.0,pinnacle,,,4,
modelo,2026-10-02T20:41:10,kbo,2026-10-04,KT Wiz,Lotte Giants,Ganador,home,,0.6215,0.5903,0.5992,0.89,0.89,-169.0,pinnacle,,,12,
modelo,2026-10-03T05:31:49Z,nfl,2026-10-04,Washington Commanders,Indianapolis Colts,Ganador,home,,0.5819,0.3526,0.3451,-0.75,-0.75,181.0,pinnacle,-6.82,-3.91,15,
modelo,2026-10-03T05:31:49Z,nfl,2026-10-04,Washington Commanders,Indianapolis Colts,Total 47.5,over,,0.5316,0.4955,0.4955,0.0,0.0,-105.0,pinnacle,-4.57,-1.36,4,
modelo,2026-10-03T05:31:49Z,nfl,2026-10-04,Washington Commanders,Indianapolis Colts,Spread +4.5,home,,0.724,0.5075,0.5069,-0.06,-0.06,-109.0,pinnacle,-5.23,-2.5,4,
modelo,2026-10-03T05:31:49Z,nfl,2026-10-04,Buffalo Bills,New England Patriots,Ganador,home,,0.6546,0.7345,0.7361,0.16,-0.16,-313.0,pinnacle,-2.26,0.64,14,
modelo,2026-10-03T05:31:49Z,nfl,2026-10-04,Buffalo Bills,New England Patriots,Total 49.5,under,,0.5838,0.491,0.5046,1.36,1.36,-108.0,pinnacle,-2.82,0.0,4,
modelo,2026-10-03T05:31:49Z,nfl,2026-10-04,Chicago Bears,New York Jets,Ganador,home,,0.7748,0.6371,0.6306,-0.65,-0.65,-183.0,pinnacle,-2.85,-0.38,14,
modelo,2026-10-03T05:31:49Z,nfl,2026-10-04,Chicago Bears,New York Jets,Total 43.5,over,,0.5316,0.4951,0.4951,0.0,0.0,,consenso,-0.98,,1,
modelo,2026-10-03T05:31:49Z,nfl,2026-10-04,Cincinnati Bengals,Jacksonville Jaguars,Ganador,away,,0.5296,0.4114,0.426,1.46,1.46,129.0,pinnacle,-6.28,-3.93,14,
modelo,2026-10-03T05:31:49Z,nfl,2026-10-04,Cincinnati Bengals,Jacksonville Jaguars,Total 51.5,under,,0.6063,0.5,0.5005,0.05,0.05,,consenso,-7.53,,14,
modelo,2026-10-03T05:31:49Z,nfl,2026-10-04,New York Giants,Arizona Cardinals,Ganador,home,,0.5863,0.4204,0.4452,2.48,2.48,119.0,pinnacle,-2.06,0.46,14,
modelo,2026-10-03T05:31:49Z,nfl,2026-10-04,New York Giants,Arizona Cardinals,Total 44.5,over,,0.5342,0.491,0.4817,-0.93,-0.93,102.0,pinnacle,-7.23,-4.66,14,
modelo,2026-10-03T05:31:49Z,nfl,2026-10-04,New York Giants,Arizona Cardinals,Spread +2.5,home,,0.6747,0.4718,0.507,3.52,3.52,-108.0,pinnacle,-2.36,0.0,14,
modelo,2026-10-03T05:31:49Z,nfl,2026-10-04,Philadelphia Eagles,Los Angeles Rams,Ganador,home,,0.5139,0.3672,0.3663,-0.09,-0.09,166.0,pinnacle,-6.96,-4.51,14,
modelo,2026-10-03T05:31:49Z,nfl,2026-10-04,Philadelphia Eagles,Los Angeles Rams,Total 42.5,over,,0.6421,0.5043,0.5072,0.29,0.29,,consenso,-3.99,,13,
modelo,2026-10-03T05:31:49Z,nfl,2026-10-04,Philadelphia Eagles,Los Angeles Rams,Spread +3.5,home,,0.6313,0.4977,0.5,0.23,0.23,-105.0,pinnacle,-3.7,-1.36,14,
modelo,2026-10-03T05:31:49Z,nfl,2026-10-04,Tampa Bay Buccaneers,Green Bay Packers,Ganador,home,,0.5033,0.3771,0.4083,3.12,3.12,139.0,pinnacle,0.03,2.51,14,
modelo,2026-10-03T05:31:49Z,nfl,2026-10-04,Tampa Bay Buccaneers,Green Bay Packers,Total 39.5,over,,0.7119,0.4932,0.4809,-1.23,-1.23,101.0,pinnacle,-6.11,-2.87,6,
modelo,2026-10-03T05:31:49Z,nfl,2026-10-04,Tampa Bay Buccaneers,Green Bay Packers,Spread +3,home,,0.6059,0.4892,0.5173,2.81,2.81,-113.0,pinnacle,2.45,5.06,5,
modelo,2026-10-03T05:31:49Z,nfl,2026-10-04,Baltimore Ravens,Tennessee Titans,Ganador,home,,0.8251,0.8406,0.8527,1.21,-1.21,-733.0,pinnacle,-2.1,1.03,14,
modelo,2026-10-03T05:31:49Z,nfl,2026-10-04,Baltimore Ravens,Tennessee Titans,Total 42.5,over,,0.5854,0.4977,0.4885,-0.92,-0.92,-101.0,pinnacle,-5.92,-3.22,14,
modelo,2026-10-03T05:31:49Z,nfl,2026-10-04,Houston Texans,Dallas Cowboys,Ganador,home,,0.6771,0.5796,0.581,0.14,0.14,-147.0,pinnacle,-6.04,-3.75,14,
modelo,2026-10-03T05:31:49Z,nfl,2026-10-04,Houston Texans,Dallas Cowboys,Total 48.5,under,,0.5219,0.5,0.5,0.0,0.0,,consenso,-6.52,,6,
modelo,2026-10-03T05:31:49Z,nhl,2026-10-04,Detroit Red Wings,Winnipeg Jets,Ganador,away,,0.5246,0.4695,0.5055,3.6,3.6,,consenso,,,6,
modelo,2026-10-03T05:31:49Z,nhl,2026-10-04,Detroit Red Wings,Winnipeg Jets,Spread +1.5,home,,0.7024,0.7012,0.7101,0.89,0.89,-275.0,pinnacle,,,4,
modelo,2026-10-03T10:38:54Z,atp,2026-10-03,Carlos Alcaraz,Denis Shapovalov,Ganador,home,,0.7865,0.8727,0.8627,-1.0,1.0,-778.0,pinnacle,,,4,
modelo,2026-10-03T10:38:54Z,atp,2026-10-04,Alex de Minaur,Andrey Rublev,Ganador,home,,0.5741,0.5325,0.5238,-0.87,-0.87,-117.0,pinnacle,,,4,
modelo,2026-10-03T10:38:54Z,mlb,2026-10-04,Milwaukee Brewers,San Diego Padres,Ganador,home,,0.5893,0.635,0.5483,-8.67,8.67,-127.0,pinnacle,-15.21,-13.48,18,
modelo,2026-10-03T10:38:54Z,mlb,2026-10-04,Milwaukee Brewers,San Diego Padres,Total 7.0,over,,0.5203,0.4887,0.5069,1.82,1.82,-109.0,pinnacle,0.39,3.28,18,
modelo,2026-10-03T10:38:54Z,nfl,2026-10-04,Minnesota Vikings,Miami Dolphins,Ganador,home,,0.7911,0.8259,0.8076,-1.83,1.83,-499.0,pinnacle,-4.56,-1.55,14,
modelo,2026-10-03T10:38:54Z,nfl,2026-10-04,Minnesota Vikings,Miami Dolphins,Total 38.5,over,,0.7263,0.4977,0.4977,0.0,0.0,-105.0,pinnacle,-4.98,-2.22,14,
modelo,2026-10-03T10:38:54Z,nfl,2026-10-04,Las Vegas Raiders,Kansas City Chiefs,Ganador,away,,0.6296,0.6674,0.6701,0.27,-0.27,-221.0,pinnacle,-2.25,0.43,14,
modelo,2026-10-03T10:38:54Z,nfl,2026-10-04,Las Vegas Raiders,Kansas City Chiefs,Total 47.5,under,,0.543,0.4978,0.5,0.22,0.22,,consenso,-2.38,,13,
modelo,2026-10-03T10:38:54Z,nfl,2026-10-04,Las Vegas Raiders,Kansas City Chiefs,Spread +4.5,home,,0.5091,0.5,0.4884,-1.16,-1.16,100.0,pinnacle,-5.94,-3.7,8,
modelo,2026-10-03T10:38:54Z,nfl,2026-10-04,San Francisco 49ers,Denver Broncos,Ganador,home,,0.5452,0.5701,0.6069,3.68,-3.68,-165.0,pinnacle,1.7,4.33,14,
modelo,2026-10-03T10:38:54Z,nfl,2026-10-04,San Francisco 49ers,Denver Broncos,Total 47.5,under,,0.5737,0.4947,0.4947,0.0,0.0,,consenso,-3.42,,1,
modelo,2026-10-03T10:38:54Z,nfl,2026-10-04,Seattle Seahawks,Los Angeles Chargers,Ganador,home,,0.8301,0.7458,0.7389,-0.69,-0.69,-318.0,pinnacle,-6.41,-3.64,14,
modelo,2026-10-03T10:38:54Z,nfl,2026-10-04,Seattle Seahawks,Los Angeles Chargers,Total 42.5,over,,0.6196,0.5108,0.5108,0.0,0.0,,consenso,-5.63,,11,
modelo,2026-10-03T10:38:54Z,nfl,2026-10-04,Seattle Seahawks,Los Angeles Chargers,Spread -7,home,,0.6922,0.5108,0.5108,0.0,0.0,,consenso,-4.5,,13,
modelo,2026-10-03T10:38:54Z,nhl,2026-10-04,New York Rangers,Utah Mammoth,Ganador,home,,0.5493,0.5435,0.5409,-0.27,-0.27,,consenso,,,7,
modelo,2026-10-03T11:52:56Z,atp,2026-10-04,Jiri Lehecka,Adolfo Daniel Vallejo,Ganador,home,,0.6253,0.7019,0.7047,0.28,-0.28,-264.0,pinnacle,,,4,
modelo,2026-10-03T16:35:05Z,kbo,2026-10-03,LG Twins,Kia Tigers,Total 10.0,under,,0.6056,0.5,0.5087,0.87,0.87,-114.0,pinnacle,-2.88,1.7,4,
modelo,2026-10-03T16:35:05Z,kbo,2026-10-03,Samsung Lions,Doosan Bears,Total 9.0,under,,0.5864,0.4892,0.4892,0.0,0.0,,consenso,-4.49,,4,
modelo,2026-10-03T16:35:05Z,kbo,2026-10-03,NC Dinos,SSG Landers,Total 9.5,over,,0.5111,0.4968,0.4977,0.09,0.09,,consenso,-2.37,,9,
modelo,2026-10-03T16:35:05Z,kbo,2026-10-03,Hanwha Eagles,Kiwoom Heroes,Total 10.0,under,,0.5533,0.5087,0.5087,0.0,0.0,-114.0,pinnacle,-3.71,0.83,4,
modelo,2026-10-03T16:35:05Z,kbo,2026-10-04,KT Wiz,Lotte Giants,Total 9.5,under,,0.5235,0.4907,0.4895,-0.12,-0.12,,consenso,-3.06,,4,
modelo,2026-10-03T16:35:05Z,atp,2026-10-04,Daniil Medvedev,Francisco Cerundolo,Ganador,home,,0.6754,0.6805,0.6973,1.68,-1.68,-254.0,pinnacle,-0.47,2.41,4,
modelo,2026-10-03T16:35:05Z,atp,2026-10-04,Alexander Zverev,Novak Djokovic,Ganador,away,,0.6282,0.2714,0.2949,2.35,2.35,231.0,pinnacle,9.11,11.78,5,
modelo,2026-10-03T16:35:05Z,mlb,2026-10-04,Los Angeles Dodgers,Atlanta Braves,Ganador,home,,0.5867,0.6671,0.6782,1.11,-1.11,-226.0,pinnacle,,,17,
modelo,2026-10-03T16:35:05Z,nhl,2026-10-04,Anaheim Ducks,Florida Panthers,Ganador,away,,0.5804,0.5285,0.5615,3.3,3.3,,consenso,-0.66,,14,
modelo,2026-10-03T16:35:05Z,nhl,2026-10-04,Anaheim Ducks,Florida Panthers,Total 6.5,under,,0.5903,0.4892,0.4839,-0.53,-0.53,101.0,pinnacle,-4.17,-1.47,14,
modelo,2026-10-03T16:35:05Z,nhl,2026-10-04,Anaheim Ducks,Florida Panthers,Spread +1.5,home,,0.6334,0.6636,0.6681,0.45,-0.45,-222.0,pinnacle,-3.5,-0.41,9,
modelo,2026-10-03T16:35:05Z,nhl,2026-10-04,Seattle Kraken,Calgary Flames,Ganador,home,,0.5455,0.5542,0.5978,4.36,-4.36,,consenso,4.06,,14,
modelo,2026-10-03T16:35:05Z,nhl,2026-10-04,Seattle Kraken,Calgary Flames,Total 5.5,over,,0.5038,0.5,0.5217,2.17,2.17,,consenso,-0.4,,14,
modelo,2026-10-03T16:35:05Z,nfl,2026-10-04,Carolina Panthers,Detroit Lions,Ganador,away,,0.6526,0.6438,0.6618,1.8,1.8,-212.0,pinnacle,2.95,5.7,14,
modelo,2026-10-03T16:35:05Z,nhl,2026-10-04,Vancouver Canucks,Vegas Golden Knights,Ganador,away,,0.5341,0.6676,0.7534,8.59,-8.59,,consenso,8.1,,8,
modelo,2026-10-03T16:35:05Z,nhl,2026-10-04,Vancouver Canucks,Vegas Golden Knights,Total 6.5,under,,0.581,0.5149,0.5294,1.45,1.45,,consenso,-1.03,,7,
modelo,2026-10-03T16:35:05Z,nhl,2026-10-04,Vancouver Canucks,Vegas Golden Knights,Spread +1.5,home,,0.6872,0.5325,0.5023,-3.02,-3.02,-107.0,pinnacle,-9.59,-6.96,8,
modelo,2026-10-03T16:35:05Z,wta,2026-10-04,Marie Bouzkova,Zheng Qinwen,Ganador,away,,0.6164,0.5432,0.5719,2.87,2.87,-143.0,pinnacle,4.07,7.08,8,
modelo,2026-10-03T16:35:05Z,wta,2026-10-04,Alina Charaeva,Sonay Kartal,Ganador,away,,0.6547,0.6124,0.6438,3.14,3.14,-196.0,pinnacle,3.16,6.11,8,
modelo,2026-10-03T16:35:05Z,wta,2026-10-04,Belinda Bencic,Ann Li,Ganador,home,,0.6275,0.6581,0.699,4.09,-4.09,-256.0,pinnacle,2.11,5.05,8,
modelo,2026-10-03T16:35:05Z,wta,2026-10-04,Iva Jovic,Kamilla Rakhimova,Ganador,home,,0.7596,0.7845,0.7882,0.37,-0.37,-429.0,pinnacle,-2.89,-0.09,8,
modelo,2026-10-03T16:35:05Z,wta,2026-10-04,Jelena Ostapenko,Elise Mertens,Ganador,away,,0.6171,0.6173,0.6275,1.02,-1.02,-180.0,pinnacle,-0.77,1.66,8,
modelo,2026-10-03T16:35:05Z,wta,2026-10-04,Maria Sakkari,Elina Svitolina,Ganador,away,,0.6253,0.7046,0.743,3.84,-3.84,-325.0,pinnacle,1.32,4.28,8,
modelo,2026-10-03T16:35:05Z,wta,2026-10-04,Donna Vekic,Iga Swiatek,Ganador,away,,0.8911,0.8693,0.8787,0.94,0.94,-1001.0,pinnacle,-2.37,1.02,8,
modelo,2026-10-03T17:38:32Z,kbo,2026-10-04,LG Twins,Kia Tigers,Ganador,away,,0.5346,0.4588,0.514,5.52,5.52,-117.0,pinnacle,,,12,
modelo,2026-10-03T17:38:32Z,kbo,2026-10-04,LG Twins,Kia Tigers,Spread +1.5,home,,0.6133,0.6306,0.6058,-2.48,2.48,-174.0,pinnacle,,,8,
modelo,2026-10-03T17:38:32Z,kbo,2026-10-04,Samsung Lions,Doosan Bears,Ganador,home,,0.5692,0.5392,0.5564,1.72,1.72,-140.0,pinnacle,,,12,
modelo,2026-10-03T17:38:32Z,kbo,2026-10-04,Samsung Lions,Doosan Bears,Spread -1.5,away,,0.5653,0.3736,0.3736,0.0,0.0,,consenso,,,1,
modelo,2026-10-03T17:38:32Z,kbo,2026-10-04,NC Dinos,SSG Landers,Ganador,home,,0.5111,0.5321,0.3957,-13.64,13.64,141.0,pinnacle,,,12,
modelo,2026-10-03T17:38:32Z,kbo,2026-10-04,NC Dinos,SSG Landers,Spread -1.5,away,,0.6077,0.4913,0.4913,0.0,0.0,-106.0,pinnacle,,,3,
modelo,2026-10-03T17:38:32Z,kbo,2026-10-04,Hanwha Eagles,Kiwoom Heroes,Ganador,home,,0.5693,0.4629,0.6201,15.72,15.72,-186.0,pinnacle,,,12,
modelo,2026-10-03T17:38:32Z,kbo,2026-10-04,Hanwha Eagles,Kiwoom Heroes,Spread -1.5,away,,0.5447,0.4337,0.4337,0.0,0.0,120.0,pinnacle,,,4,
modelo,2026-10-03T23:13:03Z,mlb,2026-10-04,Los Angeles Dodgers,Atlanta Braves,Total 7.0,under,,0.5207,0.5,0.5069,0.69,0.69,-109.0,pinnacle,-6.71,-4.02,3,
modelo,2026-10-04T10:00:10Z,atp,2026-10-05,Carlos Alcaraz,Jaume Munar,Ganador,home,,0.8474,0.8756,0.8583,-1.73,1.73,-775.0,pinnacle,-5.29,-2.27,4,
modelo,2026-10-04T10:00:10Z,atp,2026-10-05,Alex de Minaur,Hubert Hurkacz,Ganador,home,,0.5775,0.6023,0.5417,-6.06,6.06,-126.0,pinnacle,-13.97,-11.45,4,
modelo,2026-10-04T10:00:10Z,mlb,2026-10-05,Cleveland Guardians,Chicago White Sox,Ganador,home,,0.5301,0.5867,0.5851,-0.16,0.16,-150.0,pinnacle,-5.15,-2.73,20,
modelo,2026-10-04T10:00:10Z,mlb,2026-10-05,Cleveland Guardians,Chicago White Sox,Total 6.5,over,,0.5963,0.531,0.531,0.0,0.0,-122.0,pinnacle,-3.38,0.0,8,
modelo,2026-10-04T11:20:35Z,atp,2026-10-05,Jiri Lehecka,Valentin Vacherot,Ganador,home,,0.5207,0.6346,0.6518,1.72,-1.72,-204.0,pinnacle,,,3,
modelo,2026-10-04T11:20:35Z,nhl,2026-10-05,Tampa Bay Lightning,Philadelphia Flyers,Ganador,home,,0.6398,0.6322,0.6572,2.5,2.5,,consenso,,,2,
modelo,2026-10-04T15:29:45Z,kbo,2026-10-04,LG Twins,Kia Tigers,Total 8.0,over,,0.5326,0.5,0.5,0.0,0.0,-110.0,pinnacle,-4.55,0.0,3,
modelo,2026-10-04T15:29:45Z,kbo,2026-10-04,Samsung Lions,Doosan Bears,Total 9.5,under,,0.5846,0.5152,0.5152,0.0,0.0,-117.0,pinnacle,-2.07,2.49,3,
modelo,2026-10-04T15:29:45Z,kbo,2026-10-04,NC Dinos,SSG Landers,Total 9.0,over,,0.5093,0.5,0.5,0.0,0.0,-110.0,pinnacle,-4.55,0.0,3,
modelo,2026-10-04T15:29:45Z,kbo,2026-10-04,Hanwha Eagles,Kiwoom Heroes,Total 11.0,under,,0.6128,0.5152,0.5108,-0.44,-0.44,-115.0,pinnacle,-4.5,0.0,3,
modelo,2026-10-04T15:29:45Z,atp,2026-10-05,Novak Djokovic,Daniil Medvedev,Ganador,home,,0.6688,0.417,0.4372,2.02,2.02,122.0,pinnacle,1.43,4.5,3,
modelo,2026-10-04T15:29:45Z,nhl,2026-10-05,Boston Bruins,Ottawa Senators,Ganador,home,,0.5407,0.5178,0.4932,-2.46,-2.46,,consenso,,,2,
modelo,2026-10-04T15:29:45Z,nhl,2026-10-05,Boston Bruins,Ottawa Senators,Spread -1.5,away,,0.7014,0.2823,0.293,1.07,1.07,229.0,pinnacle,,,2,
modelo,2026-10-04T15:29:45Z,nhl,2026-10-05,Pittsburgh Penguins,Winnipeg Jets,Ganador,away,,0.5154,0.3745,0.3745,-0.0,-0.0,,consenso,,,2,
modelo,2026-10-04T15:29:45Z,nhl,2026-10-05,Pittsburgh Penguins,Winnipeg Jets,Total 6.5,under,,0.5894,0.5236,0.5217,-0.19,-0.19,,consenso,,,2,
modelo,2026-10-04T15:29:45Z,mlb,2026-10-05,Tampa Bay Rays,New York Yankees,Ganador,home,,0.5191,0.4652,0.4652,0.0,0.0,110.0,pinnacle,-2.77,-0.48,19,
modelo,2026-10-04T15:29:45Z,mlb,2026-10-05,Tampa Bay Rays,New York Yankees,Total 6.5,over,,0.5453,0.5045,0.5045,0.0,0.0,-109.0,pinnacle,-5.68,-2.5,5,
modelo,2026-10-04T15:29:45Z,mlb,2026-10-05,Tampa Bay Rays,New York Yankees,Spread +1.5,home,,0.6746,0.612,0.612,0.0,0.0,-171.0,pinnacle,-3.01,0.0,11,
modelo,2026-10-04T15:29:45Z,nhl,2026-10-05,Dallas Stars,San Jose Sharks,Ganador,home,,0.7317,0.6113,0.6094,-0.19,-0.19,,consenso,,,2,
modelo,2026-10-04T15:29:45Z,nhl,2026-10-05,Dallas Stars,San Jose Sharks,Total 6.5,under,,0.519,0.5325,0.5191,-1.34,1.34,-116.0,pinnacle,,,2,
modelo,2026-10-04T15:29:45Z,nfl,2026-10-05,New Orleans Saints,Atlanta Falcons,Ganador,home,,0.5061,0.5355,0.5355,0.0,-0.0,-123.0,pinnacle,-5.26,-2.41,8,
modelo,2026-10-04T15:29:45Z,nfl,2026-10-05,New Orleans Saints,Atlanta Falcons,Total 47.5,under,,0.5772,0.4978,0.4975,-0.03,-0.03,,consenso,-2.87,,6,
modelo,2026-10-04T17:52:48Z,wta,2026-10-05,Daria Snigur,Mirra Andreeva,Ganador,away,,0.7641,0.83,0.8279,-0.21,0.21,,consenso,-3.41,,4,
modelo,2026-10-04T17:52:48Z,wta,2026-10-05,Linda Noskova,Ekaterina Alexandrova,Ganador,home,,0.5673,0.7277,0.727,-0.07,0.07,,consenso,-0.86,,4,
modelo,2026-10-04T17:52:48Z,wta,2026-10-05,Sinja Kraus,Nikola Bartunkova,Ganador,away,,0.726,0.8061,0.7979,-0.82,0.82,-447.0,pinnacle,-4.66,-2.35,5,
modelo,2026-10-04T17:52:48Z,wta,2026-10-05,Karolina Muchova,Naomi Osaka,Ganador,home,,0.5278,0.5705,0.5661,-0.44,0.44,-138.0,pinnacle,,,3,
modelo,2026-10-04T22:33:49Z,kbo,2026-10-06,LG Twins,NC Dinos,Ganador,home,,0.5438,0.5903,0.6058,1.55,-1.55,-174.0,pinnacle,,,2,
modelo,2026-10-04T22:33:49Z,kbo,2026-10-06,Lotte Giants,Doosan Bears,Ganador,away,,0.5623,0.6173,0.6417,2.44,-2.44,-206.0,pinnacle,,,2,
modelo,2026-10-04T22:33:49Z,kbo,2026-10-06,Lotte Giants,Doosan Bears,Spread +1.5,home,,0.5948,0.4892,0.47,-1.92,-1.92,103.0,pinnacle,,,2,
modelo,2026-10-04T22:33:49Z,kbo,2026-10-06,Kia Tigers,Samsung Lions,Ganador,away,,0.5217,0.4284,0.4162,-1.22,-1.22,129.0,pinnacle,,,2,
modelo,2026-10-04T22:33:49Z,kbo,2026-10-06,Hanwha Eagles,SSG Landers,Ganador,away,,0.5368,0.3785,0.3785,0.0,0.0,152.0,pinnacle,,,2,
modelo,2026-10-04T22:33:49Z,kbo,2026-10-06,Kiwoom Heroes,KT Wiz,Ganador,away,,0.6914,0.688,0.7089,2.09,2.09,-292.0,pinnacle,,,2,
modelo,2026-10-06T00:34:09Z,atp,2026-10-06,Carlos Alcaraz,Jiri Lehecka,Ganador,home,,0.7738,0.7559,0.7559,0.0,0.0,-351.0,pinnacle,,,1,
modelo,2026-10-06T00:34:09Z,kbo,2026-10-06,LG Twins,NC Dinos,Total 9.5,under,,0.5135,0.4832,0.4832,0.0,0.0,,consenso,-2.39,,1,
modelo,2026-10-06T00:34:09Z,kbo,2026-10-06,Lotte Giants,Doosan Bears,Total 9.5,under,,0.6045,0.5065,0.5392,3.27,3.27,-130.0,pinnacle,3.39,8.38,2,
modelo,2026-10-06T00:34:09Z,kbo,2026-10-06,Kia Tigers,Samsung Lions,Total 10.5,under,,0.5993,0.5101,0.5094,-0.07,-0.07,,consenso,-2.33,,2,
modelo,2026-10-06T00:34:09Z,kbo,2026-10-06,Hanwha Eagles,SSG Landers,Total 9.5,over,,0.5728,0.5152,0.5152,0.0,0.0,-117.0,pinnacle,-1.64,2.93,2,
modelo,2026-10-06T00:34:09Z,kbo,2026-10-06,Kiwoom Heroes,KT Wiz,Total 8.0,over,,0.5215,0.5087,0.5087,0.0,0.0,-114.0,pinnacle,-3.71,0.83,1,
modelo,2026-10-06T00:34:09Z,atp,2026-10-06,Novak Djokovic,Alex de Minaur,Ganador,home,,0.6581,0.6248,0.6248,0.0,0.0,-180.0,pinnacle,,,1,
modelo,2026-10-06T00:34:09Z,mlb,2026-10-06,Atlanta Braves,Los Angeles Dodgers,Ganador,away,,0.5164,0.5,0.5814,8.14,8.14,-146.0,pinnacle,11.97,14.3,8,
modelo,2026-10-06T00:34:09Z,mlb,2026-10-06,Atlanta Braves,Los Angeles Dodgers,Total 6.0,over,,0.5613,0.5191,0.5171,-0.2,-0.2,-114.0,pinnacle,-3.32,-0.41,3,
modelo,2026-10-06T00:34:09Z,mlb,2026-10-06,Atlanta Braves,Los Angeles Dodgers,Spread +1.5,home,,0.6336,0.6413,0.5586,-8.27,8.27,-134.0,pinnacle,-15.64,-13.52,8,
modelo,2026-10-06T00:34:09Z,nhl,2026-10-06,Montreal Canadiens,Carolina Hurricanes,Ganador,away,,0.6945,0.5238,0.5379,1.41,1.41,-123.0,pinnacle,-3.18,-0.72,9,
modelo,2026-10-06T00:34:09Z,nhl,2026-10-06,Montreal Canadiens,Carolina Hurricanes,Total 6.5,under,,0.5461,0.5235,0.5332,0.97,0.97,,consenso,-2.25,,7,
modelo,2026-10-06T00:34:09Z,nhl,2026-10-06,Montreal Canadiens,Carolina Hurricanes,Spread +1.5,home,,0.6509,0.687,0.677,-1.0,1.0,-232.0,pinnacle,-5.22,-2.17,7,
modelo,2026-10-06T00:34:09Z,nhl,2026-10-06,Toronto Maple Leafs,Nashville Predators,Ganador,home,,0.5538,0.592,0.5907,-0.13,0.13,-154.0,pinnacle,-2.82,-0.25,5,
modelo,2026-10-06T00:34:09Z,nhl,2026-10-06,Detroit Red Wings,Ottawa Senators,Ganador,home,,0.5228,0.4979,0.5173,1.94,1.94,-113.0,pinnacle,-3.29,-0.82,5,
modelo,2026-10-06T00:34:09Z,nhl,2026-10-06,Detroit Red Wings,Ottawa Senators,Total 5.5,over,,0.5894,0.5514,0.5483,-0.31,-0.31,,consenso,-6.56,,2,
modelo,2026-10-06T00:34:09Z,nhl,2026-10-06,Detroit Red Wings,Ottawa Senators,Spread +1.5,home,,0.7208,0.7002,0.7114,1.12,1.12,,consenso,-2.51,,4,
modelo,2026-10-06T00:34:09Z,nhl,2026-10-06,New Jersey Devils,Utah Mammoth,Ganador,home,,0.5258,0.5441,0.5262,-1.79,1.79,-117.0,pinnacle,-6.9,-4.61,5,
modelo,2026-10-06T00:34:09Z,nhl,2026-10-06,New Jersey Devils,Utah Mammoth,Total 5.5,over,,0.5708,0.5427,0.5427,0.0,0.0,,consenso,-5.53,,1,
modelo,2026-10-06T00:34:09Z,nhl,2026-10-06,Buffalo Sabres,Minnesota Wild,Ganador,home,,0.5722,0.498,0.4954,-0.26,-0.26,-103.0,pinnacle,-6.23,-3.96,5,
modelo,2026-10-06T00:34:09Z,nhl,2026-10-06,Buffalo Sabres,Minnesota Wild,Total 6.5,under,,0.5376,0.5203,0.5216,0.13,0.13,-116.0,pinnacle,-5.09,-2.28,5,
modelo,2026-10-06T00:34:09Z,nhl,2026-10-06,Buffalo Sabres,Minnesota Wild,Spread +1.5,home,,0.7473,0.7063,0.7041,-0.22,-0.22,-267.0,pinnacle,-3.51,-0.3,5,
modelo,2026-10-06T00:34:09Z,nhl,2026-10-06,New York Rangers,New York Islanders,Ganador,home,,0.573,0.5844,0.5949,1.05,-1.05,-156.0,pinnacle,-0.31,2.11,6,
modelo,2026-10-06T00:34:09Z,nhl,2026-10-06,New York Rangers,New York Islanders,Total 5.5,over,,0.5449,0.5203,0.5282,0.79,0.79,-119.0,pinnacle,-3.16,-0.38,6,
modelo,2026-10-06T00:34:09Z,nhl,2026-10-06,Chicago Blackhawks,St. Louis Blues,Ganador,away,,0.5713,0.5467,0.5723,2.56,2.56,-142.0,pinnacle,-0.38,2.14,9,
modelo,2026-10-06T00:34:09Z,nhl,2026-10-06,Chicago Blackhawks,St. Louis Blues,Total 5.5,over,,0.5219,0.5146,0.5236,0.9,0.9,,consenso,-2.11,,9,
modelo,2026-10-06T00:34:09Z,nhl,2026-10-06,Chicago Blackhawks,St. Louis Blues,Spread +1.5,home,,0.6432,0.6754,0.6575,-1.79,1.79,-211.0,pinnacle,-5.66,-2.66,6,
modelo,2026-10-06T00:34:09Z,mls,2026-10-06,Chicago Fire FC,Vancouver Whitecaps,Ganador,home,,0.3683,0.3462,0.318,-2.82,-2.82,204.0,pinnacle,-12.55,-9.54,5,
modelo,2026-10-06T00:34:09Z,mls,2026-10-06,Chicago Fire FC,Vancouver Whitecaps,Total 3.5,under,,0.6617,0.5493,0.5148,-3.45,-3.45,-113.0,pinnacle,-13.02,-10.36,5,
modelo,2026-10-06T00:34:09Z,nhl,2026-10-06,Seattle Kraken,Vegas Golden Knights,Ganador,away,,0.5838,0.6151,0.6069,-0.82,0.82,-165.0,pinnacle,-3.61,-1.11,6,
modelo,2026-10-06T00:34:09Z,nhl,2026-10-06,Seattle Kraken,Vegas Golden Knights,Spread +1.5,home,,0.6976,0.615,0.6178,0.28,0.28,-175.0,pinnacle,-2.92,0.0,6,
modelo,2026-10-06T00:34:09Z,mlb,2026-10-06,San Diego Padres,Milwaukee Brewers,Total 7.0,over,,0.5123,0.5213,0.5216,0.03,-0.03,-116.0,pinnacle,-3.26,-0.4,3,
modelo,2026-10-06T00:34:09Z,nhl,2026-10-06,Los Angeles Kings,Florida Panthers,Ganador,away,,0.5463,0.5255,0.5196,-0.59,-0.59,-114.0,pinnacle,-6.47,-4.11,9,
modelo,2026-10-06T00:34:09Z,nhl,2026-10-06,Los Angeles Kings,Florida Panthers,Total 5.5,over,,0.544,0.5261,0.5427,1.66,1.66,,consenso,-1.25,,9,
modelo,2026-10-06T00:34:09Z,nhl,2026-10-06,Los Angeles Kings,Florida Panthers,Spread +1.5,home,,0.6803,0.6958,0.6982,0.24,-0.24,-258.0,pinnacle,-3.83,-0.74,7,
modelo,2026-10-06T00:34:09Z,atp,2026-10-06,Zhang Zhizhen,Tomas Machac,Ganador,away,,0.6293,0.6782,0.6921,1.39,-1.39,-252.0,pinnacle,,,2,
modelo,2026-10-06T00:34:09Z,atp,2026-10-06,Aleksandar Kovacevic,Matteo Berrettini,Ganador,away,,0.6941,0.6714,0.6445,-2.69,-2.69,-200.0,pinnacle,,,2,
modelo,2026-10-06T00:34:09Z,atp,2026-10-06,Arthur Fery,Marin Cilic,Ganador,away,,0.6614,0.4493,0.3971,-5.22,-5.22,145.0,pinnacle,,,4,
modelo,2026-10-06T00:34:09Z,atp,2026-10-06,Yannick Hanfmann,Kamil Majchrzak,Ganador,home,,0.5334,0.4152,0.378,-3.72,-3.72,156.0,pinnacle,,,2,
modelo,2026-10-06T00:34:09Z,atp,2026-10-06,Arthur Gea,Jaime Faria,Ganador,home,,0.6355,0.6176,0.6116,-0.6,-0.6,-172.0,pinnacle,,,2,
modelo,2026-10-06T00:34:09Z,atp,2026-10-06,Holger Rune,Daniel Altmaier,Ganador,home,,0.7475,0.6782,0.6442,-3.4,-3.4,-197.0,pinnacle,,,4,
modelo,2026-10-06T00:34:09Z,atp,2026-10-06,Sho Shimabukuro,Miomir Kecmanovic,Ganador,away,,0.7053,0.6333,0.6799,4.66,4.66,-237.0,pinnacle,,,2,
modelo,2026-10-06T00:34:09Z,wta,2026-10-06,Iva Jovic,Iga Swiatek,Ganador,away,,0.7834,0.6401,0.6463,0.62,0.62,-196.0,pinnacle,,,2,
modelo,2026-10-06T00:34:09Z,wta,2026-10-06,Coco Gauff,Elise Mertens,Ganador,home,,0.6668,0.774,0.7681,-0.59,0.59,-369.0,pinnacle,,,2,
modelo,2026-10-06T00:34:09Z,wta,2026-10-06,Ann Li,Elina Svitolina,Ganador,away,,0.6668,0.7541,0.7354,-1.87,1.87,-305.0,pinnacle,,,4,
modelo,2026-10-06T00:34:09Z,wta,2026-10-06,Alina Charaeva,Zheng Qinwen,Ganador,away,,0.7492,0.7681,0.7534,-1.47,1.47,-338.0,pinnacle,,,3,
modelo,2026-10-06T00:34:09Z,kbo,2026-10-07,LG Twins,Doosan Bears,Ganador,away,,0.5388,0.4436,0.4493,0.57,0.57,112.0,pinnacle,,,4,
modelo,2026-10-06T00:34:09Z,kbo,2026-10-07,Lotte Giants,Kia Tigers,Ganador,away,,0.5799,0.6126,0.6388,2.62,-2.62,-203.0,pinnacle,,,4,
modelo,2026-10-06T00:34:09Z,kbo,2026-10-07,Lotte Giants,Kia Tigers,Spread +1.5,home,,0.5677,0.47,0.4455,-2.45,-2.45,114.0,pinnacle,,,4,
modelo,2026-10-06T00:34:09Z,kbo,2026-10-07,SSG Landers,NC Dinos,Ganador,home,,0.53,0.544,0.5798,3.58,-3.58,-155.0,pinnacle,,,4,
modelo,2026-10-06T00:34:09Z,kbo,2026-10-07,KT Wiz,Samsung Lions,Ganador,home,,0.5288,0.5,0.5075,0.75,0.75,-114.0,pinnacle,,,4,
modelo,2026-10-06T00:34:09Z,kbo,2026-10-07,KT Wiz,Samsung Lions,Spread -1.5,away,,0.5948,0.3974,0.3894,-0.8,-0.8,,consenso,,,4,
modelo,2026-10-06T00:34:09Z,kbo,2026-10-07,Kiwoom Heroes,Hanwha Eagles,Ganador,away,,0.5529,0.5992,0.6043,0.51,-0.51,-173.0,pinnacle,,,4,
modelo,2026-10-06T00:34:09Z,kbo,2026-10-07,Kiwoom Heroes,Hanwha Eagles,Spread +1.5,home,,0.587,0.527,0.5174,-0.96,-0.96,-118.0,pinnacle,,,4,
modelo,2026-10-06T12:26:41Z,mlb,2026-10-07,Atlanta Braves,Los Angeles Dodgers,Ganador,away,,0.5164,0.5094,0.5814,7.2,7.2,-146.0,pinnacle,,,8,
modelo,2026-10-06T12:26:41Z,mlb,2026-10-07,Atlanta Braves,Los Angeles Dodgers,Spread +1.5,home,,0.6336,0.635,0.5586,-7.64,7.64,-134.0,pinnacle,,,8,
modelo,2026-10-06T12:26:41Z,ncaafb,2026-10-07,Kennesaw State Owls,Jacksonville State Gamecocks,Ganador,away,,0.6232,0.5707,0.5796,0.89,0.89,-148.0,pinnacle,-2.88,0.0,9,
modelo,2026-10-06T12:26:41Z,ncaafb,2026-10-07,Kennesaw State Owls,Jacksonville State Gamecocks,Total 50.5,over,,0.5842,0.5031,0.5,-0.31,-0.31,,consenso,-5.36,,4,
modelo,2026-10-06T12:26:41Z,ncaafb,2026-10-07,Kennesaw State Owls,Jacksonville State Gamecocks,Spread +3,home,,0.5667,0.5156,0.5023,-1.33,-1.33,-107.0,pinnacle,-4.92,-2.16,9,
modelo,2026-10-06T12:26:41Z,ncaafb,2026-10-07,Florida International Panthers,New Mexico State Aggies,Ganador,home,,0.737,0.6636,0.7133,4.97,4.97,-282.0,pinnacle,2.34,5.92,10,
modelo,2026-10-06T12:26:41Z,ncaafb,2026-10-07,Florida International Panthers,New Mexico State Aggies,Total 46.5,over,,0.6479,0.5022,0.5179,1.57,1.57,-116.0,pinnacle,-1.97,1.65,9,
modelo,2026-10-06T12:26:41Z,nhl,2026-10-07,Washington Capitals,Pittsburgh Penguins,Ganador,home,,0.5228,0.6105,0.5971,-1.34,1.34,-158.0,pinnacle,-5.17,-2.74,9,
modelo,2026-10-06T12:26:41Z,nhl,2026-10-07,Washington Capitals,Pittsburgh Penguins,Total 6.5,under,,0.5355,0.5468,0.4931,-5.37,5.37,-103.0,pinnacle,-14.16,-11.68,9,
modelo,2026-10-06T12:26:41Z,nhl,2026-10-07,Winnipeg Jets,Colorado Avalanche,Ganador,away,,0.5955,0.6238,0.6414,1.76,-1.76,-192.0,pinnacle,,,6,
modelo,2026-10-06T12:26:41Z,nhl,2026-10-07,Winnipeg Jets,Colorado Avalanche,Total 6.5,under,,0.5703,0.4999,0.5023,0.24,0.24,-107.0,pinnacle,,,6,
modelo,2026-10-06T12:26:41Z,nhl,2026-10-07,Winnipeg Jets,Colorado Avalanche,Spread +1.5,home,,0.6638,0.5862,0.5796,-0.66,-0.66,-148.0,pinnacle,,,6,
modelo,2026-10-06T12:26:41Z,mlb,2026-10-07,New York Yankees,Tampa Bay Rays,Ganador,home,,0.5453,0.5923,0.6128,2.05,-2.05,-167.0,pinnacle,-0.89,1.16,9,
modelo,2026-10-06T12:26:41Z,mlb,2026-10-07,New York Yankees,Tampa Bay Rays,Total 7.0,under,,0.5412,0.4712,0.4931,2.19,2.19,-103.0,pinnacle,-1.38,1.48,9,
modelo,2026-10-06T15:24:12Z,atp,2026-10-06,Adrian Mannarino,Nikoloz Basilashvili,Ganador,home,,0.5668,0.4346,0.4346,0.0,0.0,,consenso,-3.52,,1,
modelo,2026-10-06T15:24:12Z,atp,2026-10-07,Alex Molcan,Federico Cina,Ganador,home,,0.6834,0.5443,0.5443,0.0,0.0,,consenso,-4.02,,1,
modelo,2026-10-06T15:24:12Z,atp,2026-10-07,Marco Trungelliti,Rei Sakamoto,Ganador,away,,0.5115,0.6585,0.6585,0.0,-0.0,,consenso,-3.8,,1,
modelo,2026-10-06T15:24:12Z,atp,2026-10-07,Mattia Bellucci,Zhou Yi,Ganador,home,,0.5048,0.7171,0.7528,3.57,-3.57,-344.0,pinnacle,0.8,3.74,2,
modelo,2026-10-06T15:24:12Z,atp,2026-10-07,Rinky Hijikata,Roman Safiullin,Ganador,away,,0.6349,0.6993,0.7217,2.24,-2.24,-289.0,pinnacle,-1.87,1.02,2,
modelo,2026-10-06T15:24:12Z,kbo,2026-10-07,LG Twins,Doosan Bears,Total 8.5,under,,0.5232,0.4935,0.5043,1.08,1.08,-112.0,pinnacle,-0.61,4.12,4,
modelo,2026-10-06T15:24:12Z,kbo,2026-10-07,Lotte Giants,Kia Tigers,Total 11.0,under,,0.679,0.4935,0.5,0.65,0.65,-110.0,pinnacle,-3.27,1.34,4,
modelo,2026-10-06T15:24:12Z,kbo,2026-10-07,SSG Landers,NC Dinos,Total 9.5,over,,0.5051,0.5043,0.53,2.57,2.57,-125.0,pinnacle,3.0,7.97,4,
modelo,2026-10-06T15:24:12Z,kbo,2026-10-07,KT Wiz,Samsung Lions,Total 9.5,under,,0.5193,0.485,0.4827,-0.23,-0.23,,consenso,-2.49,,4,
modelo,2026-10-06T15:24:12Z,kbo,2026-10-07,Kiwoom Heroes,Hanwha Eagles,Total 8.5,over,,0.5845,0.5108,0.5342,2.34,2.34,-127.0,pinnacle,4.3,9.23,3,
modelo,2026-10-06T15:24:12Z,atp,2026-10-07,Wu Yibing,Michael Zheng,Ganador,home,,0.5513,0.4862,0.5556,6.94,6.94,-133.0,pinnacle,10.03,13.04,2,
modelo,2026-10-07T07:27:28Z,mlb,2026-10-07,Atlanta Braves,Los Angeles Dodgers,Total 7.5,under,,0.5306,0.5136,0.4977,-1.59,-1.59,-105.0,pinnacle,-8.41,-5.74,3,
