registrado,liga,id,fecha,home,away,p_modelo,p_sharp,p_final,mercado,lado,pick,cuota,ev,cuota_min,confianza,stake,senales_favor,senales_contra,premium_nivel,premium_pts,estado,marcador,resultado,unidades,unidades_stake
2026-10-04T02:48:29,kbo,kbo-20261004HTLG0,2026-10-03,LG Twins,Kia Tigers,0.4957,0.544,0.532,Ganador,away,Kia Tigers,115.0,0.0063,2.14,minima,0.0,4,0,lean,49.0,calificado,4-5,gano,1.15,0.0
2026-10-04T02:48:29,kbo,kbo-20261004OBSS0,2026-10-03,Samsung Lions,Doosan Bears,0.5838,0.5564,0.5633,Ganador,home,Samsung Lions,-125.0,0.0139,1.78,media,0.02,6,0,lean,61.5,calificado,6-4,gano,0.8,1.6
2026-10-04T02:48:29,kbo,kbo-20261004SKNC0,2026-10-03,NC Dinos,SSG Landers,0.5261,0.5321,0.5306,Ganador,away,SSG Landers,110.0,-0.0142,2.13,minima,0.0,2,1,pasar,41.6,calificado,13-1,perdio,-1.0,-0.0
2026-10-04T02:48:29,kbo,kbo-20261004WOHH0,2026-10-03,Hanwha Eagles,Kiwoom Heroes,0.5769,0.4629,0.4915,Ganador,home,Hanwha Eagles,110.0,0.0321,2.03,baja,0.01,1,4,pasar,25.8,calificado,2-7,perdio,-1.0,-1.0
2026-10-04T02:48:29,kbo,kbo-20261004LTKT0,2026-10-04,KT Wiz,Lotte Giants,0.636,0.6557,0.6508,Run line,home,KT Wiz -1.5,100.0,0.0312,1.94,baja,0.01,2,1,pasar,36.5,calificado,2-2,perdio,-1.0,-1.0
2026-10-04T02:48:29,npb,npb-20261004-ヤクルト-広島,2026-10-04,Swallows,Carp,0.5593,0.4097,0.4466,Ganador,home,Swallows,137.0,0.0585,2.24,media,0.02,1,6,pasar,39.5,calificado,4-7,perdio,-1.0,-2.0
2026-10-04T02:48:29,npb,npb-20261004-DeNA-阪神,2026-10-04,Bay Stars,Tigers,0.5162,0.5303,0.5268,Ganador,away,Tigers,107.0,-0.0204,2.11,minima,0.0,4,3,lean,47.0,calificado,2-1,perdio,-1.0,-0.0
2026-10-04T02:48:29,npb,npb-20261004-ロッテ-楽天,2026-10-04,Marines,Golden Eagles,0.4182,0.4817,0.4657,Run line,away,Golden Eagles -1.5,155.0,0.0141,2.51,baja,0.01,4,1,pasar,44.4,calificado,3-2,perdio,-1.0,-1.0
2026-10-04T02:48:29,mlb,401908003,2026-10-04,Milwaukee Brewers,San Diego Padres,0.5902,0.5342,0.5483,Ganador,away,San Diego Padres,130.0,0.0388,2.21,baja,0.01,3,4,lean,48.3,calificado,4-3,perdio,-1.0,-1.0
2026-10-04T02:48:29,mlb,401908014,2026-10-04,Los Angeles Dodgers,Atlanta Braves,0.647,0.5851,0.6009,Run line,home,Los Angeles Dodgers -1.5,160.0,0.0904,2.38,alta,0.03,5,1,pick,61.7,calificado,2-3,perdio,-1.0,-3.0
2026-10-04T10:00:11,mlb,401907991,2026-10-05,Cleveland Guardians,Chicago White Sox,0.5676,0.5867,0.5819,Run line,home,Cleveland Guardians -1.5,155.0,0.0223,2.49,baja,0.01,2,3,pasar,34.9,calificado,3-4,perdio,-1.0,-1.0
2026-10-04T10:00:11,mlb,401907986,2026-10-05,Tampa Bay Rays,New York Yankees,0.5322,0.4652,0.4819,Ganador,home,Tampa Bay Rays,120.0,0.0602,2.08,media,0.02,2,4,lean,56.0,calificado,5-2,gano,1.2,2.4
2026-10-04T15:29:46,kbo,kbo-20261005HTLG0,2026-10-04,LG Twins,Kia Tigers,0.4914,0.486,0.4874,Run line,away,Kia Tigers -1.5,148.0,0.0819,2.29,alta,0.03,4,0,lean,46.1,calificado,5-6,perdio,-1.0,-3.0
2026-10-04T15:29:46,kbo,kbo-20261005OBSS0,2026-10-04,Samsung Lions,Doosan Bears,0.5648,0.5564,0.5585,Ganador,home,Samsung Lions,-132.0,-0.0184,1.79,minima,0.0,2,3,pasar,43.5,calificado,0-12,perdio,-1.0,-0.0
2026-10-04T15:29:46,kbo,kbo-20261005LTKT0,2026-10-04,KT Wiz,Lotte Giants,0.6345,0.5992,0.6081,Run line,home,KT Wiz -1.5,138.0,0.0908,2.18,alta,0.03,2,2,pasar,27.4,calificado,2-2,perdio,-1.0,-3.0
2026-10-04T15:29:46,kbo,kbo-20261005SKNC0,2026-10-04,NC Dinos,SSG Landers,0.5155,0.3957,0.4251,Ganador,home,NC Dinos,145.0,0.0414,2.35,minima,0.0,0,4,pasar,20.3,calificado,2-6,perdio,-1.0,-0.0
2026-10-04T15:29:46,kbo,kbo-20261005WOHH0,2026-10-04,Hanwha Eagles,Kiwoom Heroes,0.5627,0.6215,0.6071,Ganador,away,Kiwoom Heroes,160.0,0.0216,2.54,baja,0.01,4,2,lean,47.5,calificado,3-9,gano,1.6,1.6
2026-10-04T15:29:46,npb,npb-20261005-楽天-ソフトバンク,2026-10-05,Golden Eagles,Hawks,0.3503,0.4147,0.3982,Run line,away,Hawks -1.5,115.0,0.0051,2.14,minima,0.0,3,0,lean,60.1,calificado,3-1,perdio,-1.0,-0.0
2026-10-04T15:29:46,npb,npb-20261005-ロッテ-西武,2026-10-05,Marines,Lions,0.474,0.4977,0.4918,Run line,away,Lions -1.5,168.0,-0.0028,2.69,minima,0.0,2,3,pasar,37.2,calificado,1-7,gano,1.68,0.0
2026-10-06T00:34:11,npb,npb-20261006-阪神-広島,2026-10-06,Tigers,Carp,0.6251,0.6311,0.6296,Ganador,away,Carp,170.0,0.0001,2.7,minima,0.0,5,2,lean,52.8,calificado,2-1,perdio,-1.0,-0.0
2026-10-06T00:34:11,npb,npb-20261006-ロッテ-西武,2026-10-06,Marines,Lions,0.4761,0.4624,0.4658,Ganador,home,Marines,110.0,-0.0218,2.15,minima,0.0,3,3,pasar,39.8,calificado,0-3,perdio,-1.0,-0.0
2026-10-06T00:34:11,kbo,kbo-20261006NCLG0,2026-10-06,LG Twins,NC Dinos,0.5718,0.5903,0.5857,Ganador,away,NC Dinos,140.0,-0.0056,2.41,minima,0.0,3,3,pasar,37.1,calificado,6-1,perdio,-1.0,-0.0
2026-10-06T00:34:11,kbo,kbo-20261006OBLT0,2026-10-06,Lotte Giants,Doosan Bears,0.4722,0.3827,0.4046,Ganador,home,Lotte Giants,165.0,0.0721,2.47,baja,0.01,1,5,pasar,36.4,calificado,1-3,perdio,-1.0,-1.0
2026-10-06T00:34:11,kbo,kbo-20261006SSHT0,2026-10-06,Kia Tigers,Samsung Lions,0.5205,0.5716,0.5589,Ganador,away,Samsung Lions,125.0,-0.0076,2.27,minima,0.0,0,3,pasar,29.9,calificado,4-5,gano,1.25,0.0
2026-10-06T00:34:11,kbo,kbo-20261006SKHH0,2026-10-06,Hanwha Eagles,SSG Landers,0.4766,0.6215,0.5863,Ganador,away,SSG Landers,165.0,0.0964,2.42,minima,0.0,5,0,lean,59.0,calificado,9-2,perdio,-1.0,-0.0
2026-10-06T00:34:11,kbo,kbo-20261006KTWO0,2026-10-06,Kiwoom Heroes,KT Wiz,0.3472,0.312,0.3206,Ganador,home,Kiwoom Heroes,223.0,0.0356,3.12,baja,0.01,1,5,pasar,32.6,calificado,1-10,perdio,-1.0,-1.0
2026-10-06T00:34:11,mlb,401908015,2026-10-06,Atlanta Braves,Los Angeles Dodgers,0.5419,0.5,0.5105,Ganador,home,Atlanta Braves,-105.0,-0.0033,1.96,minima,0.0,2,5,pasar,35.6,calificado,1-3,perdio,-1.0,-0.0
2026-10-06T00:34:11,mlb,401908004,2026-10-06,San Diego Padres,Milwaukee Brewers,0.5519,0.552,0.552,Ganador,away,Milwaukee Brewers,125.0,0.008,2.23,minima,0.0,4,4,pasar,60.2,calificado,4-3,perdio,-1.0,-0.0
2026-10-06T07:44:33,mlb,401907992,2026-10-07,Chicago White Sox,Cleveland Guardians,0.553,0.5218,0.5296,Ganador,home,Chicago White Sox,-115.0,-0.0098,1.89,minima,0.0,6,2,lean,56.8,calificado,3-9,perdio,-1.0,-0.0
2026-10-06T07:44:33,mlb,401907987,2026-10-07,New York Yankees,Tampa Bay Rays,0.5656,0.5917,0.5852,Ganador,away,Tampa Bay Rays,142.0,0.0038,2.41,minima,0.0,1,6,pasar,40.0,calificado,3-4,gano,1.42,0.0
2026-10-06T15:24:13,npb,npb-20261007-阪神-広島,2026-10-07,Tigers,Carp,0.6251,0.5903,0.5991,Ganador,away,Carp,140.0,-0.0378,2.49,minima,0.0,5,3,pasar,43.3,calificado,2-1,perdio,-1.0,-0.0
2026-10-06T15:24:13,kbo,kbo-20261007OBLG0,2026-10-07,LG Twins,Doosan Bears,0.5052,0.5564,0.5437,Ganador,away,Doosan Bears,122.0,0.0131,2.19,baja,0.01,4,2,lean,58.6,calificado,7-5,perdio,-1.0,-1.0
2026-10-06T15:24:13,kbo,kbo-20261007HTLT0,2026-10-07,Lotte Giants,Kia Tigers,0.4512,0.3874,0.4031,Ganador,home,Lotte Giants,152.0,0.0158,2.48,baja,0.01,1,6,pasar,41.3,calificado,4-12,perdio,-1.0,-1.0
2026-10-06T15:24:13,kbo,kbo-20261007NCSK0,2026-10-07,SSG Landers,NC Dinos,0.6283,0.544,0.5655,Ganador,home,SSG Landers,-125.0,0.0179,1.77,media,0.02,6,0,lean,63.5,calificado,6-3,gano,0.8,1.6
2026-10-06T15:24:13,kbo,kbo-20261007SSKT0,2026-10-07,KT Wiz,Samsung Lions,0.5436,0.5,0.5109,Ganador,home,KT Wiz,-104.0,0.0022,1.96,minima,0.0,5,2,lean,58.1,calificado,9-3,gano,0.962,0.0
2026-10-06T15:24:13,kbo,kbo-20261007HHWO0,2026-10-07,Kiwoom Heroes,Hanwha Eagles,0.4929,0.4008,0.4234,Ganador,home,Kiwoom Heroes,140.0,0.0162,2.36,baja,0.01,2,4,pasar,35.6,calificado,5-3,gano,1.4,1.4
2026-10-07T07:27:29,mlb,401908016,2026-10-07,Atlanta Braves,Los Angeles Dodgers,0.4574,0.4267,0.4343,Ganador,home,Atlanta Braves,130.0,-0.001,2.3,minima,0.0,2,7,pasar,35.6,calificado,1-4,perdio,-1.0,-0.0
2026-10-07T07:27:29,mlb,401908005,2026-10-07,San Diego Padres,Milwaukee Brewers,0.4904,0.507,0.5028,Ganador,away,Milwaukee Brewers,100.0,-0.0057,2.01,minima,0.0,5,2,lean,55.2,calificado,1-3,gano,1.0,0.0
2026-10-07T19:45:33,npb,npb-20261008-阪神-ヤクルト,2026-10-08,Tigers,Swallows,0.6643,0.6239,0.6342,Ganador,away,Swallows,160.0,-0.0489,2.73,minima,0.0,1,7,pasar,23.2,calificado,0-4,gano,1.6,0.0
2026-10-08T00:05:41,mlb,401907993,2026-10-08,Chicago White Sox,Cleveland Guardians,0.4936,0.4821,0.485,Ganador,home,Chicago White Sox,105.0,-0.0058,2.06,minima,0.0,2,5,lean,51.3,calificado,5-9,perdio,-1.0,-0.0
2026-10-08T07:43:40,kbo,kbo-20261009LGLT0,2026-10-08,Lotte Giants,LG Twins,0.4308,0.3356,0.3585,Ganador,home,Lotte Giants,192.0,0.0468,2.79,media,0.02,3,5,lean,45.9,calificado,9-1,gano,1.92,3.84
2026-10-08T07:43:40,kbo,kbo-20261009SSSK0,2026-10-08,SSG Landers,Samsung Lions,0.5139,0.4301,0.4509,Ganador,home,SSG Landers,125.0,0.0144,2.22,baja,0.01,4,3,pasar,38.3,calificado,3-1,gano,1.25,1.25
2026-10-08T07:43:40,kbo,kbo-20261009HTNC0,2026-10-08,NC Dinos,Kia Tigers,0.3898,0.4658,0.4465,Ganador,away,Kia Tigers,-120.0,0.0147,1.81,baja,0.01,6,2,lean,72.1,calificado,2-7,gano,0.833,0.833
2026-10-09T09:32:24,kbo,kbo-20261010LGLT0,2026-10-09,Lotte Giants,LG Twins,0.5075,0.3692,0.4027,Ganador,home,Lotte Giants,160.0,0.047,2.48,minima,0.0,4,4,lean,46.9,calificado,9-1,gano,1.6,0.0
2026-10-09T09:32:24,kbo,kbo-20261010SKHT0,2026-10-10,Kia Tigers,SSG Landers,0.6081,0.5781,0.5857,Ganador,away,SSG Landers,130.0,-0.047,2.41,minima,0.0,1,4,pasar,38.5,pendiente,,,,
2026-10-09T09:32:24,kbo,kbo-20261010NCHH0,2026-10-10,Hanwha Eagles,NC Dinos,0.5404,0.514,0.5206,Ganador,home,Hanwha Eagles,-111.0,-0.0104,1.92,minima,0.0,5,2,lean,55.1,pendiente,,,,
2026-10-09T09:32:24,mlb,401907994,2026-10-10,Cleveland Guardians,Chicago White Sox,0.5411,0.5537,0.5506,Ganador,away,Chicago White Sox,114.0,-0.0382,2.23,minima,0.0,2,5,pasar,40.0,pendiente,,,,
2026-10-10T01:18:08,npb,npb-20261010-巨人-DeNA,2026-10-09,Giants,Bay Stars,0.5661,0.4718,0.4954,Ganador,home,Giants,106.0,0.0206,2.02,baja,0.01,2,3,lean,51.6,pendiente,,,,
2026-10-10T01:18:08,npb,npb-20261010-西武-日本ハム,2026-10-09,Lions,Fighters,0.5802,0.5909,0.5882,Ganador,away,Fighters,137.0,-0.0241,2.43,minima,0.0,1,4,pasar,42.6,pendiente,,,,
2026-10-10T07:32:33,mlb,401908030,2026-10-11,Milwaukee Brewers,Los Angeles Dodgers,0.512,0.5065,0.5079,Ganador,home,Milwaukee Brewers,-113.0,-0.0427,1.97,minima,0.0,3,6,lean,49.1,pendiente,,,,
