registrado,liga,id,fecha,home,away,origen,mercado,lado,pick,cuota,p,ev,confianza,stake,senales,publico_boletos,publico_dinero,notas_home,notas_away,mov_linea,senales_mercado,unidades,razon,torneo,ronda,cancha
2026-10-04T02:50:34,kbo,kbo-20261004OBSS0,2026-10-03,Samsung Lions,Doosan Bears,sistema estimado,Ganador,home,Samsung Lions,-125.0,0.5633,0.0139,media,0.02,6 a favor / 0 en contra,,,51,43,0.86,,,,,,
2026-10-04T10:03:12,kbo,kbo-20261004LTKT0,2026-10-04,KT Wiz,Lotte Giants,sistema estimado,Spread -1.5,home,KT Wiz -1.5,154.0,0.7251,0.8418,alta,0.03,2 a favor / 1 en contra,,,31,23,0.64,,,,,,
2026-10-04T10:03:12,npb,npb-20261004-ヤクルト-広島,2026-10-04,Swallows,Carp,sistema estimado,Spread -1.5,home,Swallows -1.5,176.0,0.4117,0.1362,media,0.02,1 a favor / 5 en contra,,,5,1,,,,,,,
2026-10-04T10:03:12,mlb,401908014,2026-10-04,Los Angeles Dodgers,Atlanta Braves,sistema estimado,Spread -1.5,home,Los Angeles Dodgers -1.5,155.0,0.4266,0.0879,alta,0.03,5 a favor / 1 en contra,,,87,82,0.75,,,,,,
2026-10-04T10:03:12,npb,npb-20261004-ロッテ-楽天,2026-10-04,Marines,Golden Eagles,sistema estimado,Ganador,home,Marines,185.0,0.3794,0.0813,media,0.02,1 a favor / 5 en contra,,,23,22,,,,,,,
2026-10-04T11:23:26,mlb,401908003,2026-10-04,Milwaukee Brewers,San Diego Padres,sistema estimado,Spread -1.5,home,Milwaukee Brewers -1.5,168.0,0.3924,0.0516,media,0.02,4 a favor / 2 en contra,,,76,72,0.0,,,,,,
2026-10-04T15:33:00,kbo,kbo-20261005LTKT0,2026-10-04,KT Wiz,Lotte Giants,sistema estimado,Spread -1.5,home,KT Wiz -1.5,138.0,0.4583,0.0908,alta,0.03,2 a favor / 2 en contra,,,37,25,0.0,,,,,,
2026-10-04T15:33:00,kbo,kbo-20261005HTLG0,2026-10-04,LG Twins,Kia Tigers,sistema estimado,Spread -1.5,away,Kia Tigers -1.5,148.0,0.4363,0.0819,alta,0.03,4 a favor / 0 en contra,,,67,50,-0.0,,,,,,
2026-10-04T19:48:45,wta,184327,2026-10-04,Marie Bouzkova,Zheng Qinwen,pick premium,Ganador,away,Zheng Qinwen,-129.0,0.5786,0.027,pick,0.01,64 pts,,,7,28,-0.5,SOLO PUBLICO hacia Qinwen Zheng (+2.0 pp; Pinnacle quieto),,,,,
2026-10-06T07:46:41,wta,184354,2026-10-06,Ann Li,Elina Svitolina,decidir_v2,Ganador,home,Ann Li,315.0,0.2746,0.1398,media,0.02,1 a favor / 0 en contra,,,4,17,0.0,,2,"p final 27.5% (mercado 24.6%, modelo 33.3%, peso 0.35) contra 4.15 | si: modelo vs mercado a favor (+8.7 pp; voto completo (w por liga)) | no: cuota 4.15: el EV de un longshot depende de 1-2 pp de probabilidad que el modelo no afina; baja un nivel | dudas: ninguna",China Open,Round 4,Hard
2026-10-06T07:46:41,atp,184868,2026-10-06,Luca Van Assche,Bu Yunchaokete,decidir_v2,Ganador,home,Luca Van Assche,175.0,0.4029,0.1079,alta,0.03,1 a favor / 0 en contra,,,8,1,,,3,"p final 40.3% (mercado 37.6%, modelo 45.4%, peso 0.35) contra 2.75 | si: modelo vs mercado a favor (+7.8 pp; voto completo (w por liga)) | no: - | dudas: ninguna",Rolex Shanghai Masters,Round 1,Hard
2026-10-06T07:46:41,wta,184348,2026-10-06,Sinja Kraus,Nikola Bartunkova,decidir_v2,Ganador,home,Sinja Kraus,390.0,0.2255,0.1052,media,0.02,2 a favor / 0 en contra,,,4,61,3.12,SHARP hacia Sinja Kraus (+3.1 pp),2,"p final 22.6% (mercado 20.2%, modelo 27.4%, peso 0.35) contra 4.90 | si: modelo vs mercado a favor (+7.2 pp; voto completo (w por liga)); movimiento de linea a favor (3.1; informacion, no ventaja (medido en futbol: apostar al movimiento pierde)) | no: cuota 4.90: el EV de un longshot depende de 1-2 pp de probabilidad que el modelo no afina; baja un nivel | dudas: ninguna",China Open,Round 4,Lotus
2026-10-06T07:46:41,atp,183514,2026-10-06,Carlos Alcaraz,Jiri Lehecka,decidir_v2,Total 21.5,under,Under 21.5,115.0,0.4954,0.0652,media,0.02,1 a favor / 0 en contra,,,60,38,-0.0,PUBLICO cargado en Under 21.5 (brecha 2.4 pp),2,"p final 49.5% (mercado 47.1%, modelo 54.0%, peso 0.35) contra 2.15 | si: modelo vs mercado a favor (+6.9 pp; voto completo (w por liga)) | no: - | dudas: ninguna",Kinoshita Group Japan Open Tennis Championships,Final,Colosseum
