registrado,liga,id,fecha,home,away,origen,mercado,lado,pick,cuota,p,ev,confianza,stake,senales,publico_boletos,publico_dinero,notas_home,notas_away,mov_linea,senales_mercado,unidades,razon,torneo,ronda,cancha,por_que_si,por_que_no,angulos,angulos_favor,angulos_contra,estado,marcador,resultado,unidades,unidades_stake
2026-10-04T02:50:34,kbo,kbo-20261004OBSS0,2026-10-03,Samsung Lions,Doosan Bears,sistema estimado,Ganador,home,Samsung Lions,-125.0,0.5633,0.0139,media,0.02,6 a favor / 0 en contra,,,51,43,0.86,,0.8,,,,,,,,,,calificado,6-4,gano,0.8,1.6
2026-10-04T10:03:12,kbo,kbo-20261004LTKT0,2026-10-04,KT Wiz,Lotte Giants,sistema estimado,Spread -1.5,home,KT Wiz -1.5,154.0,0.7251,0.8418,alta,0.03,2 a favor / 1 en contra,,,31,23,0.64,,-1.0,,,,,,,,,,calificado,2-2,perdio,-1.0,-3.0
2026-10-04T10:03:12,npb,npb-20261004-ヤクルト-広島,2026-10-04,Swallows,Carp,sistema estimado,Spread -1.5,home,Swallows -1.5,176.0,0.4117,0.1362,media,0.02,1 a favor / 5 en contra,,,5,1,,,-1.0,,,,,,,,,,calificado,4-7,perdio,-1.0,-2.0
2026-10-04T10:03:12,mlb,401908014,2026-10-04,Los Angeles Dodgers,Atlanta Braves,sistema estimado,Spread -1.5,home,Los Angeles Dodgers -1.5,155.0,0.4266,0.0879,alta,0.03,5 a favor / 1 en contra,,,87,82,0.75,,-1.0,,,,,,,,,,calificado,2-3,perdio,-1.0,-3.0
2026-10-04T10:03:12,npb,npb-20261004-ロッテ-楽天,2026-10-04,Marines,Golden Eagles,sistema estimado,Ganador,home,Marines,185.0,0.3794,0.0813,media,0.02,1 a favor / 5 en contra,,,23,22,,,1.85,,,,,,,,,,calificado,3-2,gano,1.85,3.7
2026-10-04T11:23:26,mlb,401908003,2026-10-04,Milwaukee Brewers,San Diego Padres,sistema estimado,Spread -1.5,home,Milwaukee Brewers -1.5,168.0,0.3924,0.0516,media,0.02,4 a favor / 2 en contra,,,76,72,0.0,,-1.0,,,,,,,,,,calificado,4-3,perdio,-1.0,-2.0
2026-10-04T15:33:00,kbo,kbo-20261005LTKT0,2026-10-04,KT Wiz,Lotte Giants,sistema estimado,Spread -1.5,home,KT Wiz -1.5,138.0,0.4583,0.0908,alta,0.03,2 a favor / 2 en contra,,,37,25,0.0,,-1.0,,,,,,,,,,calificado,2-2,perdio,-1.0,-3.0
2026-10-04T15:33:00,kbo,kbo-20261005HTLG0,2026-10-04,LG Twins,Kia Tigers,sistema estimado,Spread -1.5,away,Kia Tigers -1.5,148.0,0.4363,0.0819,alta,0.03,4 a favor / 0 en contra,,,67,50,-0.0,,-1.0,,,,,,,,,,calificado,5-6,perdio,-1.0,-3.0
2026-10-04T19:48:45,wta,184327,2026-10-04,Marie Bouzkova,Zheng Qinwen,pick premium,Ganador,away,Zheng Qinwen,-129.0,0.5786,0.027,pick,0.01,64 pts,,,7,28,-0.5,SOLO PUBLICO hacia Qinwen Zheng (+2.0 pp; Pinnacle quieto),0.775,,,,,,,,,,calificado,7-6(3) 4-6 7-5,gano,0.775,0.775
2026-10-06T07:46:41,wta,184354,2026-10-06,Ann Li,Elina Svitolina,decidir_v2,Ganador,home,Ann Li,315.0,0.2746,0.1398,media,0.02,1 a favor / 0 en contra,,,4,17,0.0,,-1.0,"p final 27.5% (mercado 24.6%, modelo 33.3%, peso 0.35) contra 4.15 | si: modelo vs mercado a favor (+8.7 pp; voto completo (w por liga)) | no: cuota 4.15: el EV de un longshot depende de 1-2 pp de probabilidad que el modelo no afina; baja un nivel | dudas: ninguna",China Open,Round 4,Hard,,,,,,calificado,6-2 6-3,perdio,-1.0,-2.0
2026-10-06T07:46:41,atp,184868,2026-10-06,Luca Van Assche,Bu Yunchaokete,decidir_v2,Ganador,home,Luca Van Assche,175.0,0.4029,0.1079,alta,0.03,1 a favor / 0 en contra,,,8,1,,,-1.0,"p final 40.3% (mercado 37.6%, modelo 45.4%, peso 0.35) contra 2.75 | si: modelo vs mercado a favor (+7.8 pp; voto completo (w por liga)) | no: - | dudas: ninguna",Rolex Shanghai Masters,Round 1,Hard,,,,,,calificado,7-6(3) 6-3,perdio,-1.0,-3.0
2026-10-06T07:46:41,wta,184348,2026-10-06,Sinja Kraus,Nikola Bartunkova,decidir_v2,Ganador,home,Sinja Kraus,390.0,0.2255,0.1052,media,0.02,2 a favor / 0 en contra,,,4,61,3.12,SHARP hacia Sinja Kraus (+3.1 pp),-1.0,"p final 22.6% (mercado 20.2%, modelo 27.4%, peso 0.35) contra 4.90 | si: modelo vs mercado a favor (+7.2 pp; voto completo (w por liga)); movimiento de linea a favor (3.1; informacion, no ventaja (medido en futbol: apostar al movimiento pierde)) | no: cuota 4.90: el EV de un longshot depende de 1-2 pp de probabilidad que el modelo no afina; baja un nivel | dudas: ninguna",China Open,Round 4,Lotus,,,,,,calificado,6-0 4-6 6-3,perdio,-1.0,-2.0
2026-10-06T07:46:41,atp,183514,2026-10-06,Carlos Alcaraz,Jiri Lehecka,decidir_v2,Total 21.5,under,Under 21.5,115.0,0.4954,0.0652,media,0.02,1 a favor / 0 en contra,,,60,38,-0.0,PUBLICO cargado en Under 21.5 (brecha 2.4 pp),,"p final 49.5% (mercado 47.1%, modelo 54.0%, peso 0.35) contra 2.15 | si: modelo vs mercado a favor (+6.9 pp; voto completo (w por liga)) | no: - | dudas: ninguna",Kinoshita Group Japan Open Tennis Championships,Final,Colosseum,,,,,,sin_dato,7-6(4) 6-4,,,
2026-10-06T12:28:51,nhl,401891815,2026-10-06,Montreal Canadiens,Carolina Hurricanes,decidir_v2,Ganador,away,Carolina Hurricanes,-112.0,0.5668,0.0729,media,0.02,1 a favor / 0 en contra,,,57,42,-0.46,,0.893,"p final 56.7% (mercado 52.4%, modelo 60.9%, peso 0.50) contra 1.89 | si: modelo vs mercado a favor (+8.5 pp; voto completo (w por liga)) | no: - | dudas: capas medidas no aplicadas (el modelo ya usa xG por partido (MoneyPuck); la capa de tiros/PDO se midio sobre goles reales); portero de home sin confirmar (Jakub Dobes); portero de away sin confirmar (Pyotr Kochetkov); home con 2 juegos de temporada",NHL,,,,,,,,calificado,4-6,gano,0.893,1.786
2026-10-06T12:28:51,nhl,401891806,2026-10-06,Los Angeles Kings,Florida Panthers,decidir_v2,Ganador,home,Los Angeles Kings,110.0,0.5043,0.059,media,0.02,1 a favor / 1 en contra,,,29,58,-1.2,,-1.0,"p final 50.4% (mercado 46.4%, modelo 54.4%, peso 0.50) contra 2.10 | si: modelo vs mercado a favor (+8.0 pp; voto completo (w por liga)) | no: movimiento de linea en contra (-1.2) | dudas: capas medidas no aplicadas (el modelo ya usa xG por partido (MoneyPuck); la capa de tiros/PDO se midio sobre goles reales); portero de home sin confirmar (Darcy Kuemper); portero de away sin confirmar (Jacob Markstrom); home con 2 juegos de temporada",NHL,,,,,,,,calificado,1-2,perdio,-1.0,-2.0
2026-10-06T12:28:51,nhl,401892452,2026-10-06,New York Rangers,New York Islanders,decidir_v2,Ganador,away,New York Islanders,136.0,0.4444,0.0489,media,0.02,2 a favor / 0 en contra,,,74,48,-0.11,,-1.0,"p final 44.4% (mercado 42.8%, modelo 46.1%, peso 0.50) contra 2.36 | si: modelo vs mercado a favor (+3.4 pp; voto completo (w por liga)); home viene de 3 victorias a favor (W3; -1 a -2 pp (medido)) | no: - | dudas: capas medidas no aplicadas (el modelo ya usa xG por partido (MoneyPuck); la capa de tiros/PDO se midio sobre goles reales); portero de home sin confirmar (Igor Shesterkin); portero de away sin confirmar (Ilya Sorokin); home con 4 juegos de temporada",NHL,,,,,,,,calificado,5-2,perdio,-1.0,-2.0
2026-10-06T12:28:51,nhl,401891779,2026-10-06,Chicago Blackhawks,St. Louis Blues,decidir_v2,Ganador,away,St. Louis Blues,-134.0,0.5871,0.0252,baja,0.01,2 a favor / 1 en contra,,,46,29,1.36,,-1.0,"p final 58.7% (mercado 56.7%, modelo 60.7%, peso 0.50) contra 1.75 | si: modelo vs mercado a favor (+4.0 pp; voto completo (w por liga)); movimiento de linea a favor (1.4; informacion, no ventaja (medido en futbol: apostar al movimiento pierde)) | no: home viene de 3 derrotas en contra (L3) | dudas: capas medidas no aplicadas (el modelo ya usa xG por partido (MoneyPuck); la capa de tiros/PDO se midio sobre goles reales); portero de home sin confirmar (Spencer Knight); portero de away sin confirmar (Joel Hofer); home con 3 juegos de temporada",NHL,,,,,,,,calificado,4-2,perdio,-1.0,-1.0
2026-10-06T15:26:42,atp,184840,2026-10-06,Aleksandar Kovacevic,Matteo Berrettini,decidir_v2,Total 23.5,over,Over 23.5 (pinnacle),-108.0,0.5498,0.0588,baja,0.01,1 a favor / 0 en contra,,,7,6,0.0,,,"p final 55.0% (mercado 50.0%, modelo 63.9%, peso 0.35) contra 1.93 | si: modelo vs mercado a favor (+13.9 pp; voto completo (w por liga)); linea comprada en pinnacle (Total 23.5): mejor que la de referencia under Total 23.5 (EV -2.3%) | no: modelo 14 pp arriba del mercado en el total: baja un nivel | dudas: ninguna",Rolex Shanghai Masters,Round 1,Stadium Court,modelo vs mercado a favor (+13.9 pp; voto completo (w por liga)) | linea comprada en pinnacle (Total 23.5): mejor que la de referencia under Total 23.5 (EV -2.3%),"modelo 14 pp arriba del mercado en el total: baja un nivel | osciladores (contexto, sin peso): Aleksandar Kovacevic sin senal | Matteo Berrettini forma -0.08, ataque +0.00, defensa +0.00, dif5 +0.00, estable",,,,sin_dato,6-7(3) 6-1 6-4,,,
2026-10-06T15:26:42,atp,184839,2026-10-06,Zhang Zhizhen,Tomas Machac,decidir_v2,Ganador,home,Zhang Zhizhen,214.0,0.3292,0.0338,baja,0.01,1 a favor / 0 en contra,,,2,6,0.0,,-1.0,"p final 32.9% (mercado 30.8%, modelo 37.1%, peso 0.35) contra 3.14 | si: modelo vs mercado a favor (+6.3 pp; voto completo (w por liga)) | no: - | dudas: ninguna",Rolex Shanghai Masters,Round 1,Stadium Court,"modelo vs mercado a favor (+6.3 pp; voto completo (w por liga)) | osciladores (contexto, sin peso): Zhang Zhizhen forma -0.14, ataque +0.00, defensa +0.00, dif5 +0.00, estable | Tomas Machac forma -0.17, ataque +0.00, defensa +0.00, dif5 +0.00, bajando",,,,,calificado,1-6 7-6(3) 6-2,perdio,-1.0,-1.0
2026-10-06T19:23:00,nhl,401892453,2026-10-06,Buffalo Sabres,Minnesota Wild,decidir_v2,Ganador,home,Buffalo Sabres,-102.0,0.5193,0.0283,baja,0.01,1 a favor / 0 en contra,37.0,39.0,46,56,-0.45,,0.98,"p final 51.9% (mercado 49.5%, modelo 54.3%, peso 0.50) contra 1.98 | si: modelo vs mercado a favor (+4.8 pp; voto completo (w por liga)) | no: - | dudas: capas medidas no aplicadas (el modelo ya usa xG por partido (MoneyPuck); la capa de tiros/PDO se midio sobre goles reales); portero de home sin confirmar (Colten Ellis); home con 2 juegos de temporada",NHL,,,modelo vs mercado a favor (+4.8 pp; voto completo (w por liga)),"portero de home sin confirmar (Colten Ellis) | home con 2 juegos de temporada | osciladores (contexto, sin peso): BUF forma -0.15, ataque -0.05, defensa +0.31, dif5 -0.95, bajando | MIN forma +0.05, ataque +0.05, defensa +0.04, dif5 +0.55, estable",,,,calificado,3-2,gano,0.98,0.98
2026-10-07T07:29:58,atp,184855,2026-10-07,Kimmer Coppejans,Stefanos Tsitsipas,decidir_v2,Ganador,home,Kimmer Coppejans,807.0,0.127,0.1522,media,0.02,1 a favor / 0 en contra,,,15,5,0.0,PUBLICO cargado en Kimmer Coppejans (brecha 1.9 pp),-1.0,"p final 12.7% (mercado 10.6%, modelo 17.6%, peso 0.35) contra 9.07 | si: modelo vs mercado a favor (+7.0 pp; voto completo (w por liga)) | no: cuota 9.07: el EV de un longshot depende de 1-2 pp de probabilidad que el modelo no afina; baja un nivel | dudas: ninguna",Rolex Shanghai Masters,Round 1,Stadium Court,"modelo vs mercado a favor (+7.0 pp; voto completo (w por liga)) | osciladores (contexto, sin peso): Kimmer Coppejans forma +0.10, ataque +0.00, defensa +0.00, dif5 +0.00, estable | Stefanos Tsitsipas forma +0.09, ataque +0.00, defensa +0.00, dif5 +0.00, estable",cuota 9.07: el EV de un longshot depende de 1-2 pp de probabilidad que el modelo no afina; baja un nivel,,,,calificado,6-3 7-5,perdio,-1.0,-2.0
2026-10-07T07:29:58,wta,184354,2026-10-07,Ann Li,Elina Svitolina,decidir_v2,Ganador,home,Ann Li,290.0,0.2818,0.099,alta,0.03,1 a favor / 0 en contra,,,5,13,0.96,,-1.0,"p final 28.2% (mercado 25.6%, modelo 33.3%, peso 0.35) contra 3.90 | si: modelo vs mercado a favor (+7.7 pp; voto completo (w por liga)) | no: - | dudas: ninguna",China Open,Round 4,Capital Group Diamond,"modelo vs mercado a favor (+7.7 pp; voto completo (w por liga)) | osciladores (contexto, sin peso): Ann Li forma +0.17, ataque +0.00, defensa +0.00, dif5 +0.00, subiendo | Elina Svitolina forma -0.13, ataque +0.00, defensa +0.00, dif5 +0.00, estable",,,,,calificado,6-2 6-3,perdio,-1.0,-3.0
2026-10-07T07:29:58,atp,184888,2026-10-07,Rinky Hijikata,Roman Safiullin,decidir_v2,Ganador,home,Rinky Hijikata,255.0,0.3072,0.0907,alta,0.03,1 a favor / 1 en contra,,,10,9,-4.05,SHARP hacia Roman Safiullin (+4.0 pp),-1.0,"p final 30.7% (mercado 27.8%, modelo 36.5%, peso 0.35) contra 3.55 | si: modelo vs mercado a favor (+8.7 pp; voto completo (w por liga)) | no: movimiento de linea en contra (-4.0) | dudas: ninguna",Rolex Shanghai Masters,Round 1,Court 4,"modelo vs mercado a favor (+8.7 pp; voto completo (w por liga)) | osciladores (contexto, sin peso): Rinky Hijikata forma +0.09, ataque +0.00, defensa +0.00, dif5 +0.00, estable | Roman Safiullin forma -0.07, ataque +0.00, defensa +0.00, dif5 +0.00, estable",movimiento de linea en contra (-4.0) | linea sharp en contra -4.0 pp desde la apertura,,,,calificado,7-5 6-3,perdio,-1.0,-3.0
2026-10-07T07:29:58,wta,184352,2026-10-07,Ekaterina Alexandrova,Mirra Andreeva,decidir_v2,Ganador,home,Ekaterina Alexandrova,284.0,0.2782,0.0684,media,0.02,1 a favor / 0 en contra,,,22,32,-0.83,,-1.0,"p final 27.8% (mercado 25.4%, modelo 32.6%, peso 0.35) contra 3.84 | si: modelo vs mercado a favor (+7.2 pp; voto completo (w por liga)) | no: - | dudas: ninguna",China Open,Quarterfinal,Hard,"modelo vs mercado a favor (+7.2 pp; voto completo (w por liga)) | osciladores (contexto, sin peso): Ekaterina Alexandrova forma +0.11, ataque +0.00, defensa +0.00, dif5 +0.00, estable | Mirra Andreeva forma +0.05, ataque +0.00, defensa +0.00, dif5 +0.00, estable",,,,,calificado,7-6(4) 7-6(3),perdio,-1.0,-2.0
2026-10-07T12:17:43,kbo,kbo-20261007HTLT0,2026-10-07,Lotte Giants,Kia Tigers,sistema estimado,Ganador,home,Lotte Giants,190.0,0.3767,0.0923,media,0.02,1 a favor / 6 en contra,,,43,53,-3.01,SHARP hacia Kia Tigers (+3.0 pp),-1.0,"p final 37.7% (Pinnacle 35.3%, modelo 45.1%) contra 190.0",KBO,,,"modelo 45.1% contra Pinnacle 35.3% | bullpen | osciladores (contexto, sin peso): Lotte Giants forma +0.09, ataque -0.24, defensa -0.20, dif5 -2.68, estable | Kia Tigers forma -0.04, ataque -0.09, defensa -0.07, dif5 -0.15, estable",abridor en contra 0.10 carreras | modelo y mercado del mismo lado | historial directo | osciladores | fuerza (ELO) | abridor,,,,calificado,4-12,perdio,-1.0,-2.0
2026-10-07T12:17:43,nhl,401891830,2026-10-07,Washington Capitals,Pittsburgh Penguins,decidir_v2,Ganador,away,Pittsburgh Penguins,142.0,0.4348,0.0521,media,0.02,1 a favor / 0 en contra,,,57,58,-0.66,,-1.0,"p final 43.5% (mercado 40.3%, modelo 46.7%, peso 0.50) contra 2.42 | si: modelo vs mercado a favor (+6.5 pp; voto completo (w por liga)) | no: - | dudas: capas medidas no aplicadas (el modelo ya usa xG por partido (MoneyPuck); la capa de tiros/PDO se midio sobre goles reales); portero de home sin confirmar (Logan Thompson); portero de away sin confirmar (Sergei Murashov); home con 2 juegos de temporada",NHL,,,modelo vs mercado a favor (+6.5 pp; voto completo (w por liga)),"portero de home sin confirmar (Logan Thompson) | portero de away sin confirmar (Sergei Murashov) | home con 2 juegos de temporada | osciladores (contexto, sin peso): WSH forma +0.15, ataque +0.17, defensa +0.00, dif5 +1.45, subiendo | PIT forma -0.07, ataque -0.17, defensa -0.11, dif5 +1.15, estable",,,,calificado,5-3,perdio,-1.0,-2.0
2026-10-07T14:44:34,nhl,401892456,2026-10-07,Anaheim Ducks,Edmonton Oilers,decidir_v2,Ganador,home,Anaheim Ducks,118.0,0.4784,0.0429,media,0.02,1 a favor / 0 en contra,22.0,19.0,24,64,0.32,,-1.0,"p final 47.8% (mercado 44.8%, modelo 50.9%, peso 0.50) contra 2.18 | si: modelo vs mercado a favor (+6.2 pp; voto completo (w por liga)) | no: - | dudas: capas medidas no aplicadas (el modelo ya usa xG por partido (MoneyPuck); la capa de tiros/PDO se midio sobre goles reales); portero de home sin confirmar (Lukas Dostal); home con 2 juegos de temporada",NHL,,,modelo vs mercado a favor (+6.2 pp; voto completo (w por liga)) | publico del otro lado (22.0% de boletos aqui),"portero de home sin confirmar (Lukas Dostal) | home con 2 juegos de temporada | osciladores (contexto, sin peso): ANA forma -0.03, ataque -0.22, defensa -0.09, dif5 -0.25, estable | EDM forma +0.00, ataque +0.18, defensa +0.10, dif5 +0.60, estable",,,,calificado,2-5,perdio,-1.0,-2.0
2026-10-07T14:44:34,atp,184869,2026-10-07,Hubert Hurkacz,James Duckworth,decidir_v2,Total 24.5,under,Under 24.5 (coolbet),-125.0,0.5785,0.0414,baja,0.01,1 a favor / 0 en contra,,,8,4,0.21,,,"p final 57.9% (mercado 52.9%, modelo 66.6%, peso 0.35) contra 1.80 | si: modelo vs mercado a favor (+13.7 pp; voto completo (w por liga)); linea comprada en coolbet (Total 24.5): mejor que la de referencia under Total 22.5 (EV -3.6%) | no: modelo 14 pp arriba del mercado en el total: baja un nivel | dudas: ninguna",Rolex Shanghai Masters,Round 1,Stadium Court,"modelo vs mercado a favor (+13.7 pp; voto completo (w por liga)) | linea comprada en coolbet (Total 24.5): mejor que la de referencia under Total 22.5 (EV -3.6%) | osciladores (contexto, sin peso): Hubert Hurkacz forma +0.23, ataque +0.00, defensa +0.00, dif5 +0.00, subiendo | James Duckworth forma +0.09, ataque +0.00, defensa +0.00, dif5 +0.00, estable",modelo 14 pp arriba del mercado en el total: baja un nivel,,,,sin_dato,6-3 7-6(4),,,
2026-10-07T19:47:55,nhl,401892455,2026-10-07,Winnipeg Jets,Colorado Avalanche,decidir_v2,Ganador,home,Winnipeg Jets,172.0,0.3846,0.0461,media,0.02,1 a favor / 0 en contra,11.0,9.0,73,53,-0.33,,1.72,"p final 38.5% (mercado 35.9%, modelo 41.1%, peso 0.50) contra 2.72 | si: modelo vs mercado a favor (+5.3 pp; voto completo (w por liga)) | no: - | dudas: capas medidas no aplicadas (el modelo ya usa xG por partido (MoneyPuck); la capa de tiros/PDO se midio sobre goles reales); portero de home sin confirmar (Stuart Skinner); portero de away sin confirmar (Mackenzie Blackwood); home con 3 juegos de temporada",NHL,,,"modelo vs mercado a favor (+5.3 pp; voto completo (w por liga)) | publico del otro lado (11.0% de boletos aqui) | osciladores (contexto, sin peso): WPG forma +0.03, ataque +0.03, defensa +0.17, dif5 -0.68, estable | COL forma -0.17, ataque +0.01, defensa +0.24, dif5 -0.25, bajando",portero de home sin confirmar (Stuart Skinner) | portero de away sin confirmar (Mackenzie Blackwood) | home con 3 juegos de temporada,,,,calificado,3-2,gano,1.72,3.44
2026-10-08T00:08:06,atp,184863,2026-10-07,Mariano Navone,Pablo Carreno Busta,decidir_v2,Total 22.5,under,Under 22.5,-106.0,0.5225,0.0153,baja,0.01,1 a favor / 0 en contra,,,6,5,0.17,,,"p final 52.2% (mercado 51.6%, modelo 53.5%, peso 0.35) contra 1.94 | si: modelo vs mercado a favor (+1.9 pp; voto completo (w por liga)) | no: - | dudas: ninguna",Rolex Shanghai Masters,Round 1,Grandstand 2,"modelo vs mercado a favor (+1.9 pp; voto completo (w por liga)) | osciladores (contexto, sin peso): Mariano Navone forma -0.02, ataque +0.00, defensa +0.00, dif5 +0.00, estable | Pablo Carreno Busta forma -0.08, ataque +0.00, defensa +0.00, dif5 +0.00, estable",,,,,sin_dato,4-6 7-5 6-3,,,
2026-10-08T07:45:56,atp,184928,2026-10-08,Alexander Zverev,Wu Yibing,decidir_v2,Ganador,away,Wu Yibing,720.0,0.1459,0.1961,media,0.02,1 a favor / 0 en contra,,,28,1,0.32,,-1.0,"p final 14.6% (mercado 11.7%, modelo 21.4%, peso 0.35) contra 8.20 | si: modelo vs mercado a favor (+9.7 pp; voto completo (w por liga)) | no: cuota 8.20: el EV de un longshot depende de 1-2 pp de probabilidad que el modelo no afina; baja un nivel | dudas: ninguna",Rolex Shanghai Masters,Round 2,Hard,modelo vs mercado a favor (+9.7 pp; voto completo (w por liga)),"cuota 8.20: el EV de un longshot depende de 1-2 pp de probabilidad que el modelo no afina; baja un nivel | osciladores (contexto, sin peso): Alexander Zverev forma +0.10, ataque +0.00, defensa +0.00, dif5 +0.00, estable | Wu Yibing forma -0.10, ataque +0.00, defensa +0.00, dif5 +0.00, estable",,,,calificado,6-4 7-6(4),perdio,-1.0,-2.0
2026-10-08T07:45:56,ncaafb,401862794,2026-10-08,UTSA Roadrunners,South Florida Bulls,decidir_v2,Ganador,away,South Florida Bulls,235.0,0.3345,0.1206,alta,0.03,2 a favor / 0 en contra,8.0,23.0,34,22,1.73,,-1.0,"p final 33.5% (mercado 30.4%, modelo 39.4%, peso 0.35) contra 3.35 | si: modelo vs mercado a favor (+9.0 pp; voto completo (w por liga)); movimiento de linea a favor (1.7; informacion, no ventaja (medido en futbol: apostar al movimiento pierde)) | no: - | dudas: ninguna",NCAA Fútbol Americano,,,"modelo vs mercado a favor (+9.0 pp; voto completo (w por liga)) | movimiento de linea a favor (1.7; informacion, no ventaja (medido en futbol: apostar al movimiento pierde)) | linea sharp a favor +1.7 pp desde la apertura | publico del otro lado (8.0% de boletos aqui)","osciladores (contexto, sin peso): UTSA forma +0.15, ataque -0.10, defensa -0.04, dif5 -2.51, subiendo | USF forma +0.09, ataque -0.28, defensa -0.33, dif5 -3.00, estable",,,,calificado,31-24,perdio,-1.0,-3.0
2026-10-08T07:45:56,atp,184892,2026-10-08,Vit Kopriva,Zizou Bergs,decidir_v2,Ganador,home,Vit Kopriva,240.0,0.316,0.0745,media,0.02,1 a favor / 0 en contra,,,2,3,-0.81,,-1.0,"p final 31.6% (mercado 29.4%, modelo 35.8%, peso 0.35) contra 3.40 | si: modelo vs mercado a favor (+6.4 pp; voto completo (w por liga)) | no: - | dudas: ninguna",Rolex Shanghai Masters,Round 1,Grandstand 2,modelo vs mercado a favor (+6.4 pp; voto completo (w por liga)),"osciladores (contexto, sin peso): Vit Kopriva forma -0.30, ataque +0.00, defensa +0.00, dif5 +0.00, bajando | Zizou Bergs forma -0.05, ataque +0.00, defensa +0.00, dif5 +0.00, estable",,,,calificado,6-3 6-1,perdio,-1.0,-2.0
2026-10-08T07:45:56,nhl,401892463,2026-10-08,Calgary Flames,Colorado Avalanche,decidir_v2,Ganador,home,Calgary Flames,208.0,0.3488,0.0742,media,0.02,3 a favor / 0 en contra,,,50,69,0.0,,-1.0,"p final 34.9% (mercado 31.9%, modelo 38.0%, peso 0.50) contra 3.08 | si: modelo vs mercado a favor (+6.1 pp; voto completo (w por liga)); rival en back-to-back a favor (1; +1.7 milesimas; cansado gana 44% vs 51% (ya en el modelo)); home viene de 3 derrotas a favor (L3; +2-3 pp de rebote (medido)) | no: - | dudas: capas medidas no aplicadas (el modelo ya usa xG por partido (MoneyPuck); la capa de tiros/PDO se midio sobre goles reales); portero de home sin confirmar (Dustin Wolf); portero de away sin confirmar (Mackenzie Blackwood); home con 3 juegos de temporada",NHL,,,"modelo vs mercado a favor (+6.1 pp; voto completo (w por liga)) | rival en back-to-back a favor (1; +1.7 milesimas; cansado gana 44% vs 51% (ya en el modelo)) | home viene de 3 derrotas a favor (L3; +2-3 pp de rebote (medido)) | osciladores (contexto, sin peso): CGY forma -0.07, ataque -0.15, defensa +0.00, dif5 -1.57, estable | COL forma -0.25, ataque -0.06, defensa +0.26, dif5 +0.03, bajando",portero de home sin confirmar (Dustin Wolf) | portero de away sin confirmar (Mackenzie Blackwood) | home con 3 juegos de temporada,,,,calificado,3-7,perdio,-1.0,-2.0
2026-10-08T12:38:17,nhl,401892459,2026-10-08,Montreal Canadiens,Nashville Predators,decidir_v2,Ganador,away,Nashville Predators,160.0,0.4152,0.0794,media,0.02,1 a favor / 0 en contra,,,90,59,-0.08,,1.6,"p final 41.5% (mercado 38.4%, modelo 44.7%, peso 0.50) contra 2.60 | si: modelo vs mercado a favor (+6.3 pp; voto completo (w por liga)) | no: - | dudas: capas medidas no aplicadas (el modelo ya usa xG por partido (MoneyPuck); la capa de tiros/PDO se midio sobre goles reales); portero de home sin confirmar (Jakub Dobes); portero de away sin confirmar (Juuse Saros); home con 3 juegos de temporada",NHL,,,"modelo vs mercado a favor (+6.3 pp; voto completo (w por liga)) | osciladores (contexto, sin peso): MTL forma -0.25, ataque -0.04, defensa +0.47, dif5 -2.38, bajando | NSH forma -0.05, ataque -0.10, defensa -0.14, dif5 -0.78, estable",portero de home sin confirmar (Jakub Dobes) | portero de away sin confirmar (Juuse Saros) | home con 3 juegos de temporada,,,,calificado,2-5,gano,1.6,3.2
2026-10-08T19:48:34,atp,184904,2026-10-08,Yannick Hanfmann,Frances Tiafoe,decidir_v2,Ganador,home,Yannick Hanfmann,225.0,0.3334,0.0837,alta,0.03,1 a favor / 1 en contra,,,12,6,-2.3,SHARP hacia Frances Tiafoe (+2.3 pp),-1.0,"p final 33.3% (mercado 30.2%, modelo 39.6%, peso 0.35) contra 3.25 | si: modelo vs mercado a favor (+9.4 pp; voto completo (w por liga)) | no: movimiento de linea en contra (-2.3) | dudas: ninguna",Rolex Shanghai Masters,Round 2,Grandstand 2,modelo vs mercado a favor (+9.4 pp; voto completo (w por liga)),"movimiento de linea en contra (-2.3) | linea sharp en contra -2.3 pp desde la apertura | osciladores (contexto, sin peso): Yannick Hanfmann forma +0.02, ataque +0.00, defensa +0.00, dif5 +0.00, estable | Frances Tiafoe forma +0.12, ataque +0.00, defensa +0.00, dif5 +0.00, estable",,,,calificado,6-4 6-4,perdio,-1.0,-3.0
2026-10-08T19:48:34,nhl,401892458,2026-10-08,Buffalo Sabres,Dallas Stars,decidir_v2,Ganador,home,Buffalo Sabres,105.0,0.5165,0.0587,media,0.02,1 a favor / 1 en contra,42.0,25.0,76,46,-1.07,,-1.0,"p final 51.6% (mercado 47.7%, modelo 55.6%, peso 0.50) contra 2.05 | si: modelo vs mercado a favor (+7.9 pp; voto completo (w por liga)) | no: movimiento de linea en contra (-1.1) | dudas: capas medidas no aplicadas (el modelo ya usa xG por partido (MoneyPuck); la capa de tiros/PDO se midio sobre goles reales); portero de home sin confirmar (Ukko-Pekka Luukkonen); home con 3 juegos de temporada",NHL,,,"modelo vs mercado a favor (+7.9 pp; voto completo (w por liga)) | osciladores (contexto, sin peso): BUF forma -0.15, ataque -0.08, defensa +0.33, dif5 -0.15, bajando | DAL forma -0.23, ataque -0.24, defensa +0.13, dif5 -1.45, bajando",movimiento de linea en contra (-1.1) | portero de home sin confirmar (Ukko-Pekka Luukkonen) | home con 3 juegos de temporada | linea sharp en contra -1.1 pp desde la apertura,,,,calificado,0-4,perdio,-1.0,-2.0
2026-10-09T00:20:03,atp,184926,2026-10-08,Matteo Berrettini,Brandon Nakashima,decidir_v2,Ganador,home,Matteo Berrettini,132.0,0.452,0.0487,media,0.02,1 a favor / 1 en contra,,,21,8,-2.44,SHARP hacia Brandon Nakashima (+2.4 pp),-1.0,"p final 45.2% (mercado 42.9%, modelo 49.6%, peso 0.35) contra 2.32 | si: modelo vs mercado a favor (+6.7 pp; voto completo (w por liga)) | no: movimiento de linea en contra (-2.4) | dudas: ninguna",Rolex Shanghai Masters,Round 2,Show Court 3,modelo vs mercado a favor (+6.7 pp; voto completo (w por liga)),"movimiento de linea en contra (-2.4) | linea sharp en contra -2.4 pp desde la apertura | osciladores (contexto, sin peso): Matteo Berrettini forma -0.09, ataque +0.00, defensa +0.00, dif5 +0.00, estable | Brandon Nakashima forma +0.02, ataque +0.00, defensa +0.00, dif5 +0.00, estable",,,,calificado,7-6(4) 7-5,perdio,-1.0,-2.0
2026-10-09T02:32:33,atp,184921,2026-10-08,Arthur Gea,Ugo Humbert,decidir_v2,Ganador,away,Ugo Humbert,109.0,0.4878,0.0195,baja,0.01,2 a favor / 0 en contra,,,10,6,1.44,,-1.0,"p final 48.8% (mercado 47.6%, modelo 50.9%, peso 0.35) contra 2.09 | si: modelo vs mercado a favor (+3.3 pp; voto completo (w por liga)); movimiento de linea a favor (1.4; informacion, no ventaja (medido en futbol: apostar al movimiento pierde)) | no: - | dudas: ninguna",Rolex Shanghai Masters,Round 2,Court 4,"modelo vs mercado a favor (+3.3 pp; voto completo (w por liga)) | movimiento de linea a favor (1.4; informacion, no ventaja (medido en futbol: apostar al movimiento pierde)) | linea sharp a favor +1.4 pp desde la apertura","osciladores (contexto, sin peso): Arthur Gea forma +0.12, ataque +0.00, defensa +0.00, dif5 +0.00, estable | Ugo Humbert forma -0.23, ataque +0.00, defensa +0.00, dif5 +0.00, bajando",,,,calificado,6-4 3-6 6-1,perdio,-1.0,-1.0
2026-10-09T09:37:43,atp,184918,2026-10-09,Zhou Yi,Lorenzo Musetti,decidir_v2,Ganador,home,Zhou Yi,390.0,0.2342,0.1478,media,0.02,2 a favor / 0 en contra,,,2,4,3.03,SHARP hacia Yi Zhou (+3.0 pp),3.9,"p final 23.4% (mercado 20.4%, modelo 29.9%, peso 0.35) contra 4.90 | si: modelo vs mercado a favor (+9.5 pp; voto completo (w por liga)); movimiento de linea a favor (3.0; informacion, no ventaja (medido en futbol: apostar al movimiento pierde)) | no: cuota 4.90: el EV de un longshot depende de 1-2 pp de probabilidad que el modelo no afina; baja un nivel | dudas: ninguna",Rolex Shanghai Masters,Round 2,Stadium Court,"modelo vs mercado a favor (+9.5 pp; voto completo (w por liga)) | movimiento de linea a favor (3.0; informacion, no ventaja (medido en futbol: apostar al movimiento pierde)) | linea sharp a favor +3.0 pp desde la apertura | angulo T3 carga de 14 dias: Lorenzo Musetti rindio -2.8 pp contra el modelo fuera de muestra (14,452 casos, z 4.81, no pasa); sin peso","cuota 4.90: el EV de un longshot depende de 1-2 pp de probabilidad que el modelo no afina; baja un nivel | osciladores (contexto, sin peso): Zhou Yi forma -0.10, ataque +0.00, defensa +0.00, dif5 +0.00, estable | Lorenzo Musetti forma -0.02, ataque +0.00, defensa +0.00, dif5 +0.00, estable",T3:away,1,0,calificado,7-6(7) 3-6 7-6(1),gano,3.9,7.8
2026-10-09T09:37:43,atp,184910,2026-10-09,Thiago Agustin Tirante,Rafael Jodar,decidir_v2,Ganador,home,Thiago Agustin Tirante,221.0,0.3386,0.087,alta,0.03,1 a favor / 1 en contra,,,9,8,-1.82,,,"p final 33.9% (mercado 30.9%, modelo 39.8%, peso 0.35) contra 3.21 | si: modelo vs mercado a favor (+8.9 pp; voto completo (w por liga)) | no: movimiento de linea en contra (-1.8) | dudas: ninguna",Rolex Shanghai Masters,Round 2,Show Court 3,"modelo vs mercado a favor (+8.9 pp; voto completo (w por liga)) | osciladores (contexto, sin peso): Thiago Agustin Tirante forma -0.01, ataque +0.00, defensa +0.00, dif5 +0.00, estable | Rafael Jodar forma -0.10, ataque +0.00, defensa +0.00, dif5 +0.00, estable",movimiento de linea en contra (-1.8) | linea sharp en contra -1.8 pp desde la apertura,,,,pendiente,,,,
2026-10-09T09:37:43,atp,184909,2026-10-09,Daniil Medvedev,Jan-Lennard Struff,decidir_v2,Ganador,away,Jan-Lennard Struff,501.0,0.1805,0.0847,media,0.02,1 a favor / 1 en contra,,,11,8,-1.31,,-1.0,"p final 18.1% (mercado 16.1%, modelo 22.1%, peso 0.35) contra 6.01 | si: modelo vs mercado a favor (+6.0 pp; voto completo (w por liga)) | no: cuota 6.01: el EV de un longshot depende de 1-2 pp de probabilidad que el modelo no afina; baja un nivel; movimiento de linea en contra (-1.3) | dudas: ninguna",Rolex Shanghai Masters,Round 2,Grandstand 2,modelo vs mercado a favor (+6.0 pp; voto completo (w por liga)),"cuota 6.01: el EV de un longshot depende de 1-2 pp de probabilidad que el modelo no afina; baja un nivel | movimiento de linea en contra (-1.3) | linea sharp en contra -1.3 pp desde la apertura | osciladores (contexto, sin peso): Daniil Medvedev forma +0.06, ataque +0.00, defensa +0.00, dif5 +0.00, estable | Jan-Lennard Struff sin senal | angulo T3 carga de 14 dias: Jan-Lennard Struff rindio -2.8 pp contra el modelo fuera de muestra (14,452 casos, z 4.81, no pasa); sin peso",T3:away,0,1,calificado,6-4 6-3,perdio,-1.0,-2.0
2026-10-09T09:37:43,atp,184898,2026-10-09,Matteo Arnaldi,Taylor Fritz,decidir_v2,Ganador,home,Matteo Arnaldi,330.0,0.2512,0.0801,media,0.02,1 a favor / 0 en contra,,,13,6,-0.25,,,"p final 25.1% (mercado 23.2%, modelo 29.0%, peso 0.35) contra 4.30 | si: modelo vs mercado a favor (+5.8 pp; voto completo (w por liga)) | no: cuota 4.30: el EV de un longshot depende de 1-2 pp de probabilidad que el modelo no afina; baja un nivel | dudas: ninguna",Rolex Shanghai Masters,Round 2,Grandstand 2,"modelo vs mercado a favor (+5.8 pp; voto completo (w por liga)) | osciladores (contexto, sin peso): Matteo Arnaldi forma -0.03, ataque +0.00, defensa +0.00, dif5 +0.00, estable | Taylor Fritz forma -0.09, ataque +0.00, defensa +0.00, dif5 +0.00, estable | angulo T3 carga de 14 dias: Taylor Fritz rindio -2.8 pp contra el modelo fuera de muestra (14,452 casos, z 4.81, no pasa); sin peso",cuota 4.30: el EV de un longshot depende de 1-2 pp de probabilidad que el modelo no afina; baja un nivel,T3:away,1,0,pendiente,,,,
2026-10-09T12:30:58,laliga,401882851,2026-10-09,Málaga,Espanyol,decidir_v2,Total 2.25,under,Under 2.25 (pinnacle),110.0,0.5009,0.0519,baja,0.01,1 a favor / 1 en contra,,,20,15,-1.7,,,"p final 50.1% (mercado 46.5%, modelo 60.7%, peso 0.25) contra 2.10 | si: modelo vs mercado a favor (+14.2 pp; voto completo (w por liga)); linea comprada en pinnacle (Total 2.25): mejor que la de referencia under Total 2.5 (EV +0.5%) | no: modelo 14 pp arriba del mercado en el total: baja un nivel; movimiento de linea en contra (-1.7) | dudas: ninguna",La Liga,,,modelo vs mercado a favor (+14.2 pp; voto completo (w por liga)) | linea comprada en pinnacle (Total 2.25): mejor que la de referencia under Total 2.5 (EV +0.5%),"modelo 14 pp arriba del mercado en el total: baja un nivel | movimiento de linea en contra (-1.7) | linea sharp en contra -1.7 pp desde la apertura | osciladores (contexto, sin peso): MCF forma +0.00, ataque +0.00, defensa +0.00, dif5 -0.11, estable | ESP forma +0.01, ataque +0.30, defensa +0.02, dif5 -0.10, estable",F1:away; F15:home,,,pendiente,,,,
2026-10-09T16:40:24,atp,184907,2026-10-09,Jiri Lehecka,Nuno Borges,decidir_v2,Ganador,away,Nuno Borges,240.0,0.3344,0.1369,alta,0.03,2 a favor / 0 en contra,,,7,9,2.89,SHARP hacia Nuno Borges (+2.9 pp),,"p final 33.4% (mercado 30.4%, modelo 39.5%, peso 0.35) contra 3.40 | si: modelo vs mercado a favor (+9.2 pp; voto completo (w por liga)); movimiento de linea a favor (2.9; informacion, no ventaja (medido en futbol: apostar al movimiento pierde)) | no: - | dudas: ninguna",Rolex Shanghai Masters,Round 2,Court 4,"modelo vs mercado a favor (+9.2 pp; voto completo (w por liga)) | movimiento de linea a favor (2.9; informacion, no ventaja (medido en futbol: apostar al movimiento pierde)) | linea sharp a favor +2.9 pp desde la apertura","osciladores (contexto, sin peso): Jiri Lehecka forma +0.16, ataque +0.00, defensa +0.00, dif5 +0.00, subiendo | Nuno Borges forma +0.09, ataque +0.00, defensa +0.00, dif5 +0.00, estable | angulo T3 carga de 14 dias: Nuno Borges rindio -2.8 pp contra el modelo fuera de muestra (14,452 casos, z 4.81, no pasa); sin peso",T3:away,0,1,pendiente,,,,
2026-10-09T21:24:58,ncaafb,401860922,2026-10-09,Utah State Aggies,Washington State Cougars,decidir_v2,Ganador,away,Washington State Cougars,158.0,0.4089,0.0549,media,0.02,2 a favor / 0 en contra,16.0,79.0,23,17,2.38,SHARP hacia Washington State Cougars (+2.4 pp),,"p final 40.9% (mercado 38.5%, modelo 45.4%, peso 0.35) contra 2.58 | si: modelo vs mercado a favor (+6.9 pp; voto completo (w por liga)); movimiento de linea a favor (2.4; informacion, no ventaja (medido en futbol: apostar al movimiento pierde)) | no: - | dudas: ninguna",NCAA Fútbol Americano,,,"modelo vs mercado a favor (+6.9 pp; voto completo (w por liga)) | movimiento de linea a favor (2.4; informacion, no ventaja (medido en futbol: apostar al movimiento pierde)) | linea sharp a favor +2.4 pp desde la apertura | publico del otro lado (16.0% de boletos aqui)","osciladores (contexto, sin peso): USU forma -0.15, ataque -0.46, defensa -0.12, dif5 -8.77, bajando | WSU forma -0.21, ataque -0.14, defensa +0.12, dif5 -5.82, bajando | angulo N12 tras perder por 20 o mas: WSU rindio -1.1 pp contra el modelo fuera de muestra (245 casos, z -0.52, muestra insuficiente); sin peso",N12:away,0,1,pendiente,,,,
2026-10-10T04:55:27,npb,npb-20261010-西武-日本ハム,2026-10-09,Lions,Fighters,sistema estimado,Ganador,away,Fighters,177.0,0.3937,0.0905,media,0.02,1 a favor / 4 en contra,,,92,41,,,,"p final 60.6% (Pinnacle 61.5%, modelo 58.0%) contra 177.0",NPB,,,modelo 58.0% contra Pinnacle 61.5% | historial directo,"abridor en contra 0.72 carreras | forma reciente | osciladores | abridor | racha | osciladores (contexto, sin peso): Lions forma +0.04, ataque +0.03, defensa +0.05, dif5 +1.75, estable | Fighters forma -0.04, ataque -0.10, defensa +0.17, dif5 -0.80, estable",B10:home; B13:home; Q1:home,0,0,pendiente,,,,
