registrado,liga,id,fecha,home,away,p_modelo,p_sharp,p_final,mercado,lado,pick,cuota,ev,cuota_min,confianza,stake,senales_favor,senales_contra,premium_nivel,premium_pts
2026-10-04T02:48:29,kbo,kbo-20261004HTLG0,2026-10-03,LG Twins,Kia Tigers,0.4957,0.544,0.532,Ganador,away,Kia Tigers,115.0,0.0063,2.14,minima,0.0,4,0,lean,49.0
2026-10-04T02:48:29,kbo,kbo-20261004OBSS0,2026-10-03,Samsung Lions,Doosan Bears,0.5838,0.5564,0.5633,Ganador,home,Samsung Lions,-125.0,0.0139,1.78,media,0.02,6,0,lean,61.5
2026-10-04T02:48:29,kbo,kbo-20261004SKNC0,2026-10-03,NC Dinos,SSG Landers,0.5261,0.5321,0.5306,Ganador,away,SSG Landers,110.0,-0.0142,2.13,minima,0.0,2,1,pasar,41.6
2026-10-04T02:48:29,kbo,kbo-20261004WOHH0,2026-10-03,Hanwha Eagles,Kiwoom Heroes,0.5769,0.4629,0.4915,Ganador,home,Hanwha Eagles,110.0,0.0321,2.03,baja,0.01,1,4,pasar,25.8
2026-10-04T02:48:29,kbo,kbo-20261004LTKT0,2026-10-04,KT Wiz,Lotte Giants,0.636,0.6557,0.6508,Run line,home,KT Wiz -1.5,100.0,0.0312,1.94,baja,0.01,2,1,pasar,36.5
2026-10-04T02:48:29,npb,npb-20261004-ヤクルト-広島,2026-10-04,Swallows,Carp,0.5593,0.4097,0.4466,Ganador,home,Swallows,137.0,0.0585,2.24,media,0.02,1,6,pasar,39.5
2026-10-04T02:48:29,npb,npb-20261004-DeNA-阪神,2026-10-04,Bay Stars,Tigers,0.5162,0.5303,0.5268,Ganador,away,Tigers,107.0,-0.0204,2.11,minima,0.0,4,3,lean,47.0
2026-10-04T02:48:29,npb,npb-20261004-ロッテ-楽天,2026-10-04,Marines,Golden Eagles,0.4182,0.4817,0.4657,Run line,away,Golden Eagles -1.5,155.0,0.0141,2.51,baja,0.01,4,1,pasar,44.4
2026-10-04T02:48:29,mlb,401908003,2026-10-04,Milwaukee Brewers,San Diego Padres,0.5902,0.5342,0.5483,Ganador,away,San Diego Padres,130.0,0.0388,2.21,baja,0.01,3,4,lean,48.3
2026-10-04T02:48:29,mlb,401908014,2026-10-04,Los Angeles Dodgers,Atlanta Braves,0.647,0.5851,0.6009,Run line,home,Los Angeles Dodgers -1.5,160.0,0.0904,2.38,alta,0.03,5,1,pick,61.7
2026-10-04T10:00:11,mlb,401907991,2026-10-05,Cleveland Guardians,Chicago White Sox,0.5676,0.5867,0.5819,Run line,home,Cleveland Guardians -1.5,155.0,0.0223,2.49,baja,0.01,2,3,pasar,34.9
2026-10-04T10:00:11,mlb,401907986,2026-10-05,Tampa Bay Rays,New York Yankees,0.5322,0.4652,0.4819,Ganador,home,Tampa Bay Rays,120.0,0.0602,2.08,media,0.02,2,4,lean,56.0
2026-10-04T15:29:46,kbo,kbo-20261005HTLG0,2026-10-04,LG Twins,Kia Tigers,0.4914,0.486,0.4874,Run line,away,Kia Tigers -1.5,148.0,0.0819,2.29,alta,0.03,4,0,lean,46.1
2026-10-04T15:29:46,kbo,kbo-20261005OBSS0,2026-10-04,Samsung Lions,Doosan Bears,0.5648,0.5564,0.5585,Ganador,home,Samsung Lions,-132.0,-0.0184,1.79,minima,0.0,2,3,pasar,43.5
2026-10-04T15:29:46,kbo,kbo-20261005LTKT0,2026-10-04,KT Wiz,Lotte Giants,0.6345,0.5992,0.6081,Run line,home,KT Wiz -1.5,138.0,0.0908,2.18,alta,0.03,2,2,pasar,27.4
2026-10-04T15:29:46,kbo,kbo-20261005SKNC0,2026-10-04,NC Dinos,SSG Landers,0.5155,0.3957,0.4251,Ganador,home,NC Dinos,145.0,0.0414,2.35,minima,0.0,0,4,pasar,20.3
2026-10-04T15:29:46,kbo,kbo-20261005WOHH0,2026-10-04,Hanwha Eagles,Kiwoom Heroes,0.5627,0.6215,0.6071,Ganador,away,Kiwoom Heroes,160.0,0.0216,2.54,baja,0.01,4,2,lean,47.5
2026-10-04T15:29:46,npb,npb-20261005-楽天-ソフトバンク,2026-10-05,Golden Eagles,Hawks,0.3503,0.4147,0.3982,Run line,away,Hawks -1.5,115.0,0.0051,2.14,minima,0.0,3,0,lean,60.1
2026-10-04T15:29:46,npb,npb-20261005-ロッテ-西武,2026-10-05,Marines,Lions,0.474,0.4977,0.4918,Run line,away,Lions -1.5,168.0,-0.0028,2.69,minima,0.0,2,3,pasar,37.2
