registrado,liga,id,fecha,home,away,home_key,away_key,codigo,angulo,lado,x,p_modelo_lado,efecto_medido_pp,veredicto_medido,signo_esperado
2026-10-09T09:37:38,atp,184898,2026-10-09,Matteo Arnaldi,Taylor Fritz,Matteo Arnaldi,Taylor Fritz,T3,carga de 14 dias,away,-0.2,0.7103,-2.77,no pasa,1
2026-10-09T09:37:38,atp,184898,2026-10-09,Matteo Arnaldi,Taylor Fritz,Matteo Arnaldi,Taylor Fritz,_TODOS,todos los partidos,away,0,0.7103,,,
2026-10-09T09:37:38,atp,184898,2026-10-09,Matteo Arnaldi,Taylor Fritz,Matteo Arnaldi,Taylor Fritz,_TODOS,todos los partidos,home,0,0.2897,,,
2026-10-09T09:37:38,atp,184901,2026-10-09,Dalibor Svrcina,Tomas Martin Etcheverry,Dalibor Svrcina,Tomas Martin Etcheverry,_TODOS,todos los partidos,away,0,0.5767,,,
2026-10-09T09:37:38,atp,184901,2026-10-09,Dalibor Svrcina,Tomas Martin Etcheverry,Dalibor Svrcina,Tomas Martin Etcheverry,_TODOS,todos los partidos,home,0,0.4233,,,
2026-10-09T09:37:38,atp,184907,2026-10-09,Jiri Lehecka,Nuno Borges,Jiri Lehecka,Nuno Borges,T3,carga de 14 dias,away,-0.6,0.3953,-2.77,no pasa,1
2026-10-09T09:37:38,atp,184907,2026-10-09,Jiri Lehecka,Nuno Borges,Jiri Lehecka,Nuno Borges,_TODOS,todos los partidos,away,0,0.3953,,,
2026-10-09T09:37:38,atp,184907,2026-10-09,Jiri Lehecka,Nuno Borges,Jiri Lehecka,Nuno Borges,_TODOS,todos los partidos,home,0,0.6047,,,
2026-10-09T09:37:38,atp,184908,2026-10-09,Camilo Ugo Carabelli,Felix Auger-Aliassime,Camilo Ugo Carabelli,Felix Auger-Aliassime,T3,carga de 14 dias,away,-0.4,0.7074,-2.77,no pasa,1
2026-10-09T09:37:38,atp,184908,2026-10-09,Camilo Ugo Carabelli,Felix Auger-Aliassime,Camilo Ugo Carabelli,Felix Auger-Aliassime,_TODOS,todos los partidos,away,0,0.7074,,,
2026-10-09T09:37:38,atp,184908,2026-10-09,Camilo Ugo Carabelli,Felix Auger-Aliassime,Camilo Ugo Carabelli,Felix Auger-Aliassime,_TODOS,todos los partidos,home,0,0.2926,,,
2026-10-09T09:37:38,atp,184909,2026-10-09,Daniil Medvedev,Jan-Lennard Struff,Daniil Medvedev,Jan-Lennard Struff,T3,carga de 14 dias,away,-1.6,0.2212,-2.77,no pasa,1
2026-10-09T09:37:38,atp,184909,2026-10-09,Daniil Medvedev,Jan-Lennard Struff,Daniil Medvedev,Jan-Lennard Struff,_TODOS,todos los partidos,away,0,0.2212,,,
2026-10-09T09:37:38,atp,184909,2026-10-09,Daniil Medvedev,Jan-Lennard Struff,Daniil Medvedev,Jan-Lennard Struff,_TODOS,todos los partidos,home,0,0.7788,,,
2026-10-09T09:37:38,atp,184910,2026-10-09,Thiago Agustin Tirante,Rafael Jodar,Thiago Agustin Tirante,Rafael Jodar,_TODOS,todos los partidos,away,0,0.6024,,,
2026-10-09T09:37:38,atp,184910,2026-10-09,Thiago Agustin Tirante,Rafael Jodar,Thiago Agustin Tirante,Rafael Jodar,_TODOS,todos los partidos,home,0,0.3976,,,
2026-10-09T09:37:38,atp,184912,2026-10-09,Bu Yunchaokete,Casper Ruud,Bu Yunchaokete,Casper Ruud,T3,carga de 14 dias,away,-0.8,0.6727,-2.77,no pasa,1
2026-10-09T09:37:38,atp,184912,2026-10-09,Bu Yunchaokete,Casper Ruud,Bu Yunchaokete,Casper Ruud,_TODOS,todos los partidos,away,0,0.6727,,,
2026-10-09T09:37:38,atp,184912,2026-10-09,Bu Yunchaokete,Casper Ruud,Bu Yunchaokete,Casper Ruud,_TODOS,todos los partidos,home,0,0.3273,,,
2026-10-09T09:37:38,atp,184913,2026-10-09,Alejandro Tabilo,Pablo Carreno Busta,Alejandro Tabilo,Pablo Carreno Busta,T3,carga de 14 dias,away,-0.2,0.5123,-2.77,no pasa,1
2026-10-09T09:37:38,atp,184913,2026-10-09,Alejandro Tabilo,Pablo Carreno Busta,Alejandro Tabilo,Pablo Carreno Busta,_TODOS,todos los partidos,away,0,0.5123,,,
2026-10-09T09:37:38,atp,184913,2026-10-09,Alejandro Tabilo,Pablo Carreno Busta,Alejandro Tabilo,Pablo Carreno Busta,_TODOS,todos los partidos,home,0,0.4877,,,
2026-10-09T09:37:38,atp,184917,2026-10-09,Novak Djokovic,Hubert Hurkacz,Novak Djokovic,Hubert Hurkacz,T3,carga de 14 dias,home,0.8,0.769,-2.77,no pasa,1
2026-10-09T09:37:38,atp,184917,2026-10-09,Novak Djokovic,Hubert Hurkacz,Novak Djokovic,Hubert Hurkacz,_TODOS,todos los partidos,away,0,0.231,,,
2026-10-09T09:37:38,atp,184917,2026-10-09,Novak Djokovic,Hubert Hurkacz,Novak Djokovic,Hubert Hurkacz,_TODOS,todos los partidos,home,0,0.769,,,
2026-10-09T09:37:38,atp,184918,2026-10-09,Zhou Yi,Lorenzo Musetti,Zhou Yi,Lorenzo Musetti,T3,carga de 14 dias,away,-0.4,0.7013,-2.77,no pasa,1
2026-10-09T09:37:38,atp,184918,2026-10-09,Zhou Yi,Lorenzo Musetti,Zhou Yi,Lorenzo Musetti,_TODOS,todos los partidos,away,0,0.7013,,,
2026-10-09T09:37:38,atp,184918,2026-10-09,Zhou Yi,Lorenzo Musetti,Zhou Yi,Lorenzo Musetti,_TODOS,todos los partidos,home,0,0.2987,,,
2026-10-09T09:37:38,atp,184925,2026-10-09,Alexander Bublik,Tomas Machac,Alexander Bublik,Tomas Machac,_TODOS,todos los partidos,away,0,0.5079,,,
2026-10-09T09:37:38,atp,184925,2026-10-09,Alexander Bublik,Tomas Machac,Alexander Bublik,Tomas Machac,_TODOS,todos los partidos,home,0,0.4921,,,
2026-10-09T09:37:38,bundesliga,401884781,2026-10-09,Borussia Dortmund,Werder Bremen,Dortmund,Werder Bremen,F15,favorito tras fecha FIFA,home,1,0.7129,2.21,no pasa,-1
2026-10-09T09:37:38,bundesliga,401884781,2026-10-09,Borussia Dortmund,Werder Bremen,Dortmund,Werder Bremen,_TODOS,todos los partidos,away,0,0.1088,,,
2026-10-09T09:37:38,bundesliga,401884781,2026-10-09,Borussia Dortmund,Werder Bremen,Dortmund,Werder Bremen,_TODOS,todos los partidos,home,0,0.7129,,,
2026-10-09T09:37:38,kbo,kbo-20261010LGLT0,2026-10-09,Lotte Giants,LG Twins,Lotte Giants,LG Twins,B10,primer juego de serie,home,1,0.44918291089003737,0.82,no pasa,1
2026-10-09T09:37:38,kbo,kbo-20261010LGLT0,2026-10-09,Lotte Giants,LG Twins,Lotte Giants,LG Twins,B21,tras perder por 7 o mas,home,1,0.44918291089003737,-0.0,no pasa,1
2026-10-09T09:37:38,kbo,kbo-20261010LGLT0,2026-10-09,Lotte Giants,LG Twins,Lotte Giants,LG Twins,Q1,revancha (perdio el ultimo cruce),away,-1,0.5508170891099626,0.61,no pasa,1
2026-10-09T09:37:38,kbo,kbo-20261010LGLT0,2026-10-09,Lotte Giants,LG Twins,Lotte Giants,LG Twins,_TODOS,todos los partidos,away,0,0.5508170891099626,,,
2026-10-09T09:37:38,kbo,kbo-20261010LGLT0,2026-10-09,Lotte Giants,LG Twins,Lotte Giants,LG Twins,_TODOS,todos los partidos,home,0,0.44918291089003737,,,
2026-10-09T09:37:38,laliga,401882851,2026-10-09,Málaga,Espanyol,Malaga,Espanol,F1,diferencia de descanso,away,-0.6666666666666666,0.3347,-0.32,no pasa,1
2026-10-09T09:37:38,laliga,401882851,2026-10-09,Málaga,Espanyol,Malaga,Espanol,F15,favorito tras fecha FIFA,home,1,0.3578,2.21,no pasa,-1
2026-10-09T09:37:38,laliga,401882851,2026-10-09,Málaga,Espanyol,Malaga,Espanol,_TODOS,todos los partidos,away,0,0.3347,,,
2026-10-09T09:37:38,laliga,401882851,2026-10-09,Málaga,Espanyol,Malaga,Espanol,_TODOS,todos los partidos,home,0,0.3578,,,
2026-10-09T09:37:38,ligamx,401876953,2026-10-09,Tigres UANL,Toluca,Tigres UANL,Toluca,F1,diferencia de descanso,away,-0.3333333333333333,0.3737,-0.32,no pasa,1
2026-10-09T09:37:38,ligamx,401876953,2026-10-09,Tigres UANL,Toluca,Tigres UANL,Toluca,F15,favorito tras fecha FIFA,away,-1,0.3737,2.21,no pasa,-1
2026-10-09T09:37:38,ligamx,401876953,2026-10-09,Tigres UANL,Toluca,Tigres UANL,Toluca,_TODOS,todos los partidos,away,0,0.3737,,,
2026-10-09T09:37:38,ligamx,401876953,2026-10-09,Tigres UANL,Toluca,Tigres UANL,Toluca,_TODOS,todos los partidos,home,0,0.3526,,,
2026-10-09T09:37:38,ligamx,401876954,2026-10-09,Puebla,León,Puebla,Club Leon,F1,diferencia de descanso,home,0.3333333333333333,0.3348,-0.32,no pasa,1
2026-10-09T09:37:38,ligamx,401876954,2026-10-09,Puebla,León,Puebla,Club Leon,F14,altitud en Liga MX,home,1,0.3348,1.46,muestra insuficiente,1
2026-10-09T09:37:38,ligamx,401876954,2026-10-09,Puebla,León,Puebla,Club Leon,_TODOS,todos los partidos,away,0,0.3872,,,
2026-10-09T09:37:38,ligamx,401876954,2026-10-09,Puebla,León,Puebla,Club Leon,_TODOS,todos los partidos,home,0,0.3348,,,
2026-10-09T09:37:38,ligue1,401876447,2026-10-09,Lens,Lyon,Lens,Lyon,F1,diferencia de descanso,home,0.3333333333333333,0.4171,-0.32,no pasa,1
2026-10-09T09:37:38,ligue1,401876447,2026-10-09,Lens,Lyon,Lens,Lyon,F15,favorito tras fecha FIFA,home,1,0.4171,2.21,no pasa,-1
2026-10-09T09:37:38,ligue1,401876447,2026-10-09,Lens,Lyon,Lens,Lyon,_TODOS,todos los partidos,away,0,0.3202,,,
2026-10-09T09:37:38,ligue1,401876447,2026-10-09,Lens,Lyon,Lens,Lyon,_TODOS,todos los partidos,home,0,0.4171,,,
2026-10-09T09:37:38,ncaafb,401856826,2026-10-09,BYU Cougars,Iowa State Cyclones,BYU Cougars,Iowa State Cyclones,_TODOS,todos los partidos,away,0,0.1991,,,
2026-10-09T09:37:38,ncaafb,401856826,2026-10-09,BYU Cougars,Iowa State Cyclones,BYU Cougars,Iowa State Cyclones,_TODOS,todos los partidos,home,0,0.8009,,,
2026-10-09T09:37:38,ncaafb,401858254,2026-10-09,Louisville Cardinals,Florida State Seminoles,Louisville Cardinals,Florida State Seminoles,_TODOS,todos los partidos,away,0,0.2662,,,
2026-10-09T09:37:38,ncaafb,401858254,2026-10-09,Louisville Cardinals,Florida State Seminoles,Louisville Cardinals,Florida State Seminoles,_TODOS,todos los partidos,home,0,0.7338,,,
2026-10-09T09:37:38,ncaafb,401858487,2026-10-09,Washington Huskies,Iowa Hawkeyes,Washington Huskies,Iowa Hawkeyes,_TODOS,todos los partidos,away,0,0.4042,,,
2026-10-09T09:37:38,ncaafb,401858487,2026-10-09,Washington Huskies,Iowa Hawkeyes,Washington Huskies,Iowa Hawkeyes,_TODOS,todos los partidos,home,0,0.5958,,,
2026-10-09T09:37:38,ncaafb,401860922,2026-10-09,Utah State Aggies,Washington State Cougars,Utah State Aggies,Washington State Cougars,N12,tras perder por 20 o mas,away,-1,0.4541,-1.07,muestra insuficiente,1
2026-10-09T09:37:38,ncaafb,401860922,2026-10-09,Utah State Aggies,Washington State Cougars,Utah State Aggies,Washington State Cougars,_TODOS,todos los partidos,away,0,0.4541,,,
2026-10-09T09:37:38,ncaafb,401860922,2026-10-09,Utah State Aggies,Washington State Cougars,Utah State Aggies,Washington State Cougars,_TODOS,todos los partidos,home,0,0.5459,,,
2026-10-09T09:37:38,ncaafb,401864519,2026-10-09,San José State Spartans,Wyoming Cowboys,San José State Spartans,Wyoming Cowboys,N12,tras perder por 20 o mas,away,-1,0.3229,-1.07,muestra insuficiente,1
2026-10-09T09:37:38,ncaafb,401864519,2026-10-09,San José State Spartans,Wyoming Cowboys,San José State Spartans,Wyoming Cowboys,N8,segundo juego seguido de visita,home,1,0.6771,3.67,muestra insuficiente,1
2026-10-09T09:37:38,ncaafb,401864519,2026-10-09,San José State Spartans,Wyoming Cowboys,San José State Spartans,Wyoming Cowboys,_TODOS,todos los partidos,away,0,0.3229,,,
2026-10-09T09:37:38,ncaafb,401864519,2026-10-09,San José State Spartans,Wyoming Cowboys,San José State Spartans,Wyoming Cowboys,_TODOS,todos los partidos,home,0,0.6771,,,
2026-10-09T09:37:38,nhl,401892465,2026-10-09,Detroit Red Wings,Seattle Kraken,DET,SEA,H18,partido anterior fisico (castigos),home,2.3,0.5872,0.13,no pasa,1
2026-10-09T09:37:38,nhl,401892465,2026-10-09,Detroit Red Wings,Seattle Kraken,DET,SEA,H21,tras perder por 4 o mas,away,-1,0.4128,0.07,no pasa,1
2026-10-09T09:37:38,nhl,401892465,2026-10-09,Detroit Red Wings,Seattle Kraken,DET,SEA,_TODOS,todos los partidos,away,0,0.4128,,,
2026-10-09T09:37:38,nhl,401892465,2026-10-09,Detroit Red Wings,Seattle Kraken,DET,SEA,_TODOS,todos los partidos,home,0,0.5872,,,
2026-10-09T09:37:38,nhl,401892466,2026-10-09,Washington Capitals,New York Rangers,WSH,NYR,H18,partido anterior fisico (castigos),home,1.2,0.5525,0.13,no pasa,1
2026-10-09T09:37:38,nhl,401892466,2026-10-09,Washington Capitals,New York Rangers,WSH,NYR,H4,un dia de diferencia de descanso,away,-1,0.4475,2.85,no pasa,1
2026-10-09T09:37:38,nhl,401892466,2026-10-09,Washington Capitals,New York Rangers,WSH,NYR,_TODOS,todos los partidos,away,0,0.4475,,,
2026-10-09T09:37:38,nhl,401892466,2026-10-09,Washington Capitals,New York Rangers,WSH,NYR,_TODOS,todos los partidos,home,0,0.5525,,,
2026-10-09T09:37:38,nhl,401892467,2026-10-09,Columbus Blue Jackets,Pittsburgh Penguins,CBJ,PIT,H13,gira del visitante (2+ seguidos de visita),home,1,0.5398,1.19,no pasa,1
2026-10-09T09:37:38,nhl,401892467,2026-10-09,Columbus Blue Jackets,Pittsburgh Penguins,CBJ,PIT,H7,carga de 7 dias,home,2,0.5398,3.34,no pasa,1
2026-10-09T09:37:38,nhl,401892467,2026-10-09,Columbus Blue Jackets,Pittsburgh Penguins,CBJ,PIT,_TODOS,todos los partidos,away,0,0.4602,,,
2026-10-09T09:37:38,nhl,401892467,2026-10-09,Columbus Blue Jackets,Pittsburgh Penguins,CBJ,PIT,_TODOS,todos los partidos,home,0,0.5398,,,
2026-10-09T09:37:38,nhl,401892468,2026-10-09,Winnipeg Jets,Anaheim Ducks,WPG,ANA,H18,partido anterior fisico (castigos),home,0.6,0.508,0.13,no pasa,1
2026-10-09T09:37:38,nhl,401892468,2026-10-09,Winnipeg Jets,Anaheim Ducks,WPG,ANA,H23,cuarto juego en 6 noches,away,-1,0.492,2.95,no pasa,1
2026-10-09T09:37:38,nhl,401892468,2026-10-09,Winnipeg Jets,Anaheim Ducks,WPG,ANA,H7,carga de 7 dias,away,-1,0.492,3.34,no pasa,1
2026-10-09T09:37:38,nhl,401892468,2026-10-09,Winnipeg Jets,Anaheim Ducks,WPG,ANA,_TODOS,todos los partidos,away,0,0.492,,,
2026-10-09T09:37:38,nhl,401892468,2026-10-09,Winnipeg Jets,Anaheim Ducks,WPG,ANA,_TODOS,todos los partidos,home,0,0.508,,,
2026-10-09T09:37:38,npb,npb-20261010-巨人-DeNA,2026-10-09,Giants,Bay Stars,Giants,Bay Stars,B10,primer juego de serie,home,1,0.5320490422828086,0.82,no pasa,1
2026-10-09T09:37:38,npb,npb-20261010-巨人-DeNA,2026-10-09,Giants,Bay Stars,Giants,Bay Stars,B15,tras extra innings,home,1,0.5320490422828086,-2.81,no pasa,1
2026-10-09T09:37:38,npb,npb-20261010-巨人-DeNA,2026-10-09,Giants,Bay Stars,Giants,Bay Stars,Q1,revancha (perdio el ultimo cruce),home,1,0.5320490422828086,0.61,no pasa,1
2026-10-09T09:37:38,npb,npb-20261010-巨人-DeNA,2026-10-09,Giants,Bay Stars,Giants,Bay Stars,_TODOS,todos los partidos,away,0,0.4679509577171914,,,
2026-10-09T09:37:38,npb,npb-20261010-巨人-DeNA,2026-10-09,Giants,Bay Stars,Giants,Bay Stars,_TODOS,todos los partidos,home,0,0.5320490422828086,,,
2026-10-09T09:37:38,npb,npb-20261010-西武-日本ハム,2026-10-09,Lions,Fighters,Lions,Fighters,B10,primer juego de serie,home,1,0.47506587131400246,0.82,no pasa,1
2026-10-09T09:37:38,npb,npb-20261010-西武-日本ハム,2026-10-09,Lions,Fighters,Lions,Fighters,B13,gira del visitante (2+ seguidos de visita),home,0.4,0.47506587131400246,0.12,no pasa,1
2026-10-09T09:37:38,npb,npb-20261010-西武-日本ハム,2026-10-09,Lions,Fighters,Lions,Fighters,Q1,revancha (perdio el ultimo cruce),home,1,0.47506587131400246,0.61,no pasa,1
2026-10-09T09:37:38,npb,npb-20261010-西武-日本ハム,2026-10-09,Lions,Fighters,Lions,Fighters,_TODOS,todos los partidos,away,0,0.5249341286859975,,,
2026-10-09T09:37:38,npb,npb-20261010-西武-日本ハム,2026-10-09,Lions,Fighters,Lions,Fighters,_TODOS,todos los partidos,home,0,0.47506587131400246,,,
2026-10-09T09:37:38,wta,184353,2026-10-09,Elise Mertens,Iga Swiatek,Elise Mertens,Iga Swiatek,_TODOS,todos los partidos,away,0,0.7928,,,
2026-10-09T09:37:38,wta,184353,2026-10-09,Elise Mertens,Iga Swiatek,Elise Mertens,Iga Swiatek,_TODOS,todos los partidos,home,0,0.2072,,,
2026-10-09T09:37:38,wta,184357,2026-10-09,Mirra Andreeva,Nikola Bartunkova,Mirra Andreeva,Nikola Bartunkova,T3,carga de 14 dias,away,-0.4,0.2725,-3.78,no pasa,1
2026-10-09T09:37:38,wta,184357,2026-10-09,Mirra Andreeva,Nikola Bartunkova,Mirra Andreeva,Nikola Bartunkova,T5,primer torneo tras un Grand Slam,home,1,0.7275,-3.63,no pasa,1
2026-10-09T09:37:38,wta,184357,2026-10-09,Mirra Andreeva,Nikola Bartunkova,Mirra Andreeva,Nikola Bartunkova,_TODOS,todos los partidos,away,0,0.2725,,,
2026-10-09T09:37:38,wta,184357,2026-10-09,Mirra Andreeva,Nikola Bartunkova,Mirra Andreeva,Nikola Bartunkova,_TODOS,todos los partidos,home,0,0.7275,,,
2026-10-09T09:37:38,wta,185244,2026-10-09,Bianca Andreescu,Anna Blinkova,Bianca Andreescu,Anna Blinkova,T3,carga de 14 dias,home,0.8,0.6453,-3.78,no pasa,1
2026-10-09T09:37:38,wta,185244,2026-10-09,Bianca Andreescu,Anna Blinkova,Bianca Andreescu,Anna Blinkova,_TODOS,todos los partidos,away,0,0.3547,,,
2026-10-09T09:37:38,wta,185244,2026-10-09,Bianca Andreescu,Anna Blinkova,Bianca Andreescu,Anna Blinkova,_TODOS,todos los partidos,home,0,0.6453,,,
2026-10-09T09:37:38,wta,185248,2026-10-09,Simona Waltert,Himeno Sakatsume,Simona Waltert,Himeno Sakatsume,_TODOS,todos los partidos,away,0,0.5873,,,
2026-10-09T09:37:38,wta,185248,2026-10-09,Simona Waltert,Himeno Sakatsume,Simona Waltert,Himeno Sakatsume,_TODOS,todos los partidos,home,0,0.4127,,,
2026-10-09T09:37:38,wta,185295,2026-10-09,Rebecca Sramkova,Renata Zarazua,Rebecca Sramkova,Renata Zarazua,T2,partido anterior a la distancia,away,-1,0.4274,3.03,no pasa,1
2026-10-09T09:37:38,wta,185295,2026-10-09,Rebecca Sramkova,Renata Zarazua,Rebecca Sramkova,Renata Zarazua,T3,carga de 14 dias,home,0.2,0.5726,-3.78,no pasa,1
2026-10-09T09:37:38,wta,185295,2026-10-09,Rebecca Sramkova,Renata Zarazua,Rebecca Sramkova,Renata Zarazua,_TODOS,todos los partidos,away,0,0.4274,,,
2026-10-09T09:37:38,wta,185295,2026-10-09,Rebecca Sramkova,Renata Zarazua,Rebecca Sramkova,Renata Zarazua,_TODOS,todos los partidos,home,0,0.5726,,,
2026-10-09T09:37:38,wta,186364,2026-10-09,Taylah Preston,Ashlyn Krueger,Taylah Preston,Ashlyn Krueger,T3,carga de 14 dias,away,-0.2,0.5166,-3.78,no pasa,1
2026-10-09T09:37:38,wta,186364,2026-10-09,Taylah Preston,Ashlyn Krueger,Taylah Preston,Ashlyn Krueger,_TODOS,todos los partidos,away,0,0.5166,,,
2026-10-09T09:37:38,wta,186364,2026-10-09,Taylah Preston,Ashlyn Krueger,Taylah Preston,Ashlyn Krueger,_TODOS,todos los partidos,home,0,0.4834,,,
2026-10-09T09:37:38,wta,186365,2026-10-09,Magdalena Frech,Moyuka Uchijima,Magdalena Frech,Moyuka Uchijima,T3,carga de 14 dias,away,-0.4,0.3124,-3.78,no pasa,1
2026-10-09T09:37:38,wta,186365,2026-10-09,Magdalena Frech,Moyuka Uchijima,Magdalena Frech,Moyuka Uchijima,_TODOS,todos los partidos,away,0,0.3124,,,
2026-10-09T09:37:38,wta,186365,2026-10-09,Magdalena Frech,Moyuka Uchijima,Magdalena Frech,Moyuka Uchijima,_TODOS,todos los partidos,home,0,0.6876,,,
2026-10-09T09:37:38,wta,186368,2026-10-09,Daria Kasatkina,Viktorija Golubic,Daria Kasatkina,Viktorija Golubic,T3,carga de 14 dias,home,0.6,0.6137,-3.78,no pasa,1
2026-10-09T09:37:38,wta,186368,2026-10-09,Daria Kasatkina,Viktorija Golubic,Daria Kasatkina,Viktorija Golubic,_TODOS,todos los partidos,away,0,0.3863,,,
2026-10-09T09:37:38,wta,186368,2026-10-09,Daria Kasatkina,Viktorija Golubic,Daria Kasatkina,Viktorija Golubic,_TODOS,todos los partidos,home,0,0.6137,,,
2026-10-09T09:37:38,wta,186369,2026-10-09,Talia Gibson,Sara Sorribes Tormo,Talia Gibson,Sara Sorribes Tormo,T3,carga de 14 dias,home,0.2,0.4537,-3.78,no pasa,1
2026-10-09T09:37:38,wta,186369,2026-10-09,Talia Gibson,Sara Sorribes Tormo,Talia Gibson,Sara Sorribes Tormo,_TODOS,todos los partidos,away,0,0.5463,,,
2026-10-09T09:37:38,wta,186369,2026-10-09,Talia Gibson,Sara Sorribes Tormo,Talia Gibson,Sara Sorribes Tormo,_TODOS,todos los partidos,home,0,0.4537,,,
2026-10-09T09:37:38,wta,186370,2026-10-09,Sofia Kenin,Kamilla Rakhimova,Sofia Kenin,Kamilla Rakhimova,T3,carga de 14 dias,home,0.4,0.5416,-3.78,no pasa,1
2026-10-09T09:37:38,wta,186370,2026-10-09,Sofia Kenin,Kamilla Rakhimova,Sofia Kenin,Kamilla Rakhimova,_TODOS,todos los partidos,away,0,0.4584,,,
2026-10-09T09:37:38,wta,186370,2026-10-09,Sofia Kenin,Kamilla Rakhimova,Sofia Kenin,Kamilla Rakhimova,_TODOS,todos los partidos,home,0,0.5416,,,
2026-10-09T09:37:38,wta,186371,2026-10-09,Peyton Stearns,Shi Han,Peyton Stearns,Shi Han,_TODOS,todos los partidos,away,0,0.3013,,,
2026-10-09T09:37:38,wta,186371,2026-10-09,Peyton Stearns,Shi Han,Peyton Stearns,Shi Han,_TODOS,todos los partidos,home,0,0.6987,,,
2026-10-09T09:37:38,wta,186378,2026-10-09,Elena-Gabriela Ruse,Yulia Putintseva,Elena-Gabriela Ruse,Yulia Putintseva,_TODOS,todos los partidos,away,0,0.5461,,,
2026-10-09T09:37:38,wta,186378,2026-10-09,Elena-Gabriela Ruse,Yulia Putintseva,Elena-Gabriela Ruse,Yulia Putintseva,_TODOS,todos los partidos,home,0,0.4539,,,
2026-10-09T09:37:38,wta,186379,2026-10-09,Aoi Ito,Alycia Parks,Aoi Ito,Alycia Parks,_TODOS,todos los partidos,away,0,0.5312,,,
2026-10-09T09:37:38,wta,186379,2026-10-09,Aoi Ito,Alycia Parks,Aoi Ito,Alycia Parks,_TODOS,todos los partidos,home,0,0.4688,,,
2026-10-09T09:37:38,atp,184897,2026-10-10,Luciano Darderi,Stefanos Tsitsipas,Luciano Darderi,Stefanos Tsitsipas,T3,carga de 14 dias,home,0.2,0.3241,-2.77,no pasa,1
2026-10-09T09:37:38,atp,184897,2026-10-10,Luciano Darderi,Stefanos Tsitsipas,Luciano Darderi,Stefanos Tsitsipas,_TODOS,todos los partidos,away,0,0.6759,,,
2026-10-09T09:37:38,atp,184897,2026-10-10,Luciano Darderi,Stefanos Tsitsipas,Luciano Darderi,Stefanos Tsitsipas,_TODOS,todos los partidos,home,0,0.3241,,,
2026-10-09T09:37:38,atp,184899,2026-10-10,Tommy Paul,Adolfo Daniel Vallejo,Tommy Paul,Adolfo Daniel Vallejo,T3,carga de 14 dias,home,1.0,0.6746,-2.77,no pasa,1
2026-10-09T09:37:38,atp,184899,2026-10-10,Tommy Paul,Adolfo Daniel Vallejo,Tommy Paul,Adolfo Daniel Vallejo,_TODOS,todos los partidos,away,0,0.3254,,,
2026-10-09T09:37:38,atp,184899,2026-10-10,Tommy Paul,Adolfo Daniel Vallejo,Tommy Paul,Adolfo Daniel Vallejo,_TODOS,todos los partidos,home,0,0.6746,,,
2026-10-09T09:37:38,atp,184900,2026-10-10,Sebastian Baez,Valentin Vacherot,Sebastian Baez,Valentin Vacherot,T3,carga de 14 dias,home,0.6,0.3702,-2.77,no pasa,1
2026-10-09T09:37:38,atp,184900,2026-10-10,Sebastian Baez,Valentin Vacherot,Sebastian Baez,Valentin Vacherot,_TODOS,todos los partidos,away,0,0.6298,,,
2026-10-09T09:37:38,atp,184900,2026-10-10,Sebastian Baez,Valentin Vacherot,Sebastian Baez,Valentin Vacherot,_TODOS,todos los partidos,home,0,0.3702,,,
2026-10-09T09:37:38,atp,184902,2026-10-10,Ignacio Buse,Zizou Bergs,Ignacio Buse,Zizou Bergs,T3,carga de 14 dias,home,0.2,0.4316,-2.77,no pasa,1
2026-10-09T09:37:38,atp,184902,2026-10-10,Ignacio Buse,Zizou Bergs,Ignacio Buse,Zizou Bergs,_TODOS,todos los partidos,away,0,0.5684,,,
2026-10-09T09:37:38,atp,184902,2026-10-10,Ignacio Buse,Zizou Bergs,Ignacio Buse,Zizou Bergs,_TODOS,todos los partidos,home,0,0.4316,,,
2026-10-09T09:37:38,atp,184903,2026-10-10,Juan Manuel Cerundolo,Carlos Alcaraz,Juan Manuel Cerundolo,Carlos Alcaraz,T3,carga de 14 dias,home,0.2,0.0819,-2.77,no pasa,1
2026-10-09T09:37:38,atp,184903,2026-10-10,Juan Manuel Cerundolo,Carlos Alcaraz,Juan Manuel Cerundolo,Carlos Alcaraz,_TODOS,todos los partidos,away,0,0.9181,,,
2026-10-09T09:37:38,atp,184903,2026-10-10,Juan Manuel Cerundolo,Carlos Alcaraz,Juan Manuel Cerundolo,Carlos Alcaraz,_TODOS,todos los partidos,home,0,0.0819,,,
2026-10-09T09:37:38,atp,184905,2026-10-10,Arthur Fils,Pavel Kotov,Arthur Fils,Pavel Kotov,T3,carga de 14 dias,away,-0.2,0.2537,-2.77,no pasa,1
2026-10-09T09:37:38,atp,184905,2026-10-10,Arthur Fils,Pavel Kotov,Arthur Fils,Pavel Kotov,_TODOS,todos los partidos,away,0,0.2537,,,
2026-10-09T09:37:38,atp,184905,2026-10-10,Arthur Fils,Pavel Kotov,Arthur Fils,Pavel Kotov,_TODOS,todos los partidos,home,0,0.7463,,,
2026-10-09T09:37:38,atp,184906,2026-10-10,Botic Van De Zandschulp,Alex Michelsen,Botic Van De Zandschulp,Alex Michelsen,T3,carga de 14 dias,home,0.2,0.3973,-2.77,no pasa,1
2026-10-09T09:37:38,atp,184906,2026-10-10,Botic Van De Zandschulp,Alex Michelsen,Botic Van De Zandschulp,Alex Michelsen,_TODOS,todos los partidos,away,0,0.6027,,,
2026-10-09T09:37:38,atp,184906,2026-10-10,Botic Van De Zandschulp,Alex Michelsen,Botic Van De Zandschulp,Alex Michelsen,_TODOS,todos los partidos,home,0,0.3973,,,
2026-10-09T09:37:38,atp,184911,2026-10-10,Learner Tien,Zachary Svajda,Learner Tien,Zachary Svajda,T3,carga de 14 dias,away,-0.4,0.2902,-2.77,no pasa,1
2026-10-09T09:37:38,atp,184911,2026-10-10,Learner Tien,Zachary Svajda,Learner Tien,Zachary Svajda,_TODOS,todos los partidos,away,0,0.2902,,,
2026-10-09T09:37:38,atp,184911,2026-10-10,Learner Tien,Zachary Svajda,Learner Tien,Zachary Svajda,_TODOS,todos los partidos,home,0,0.7098,,,
2026-10-09T09:37:38,atp,184929,2026-10-10,Alex de Minaur,Rei Sakamoto,Alex de Minaur,Rei Sakamoto,T3,carga de 14 dias,home,0.6,0.7582,-2.77,no pasa,1
2026-10-09T09:37:38,atp,184929,2026-10-10,Alex de Minaur,Rei Sakamoto,Alex de Minaur,Rei Sakamoto,_TODOS,todos los partidos,away,0,0.2418,,,
2026-10-09T09:37:38,atp,184929,2026-10-10,Alex de Minaur,Rei Sakamoto,Alex de Minaur,Rei Sakamoto,_TODOS,todos los partidos,home,0,0.7582,,,
2026-10-09T09:37:38,atp,184930,2026-10-10,Alexander Zverev,Quentin Halys,Alexander Zverev,Quentin Halys,T1,minutos del partido anterior,home,0.567,0.7791,2.52,pasa,1
2026-10-09T09:37:38,atp,184930,2026-10-10,Alexander Zverev,Quentin Halys,Alexander Zverev,Quentin Halys,T2,partido anterior a la distancia,home,1,0.7791,2.32,no pasa,1
2026-10-09T09:37:38,atp,184930,2026-10-10,Alexander Zverev,Quentin Halys,Alexander Zverev,Quentin Halys,T3,carga de 14 dias,home,0.2,0.7791,-2.77,no pasa,1
2026-10-09T09:37:38,atp,184930,2026-10-10,Alexander Zverev,Quentin Halys,Alexander Zverev,Quentin Halys,T5,primer torneo tras un Grand Slam,away,-1,0.2209,-3.33,no pasa,1
2026-10-09T09:37:38,atp,184930,2026-10-10,Alexander Zverev,Quentin Halys,Alexander Zverev,Quentin Halys,_TODOS,todos los partidos,away,0,0.2209,,,
2026-10-09T09:37:38,atp,184930,2026-10-10,Alexander Zverev,Quentin Halys,Alexander Zverev,Quentin Halys,_TODOS,todos los partidos,home,0,0.7791,,,
2026-10-09T09:37:38,atp,184936,2026-10-10,Alejandro Davidovich Fokina,Frances Tiafoe,Alejandro Davidovich Fokina,Frances Tiafoe,T3,carga de 14 dias,away,-0.6,0.5448,-2.77,no pasa,1
2026-10-09T09:37:38,atp,184936,2026-10-10,Alejandro Davidovich Fokina,Frances Tiafoe,Alejandro Davidovich Fokina,Frances Tiafoe,T5,primer torneo tras un Grand Slam,home,1,0.4552,-3.33,no pasa,1
2026-10-09T09:37:38,atp,184936,2026-10-10,Alejandro Davidovich Fokina,Frances Tiafoe,Alejandro Davidovich Fokina,Frances Tiafoe,_TODOS,todos los partidos,away,0,0.5448,,,
2026-10-09T09:37:38,atp,184936,2026-10-10,Alejandro Davidovich Fokina,Frances Tiafoe,Alejandro Davidovich Fokina,Frances Tiafoe,_TODOS,todos los partidos,home,0,0.4552,,,
2026-10-09T09:37:38,atp,184943,2026-10-10,Ben Shelton,Arthur Gea,Ben Shelton,Arthur Gea,T1,minutos del partido anterior,away,-0.2,0.4303,2.52,pasa,1
2026-10-09T09:37:38,atp,184943,2026-10-10,Ben Shelton,Arthur Gea,Ben Shelton,Arthur Gea,T2,partido anterior a la distancia,home,1,0.5697,2.32,no pasa,1
2026-10-09T09:37:38,atp,184943,2026-10-10,Ben Shelton,Arthur Gea,Ben Shelton,Arthur Gea,T3,carga de 14 dias,home,0.6,0.5697,-2.77,no pasa,1
2026-10-09T09:37:38,atp,184943,2026-10-10,Ben Shelton,Arthur Gea,Ben Shelton,Arthur Gea,T5,primer torneo tras un Grand Slam,away,-1,0.4303,-3.33,no pasa,1
2026-10-09T09:37:38,atp,184943,2026-10-10,Ben Shelton,Arthur Gea,Ben Shelton,Arthur Gea,_TODOS,todos los partidos,away,0,0.4303,,,
2026-10-09T09:37:38,atp,184943,2026-10-10,Ben Shelton,Arthur Gea,Ben Shelton,Arthur Gea,_TODOS,todos los partidos,home,0,0.5697,,,
2026-10-09T09:37:38,bundesliga,401884773,2026-10-10,SC Paderborn 07,VfB Stuttgart,Paderborn,Stuttgart,F1,diferencia de descanso,away,-0.3333333333333333,0.4149,-0.32,no pasa,1
2026-10-09T09:37:38,bundesliga,401884773,2026-10-10,SC Paderborn 07,VfB Stuttgart,Paderborn,Stuttgart,F15,favorito tras fecha FIFA,away,-1,0.4149,2.21,no pasa,-1
2026-10-09T09:37:38,bundesliga,401884773,2026-10-10,SC Paderborn 07,VfB Stuttgart,Paderborn,Stuttgart,_TODOS,todos los partidos,away,0,0.4149,,,
2026-10-09T09:37:38,bundesliga,401884773,2026-10-10,SC Paderborn 07,VfB Stuttgart,Paderborn,Stuttgart,_TODOS,todos los partidos,home,0,0.3218,,,
2026-10-09T09:37:38,bundesliga,401884775,2026-10-10,1. FC Union Berlin,SV Elversberg,Union Berlin,Elversberg,F1,diferencia de descanso,home,0.6666666666666666,0.3201,-0.32,no pasa,1
2026-10-09T09:37:38,bundesliga,401884775,2026-10-10,1. FC Union Berlin,SV Elversberg,Union Berlin,Elversberg,F13,tras perder por 3 o mas,home,1,0.3201,-2.42,no pasa,1
2026-10-09T09:37:38,bundesliga,401884775,2026-10-10,1. FC Union Berlin,SV Elversberg,Union Berlin,Elversberg,F15,favorito tras fecha FIFA,away,-1,0.4307,2.21,no pasa,-1
2026-10-09T09:37:38,bundesliga,401884775,2026-10-10,1. FC Union Berlin,SV Elversberg,Union Berlin,Elversberg,_TODOS,todos los partidos,away,0,0.4307,,,
2026-10-09T09:37:38,bundesliga,401884775,2026-10-10,1. FC Union Berlin,SV Elversberg,Union Berlin,Elversberg,_TODOS,todos los partidos,home,0,0.3201,,,
2026-10-09T09:37:38,bundesliga,401884776,2026-10-10,Mainz,Bayer Leverkusen,Mainz,Leverkusen,F1,diferencia de descanso,home,0.3333333333333333,0.321,-0.32,no pasa,1
2026-10-09T09:37:38,bundesliga,401884776,2026-10-10,Mainz,Bayer Leverkusen,Mainz,Leverkusen,F15,favorito tras fecha FIFA,away,-1,0.4242,2.21,no pasa,-1
2026-10-09T09:37:38,bundesliga,401884776,2026-10-10,Mainz,Bayer Leverkusen,Mainz,Leverkusen,_TODOS,todos los partidos,away,0,0.4242,,,
2026-10-09T09:37:38,bundesliga,401884776,2026-10-10,Mainz,Bayer Leverkusen,Mainz,Leverkusen,_TODOS,todos los partidos,home,0,0.321,,,
2026-10-09T09:37:38,bundesliga,401884777,2026-10-10,FC Augsburg,Bayern Munich,Augsburg,Bayern Munich,F1,diferencia de descanso,away,-0.3333333333333333,0.7037,-0.32,no pasa,1
2026-10-09T09:37:38,bundesliga,401884777,2026-10-10,FC Augsburg,Bayern Munich,Augsburg,Bayern Munich,F15,favorito tras fecha FIFA,away,-1,0.7037,2.21,no pasa,-1
2026-10-09T09:37:38,bundesliga,401884777,2026-10-10,FC Augsburg,Bayern Munich,Augsburg,Bayern Munich,_TODOS,todos los partidos,away,0,0.7037,,,
2026-10-09T09:37:38,bundesliga,401884777,2026-10-10,FC Augsburg,Bayern Munich,Augsburg,Bayern Munich,_TODOS,todos los partidos,home,0,0.1343,,,
2026-10-09T09:37:38,bundesliga,401884779,2026-10-10,TSG Hoffenheim,Hamburg SV,Hoffenheim,Hamburg,F1,diferencia de descanso,away,-0.3333333333333333,0.219,-0.32,no pasa,1
2026-10-09T09:37:38,bundesliga,401884779,2026-10-10,TSG Hoffenheim,Hamburg SV,Hoffenheim,Hamburg,F15,favorito tras fecha FIFA,home,1,0.5624,2.21,no pasa,-1
2026-10-09T09:37:38,bundesliga,401884779,2026-10-10,TSG Hoffenheim,Hamburg SV,Hoffenheim,Hamburg,_TODOS,todos los partidos,away,0,0.219,,,
2026-10-09T09:37:38,bundesliga,401884779,2026-10-10,TSG Hoffenheim,Hamburg SV,Hoffenheim,Hamburg,_TODOS,todos los partidos,home,0,0.5624,,,
2026-10-09T09:37:38,bundesliga,401884780,2026-10-10,RB Leipzig,Eintracht Frankfurt,RB Leipzig,Ein Frankfurt,F1,diferencia de descanso,away,-0.3333333333333333,0.2234,-0.32,no pasa,1
2026-10-09T09:37:38,bundesliga,401884780,2026-10-10,RB Leipzig,Eintracht Frankfurt,RB Leipzig,Ein Frankfurt,F15,favorito tras fecha FIFA,home,1,0.5631,2.21,no pasa,-1
2026-10-09T09:37:38,bundesliga,401884780,2026-10-10,RB Leipzig,Eintracht Frankfurt,RB Leipzig,Ein Frankfurt,_TODOS,todos los partidos,away,0,0.2234,,,
2026-10-09T09:37:38,bundesliga,401884780,2026-10-10,RB Leipzig,Eintracht Frankfurt,RB Leipzig,Ein Frankfurt,_TODOS,todos los partidos,home,0,0.5631,,,
2026-10-09T09:37:38,kbo,kbo-20261010NCHH0,2026-10-10,Hanwha Eagles,NC Dinos,Hanwha Eagles,NC Dinos,B10,primer juego de serie,home,1,0.5250729036518357,0.82,no pasa,1
2026-10-09T09:37:38,kbo,kbo-20261010NCHH0,2026-10-10,Hanwha Eagles,NC Dinos,Hanwha Eagles,NC Dinos,B2,primer juego tras dia libre,home,1,0.5250729036518357,2.91,no pasa,1
2026-10-09T09:37:38,kbo,kbo-20261010NCHH0,2026-10-10,Hanwha Eagles,NC Dinos,Hanwha Eagles,NC Dinos,B5,dias seguidos jugando,home,0.1,0.5250729036518357,0.09,no pasa,1
2026-10-09T09:37:38,kbo,kbo-20261010NCHH0,2026-10-10,Hanwha Eagles,NC Dinos,Hanwha Eagles,NC Dinos,Q1,revancha (perdio el ultimo cruce),home,1,0.5250729036518357,0.61,no pasa,1
2026-10-09T09:37:38,kbo,kbo-20261010NCHH0,2026-10-10,Hanwha Eagles,NC Dinos,Hanwha Eagles,NC Dinos,Q6a,racha de 5+ derrotas,away,-1,0.4749270963481643,-0.47,no pasa,1
2026-10-09T09:37:38,kbo,kbo-20261010NCHH0,2026-10-10,Hanwha Eagles,NC Dinos,Hanwha Eagles,NC Dinos,_TODOS,todos los partidos,away,0,0.4749270963481643,,,
2026-10-09T09:37:38,kbo,kbo-20261010NCHH0,2026-10-10,Hanwha Eagles,NC Dinos,Hanwha Eagles,NC Dinos,_TODOS,todos los partidos,home,0,0.5250729036518357,,,
2026-10-09T09:37:38,kbo,kbo-20261010SKHT0,2026-10-10,Kia Tigers,SSG Landers,Kia Tigers,SSG Landers,B10,primer juego de serie,home,1,0.5582897872268389,0.82,no pasa,1
2026-10-09T09:37:38,kbo,kbo-20261010SKHT0,2026-10-10,Kia Tigers,SSG Landers,Kia Tigers,SSG Landers,Q1,revancha (perdio el ultimo cruce),home,1,0.5582897872268389,0.61,no pasa,1
2026-10-09T09:37:38,kbo,kbo-20261010SKHT0,2026-10-10,Kia Tigers,SSG Landers,Kia Tigers,SSG Landers,_TODOS,todos los partidos,away,0,0.44171021277316114,,,
2026-10-09T09:37:38,kbo,kbo-20261010SKHT0,2026-10-10,Kia Tigers,SSG Landers,Kia Tigers,SSG Landers,_TODOS,todos los partidos,home,0,0.5582897872268389,,,
2026-10-09T09:37:38,kbo,kbo-20261011KTSS0,2026-10-10,Samsung Lions,KT Wiz,Samsung Lions,KT Wiz,B10,primer juego de serie,home,1,0.4738568325983365,0.82,no pasa,1
2026-10-09T09:37:38,kbo,kbo-20261011KTSS0,2026-10-10,Samsung Lions,KT Wiz,Samsung Lions,KT Wiz,B2,primer juego tras dia libre,away,-1,0.5261431674016634,2.91,no pasa,1
2026-10-09T09:37:38,kbo,kbo-20261011KTSS0,2026-10-10,Samsung Lions,KT Wiz,Samsung Lions,KT Wiz,B5,dias seguidos jugando,away,-0.1,0.5261431674016634,0.09,no pasa,1
2026-10-09T09:37:38,kbo,kbo-20261011KTSS0,2026-10-10,Samsung Lions,KT Wiz,Samsung Lions,KT Wiz,Q1,revancha (perdio el ultimo cruce),home,1,0.4738568325983365,0.61,no pasa,1
2026-10-09T09:37:38,kbo,kbo-20261011KTSS0,2026-10-10,Samsung Lions,KT Wiz,Samsung Lions,KT Wiz,_TODOS,todos los partidos,away,0,0.5261431674016634,,,
2026-10-09T09:37:38,kbo,kbo-20261011KTSS0,2026-10-10,Samsung Lions,KT Wiz,Samsung Lions,KT Wiz,_TODOS,todos los partidos,home,0,0.4738568325983365,,,
2026-10-09T09:37:38,kbo,kbo-20261011LTHT0,2026-10-10,Kia Tigers,Lotte Giants,Kia Tigers,Lotte Giants,B10,primer juego de serie,home,1,0.5875470646281346,0.82,no pasa,1
2026-10-09T09:37:38,kbo,kbo-20261011LTHT0,2026-10-10,Kia Tigers,Lotte Giants,Kia Tigers,Lotte Giants,Q1,revancha (perdio el ultimo cruce),away,-1,0.41245293537186545,0.61,no pasa,1
2026-10-09T09:37:38,kbo,kbo-20261011LTHT0,2026-10-10,Kia Tigers,Lotte Giants,Kia Tigers,Lotte Giants,_TODOS,todos los partidos,away,0,0.41245293537186545,,,
2026-10-09T09:37:38,kbo,kbo-20261011LTHT0,2026-10-10,Kia Tigers,Lotte Giants,Kia Tigers,Lotte Giants,_TODOS,todos los partidos,home,0,0.5875470646281346,,,
2026-10-09T09:37:38,laliga,401882848,2026-10-10,Real Madrid,Villarreal,Real Madrid,Villarreal,F15,favorito tras fecha FIFA,home,1,0.6228,2.21,no pasa,-1
2026-10-09T09:37:38,laliga,401882848,2026-10-10,Real Madrid,Villarreal,Real Madrid,Villarreal,_TODOS,todos los partidos,away,0,0.1784,,,
2026-10-09T09:37:38,laliga,401882848,2026-10-10,Real Madrid,Villarreal,Real Madrid,Villarreal,_TODOS,todos los partidos,home,0,0.6228,,,
2026-10-09T09:37:38,laliga,401882849,2026-10-10,Rayo Vallecano,Athletic Club,Vallecano,Ath Bilbao,F15,favorito tras fecha FIFA,home,1,0.4158,2.21,no pasa,-1
2026-10-09T09:37:38,laliga,401882849,2026-10-10,Rayo Vallecano,Athletic Club,Vallecano,Ath Bilbao,_TODOS,todos los partidos,away,0,0.2831,,,
2026-10-09T09:37:38,laliga,401882849,2026-10-10,Rayo Vallecano,Athletic Club,Vallecano,Ath Bilbao,_TODOS,todos los partidos,home,0,0.4158,,,
2026-10-09T09:37:38,laliga,401882853,2026-10-10,Barcelona,Getafe,Barcelona,Getafe,F1,diferencia de descanso,home,0.3333333333333333,0.7605,-0.32,no pasa,1
2026-10-09T09:37:38,laliga,401882853,2026-10-10,Barcelona,Getafe,Barcelona,Getafe,F15,favorito tras fecha FIFA,home,1,0.7605,2.21,no pasa,-1
2026-10-09T09:37:38,laliga,401882853,2026-10-10,Barcelona,Getafe,Barcelona,Getafe,Q6b,racha de 5+ victorias,home,1,0.7605,4.15,muestra insuficiente,-1
2026-10-09T09:37:38,laliga,401882853,2026-10-10,Barcelona,Getafe,Barcelona,Getafe,_TODOS,todos los partidos,away,0,0.0717,,,
2026-10-09T09:37:38,laliga,401882853,2026-10-10,Barcelona,Getafe,Barcelona,Getafe,_TODOS,todos los partidos,home,0,0.7605,,,
2026-10-09T09:37:38,laliga,401882856,2026-10-10,Alavés,Atlético Madrid,Alaves,Ath Madrid,F1,diferencia de descanso,home,0.3333333333333333,0.2765,-0.32,no pasa,1
2026-10-09T09:37:38,laliga,401882856,2026-10-10,Alavés,Atlético Madrid,Alaves,Ath Madrid,F15,favorito tras fecha FIFA,away,-1,0.4491,2.21,no pasa,-1
2026-10-09T09:37:38,laliga,401882856,2026-10-10,Alavés,Atlético Madrid,Alaves,Ath Madrid,_TODOS,todos los partidos,away,0,0.4491,,,
2026-10-09T09:37:38,laliga,401882856,2026-10-10,Alavés,Atlético Madrid,Alaves,Ath Madrid,_TODOS,todos los partidos,home,0,0.2765,,,
2026-10-09T09:37:38,ligamx,401876950,2026-10-10,América,Monterrey,Club America,Monterrey,F1,diferencia de descanso,away,-0.6666666666666666,0.1918,-0.32,no pasa,1
2026-10-09T09:37:38,ligamx,401876950,2026-10-10,América,Monterrey,Club America,Monterrey,F14,altitud en Liga MX,home,1,0.5759,1.46,muestra insuficiente,1
2026-10-09T09:37:38,ligamx,401876950,2026-10-10,América,Monterrey,Club America,Monterrey,F15,favorito tras fecha FIFA,home,1,0.5759,2.21,no pasa,-1
2026-10-09T09:37:38,ligamx,401876950,2026-10-10,América,Monterrey,Club America,Monterrey,_TODOS,todos los partidos,away,0,0.1918,,,
2026-10-09T09:37:38,ligamx,401876950,2026-10-10,América,Monterrey,Club America,Monterrey,_TODOS,todos los partidos,home,0,0.5759,,,
2026-10-09T09:37:38,ligamx,401876951,2026-10-10,Atlas,Guadalajara,Atlas,Guadalajara Chivas,F1,diferencia de descanso,home,0.3333333333333333,0.3085,-0.32,no pasa,1
2026-10-09T09:37:38,ligamx,401876951,2026-10-10,Atlas,Guadalajara,Atlas,Guadalajara Chivas,F15,favorito tras fecha FIFA,away,-1,0.4186,2.21,no pasa,-1
2026-10-09T09:37:38,ligamx,401876951,2026-10-10,Atlas,Guadalajara,Atlas,Guadalajara Chivas,_TODOS,todos los partidos,away,0,0.4186,,,
2026-10-09T09:37:38,ligamx,401876951,2026-10-10,Atlas,Guadalajara,Atlas,Guadalajara Chivas,_TODOS,todos los partidos,home,0,0.3085,,,
2026-10-09T09:37:38,ligamx,401876952,2026-10-10,FC Juárez,Tijuana,Juarez,Club Tijuana,F1,diferencia de descanso,away,-0.6666666666666666,0.4537,-0.32,no pasa,1
2026-10-09T09:37:38,ligamx,401876952,2026-10-10,FC Juárez,Tijuana,Juarez,Club Tijuana,F15,favorito tras fecha FIFA,away,-1,0.4537,2.21,no pasa,-1
2026-10-09T09:37:38,ligamx,401876952,2026-10-10,FC Juárez,Tijuana,Juarez,Club Tijuana,_TODOS,todos los partidos,away,0,0.4537,,,
2026-10-09T09:37:38,ligamx,401876952,2026-10-10,FC Juárez,Tijuana,Juarez,Club Tijuana,_TODOS,todos los partidos,home,0,0.292,,,
2026-10-09T09:37:38,ligamx,401876955,2026-10-10,Querétaro,Atlante,Queretaro,Atlante,F1,diferencia de descanso,away,-0.3333333333333333,0.2632,-0.32,no pasa,1
2026-10-09T09:37:38,ligamx,401876955,2026-10-10,Querétaro,Atlante,Queretaro,Atlante,F15,favorito tras fecha FIFA,home,1,0.4471,2.21,no pasa,-1
2026-10-09T09:37:38,ligamx,401876955,2026-10-10,Querétaro,Atlante,Queretaro,Atlante,_TODOS,todos los partidos,away,0,0.2632,,,
2026-10-09T09:37:38,ligamx,401876955,2026-10-10,Querétaro,Atlante,Queretaro,Atlante,_TODOS,todos los partidos,home,0,0.4471,,,
2026-10-09T09:37:38,ligue1,401876442,2026-10-10,Paris Saint-Germain,Le Mans,Paris SG,Le Mans,F1,diferencia de descanso,away,-0.3333333333333333,0.125,-0.32,no pasa,1
2026-10-09T09:37:38,ligue1,401876442,2026-10-10,Paris Saint-Germain,Le Mans,Paris SG,Le Mans,F15,favorito tras fecha FIFA,home,1,0.7042,2.21,no pasa,-1
2026-10-09T09:37:38,ligue1,401876442,2026-10-10,Paris Saint-Germain,Le Mans,Paris SG,Le Mans,_TODOS,todos los partidos,away,0,0.125,,,
2026-10-09T09:37:38,ligue1,401876442,2026-10-10,Paris Saint-Germain,Le Mans,Paris SG,Le Mans,_TODOS,todos los partidos,home,0,0.7042,,,
2026-10-09T09:37:38,ligue1,401876444,2026-10-10,AS Monaco,Toulouse,Monaco,Toulouse,F1,diferencia de descanso,home,0.3333333333333333,0.5558,-0.32,no pasa,1
2026-10-09T09:37:38,ligue1,401876444,2026-10-10,AS Monaco,Toulouse,Monaco,Toulouse,F15,favorito tras fecha FIFA,home,1,0.5558,2.21,no pasa,-1
2026-10-09T09:37:38,ligue1,401876444,2026-10-10,AS Monaco,Toulouse,Monaco,Toulouse,_TODOS,todos los partidos,away,0,0.205,,,
2026-10-09T09:37:38,ligue1,401876444,2026-10-10,AS Monaco,Toulouse,Monaco,Toulouse,_TODOS,todos los partidos,home,0,0.5558,,,
2026-10-09T09:37:38,ligue1,401876445,2026-10-10,Lorient,Paris FC,Lorient,Paris FC,F15,favorito tras fecha FIFA,away,-1,0.4016,2.21,no pasa,-1
2026-10-09T09:37:38,ligue1,401876445,2026-10-10,Lorient,Paris FC,Lorient,Paris FC,_TODOS,todos los partidos,away,0,0.4016,,,
2026-10-09T09:37:38,ligue1,401876445,2026-10-10,Lorient,Paris FC,Lorient,Paris FC,_TODOS,todos los partidos,home,0,0.323,,,
2026-10-09T09:37:38,ligue1,401876446,2026-10-10,Lille,Le Havre AC,Lille,Le Havre,F1,diferencia de descanso,away,-0.3333333333333333,0.1359,-0.32,no pasa,1
2026-10-09T09:37:38,ligue1,401876446,2026-10-10,Lille,Le Havre AC,Lille,Le Havre,F15,favorito tras fecha FIFA,home,1,0.6146,2.21,no pasa,-1
2026-10-09T09:37:38,ligue1,401876446,2026-10-10,Lille,Le Havre AC,Lille,Le Havre,_TODOS,todos los partidos,away,0,0.1359,,,
2026-10-09T09:37:38,ligue1,401876446,2026-10-10,Lille,Le Havre AC,Lille,Le Havre,_TODOS,todos los partidos,home,0,0.6146,,,
2026-10-09T09:37:38,ligue1,401876448,2026-10-10,Brest,Angers,Brest,Angers,F1,diferencia de descanso,away,-0.3333333333333333,0.2428,-0.32,no pasa,1
2026-10-09T09:37:38,ligue1,401876448,2026-10-10,Brest,Angers,Brest,Angers,F15,favorito tras fecha FIFA,home,1,0.4868,2.21,no pasa,-1
2026-10-09T09:37:38,ligue1,401876448,2026-10-10,Brest,Angers,Brest,Angers,_TODOS,todos los partidos,away,0,0.2428,,,
2026-10-09T09:37:38,ligue1,401876448,2026-10-10,Brest,Angers,Brest,Angers,_TODOS,todos los partidos,home,0,0.4868,,,
2026-10-09T09:37:38,mlb,401907994,2026-10-10,Cleveland Guardians,Chicago White Sox,Cleveland Guardians,Chicago White Sox,B10,primer juego de serie,home,1,0.541890497645665,-0.01,no pasa,1
2026-10-09T09:37:38,mlb,401907994,2026-10-10,Cleveland Guardians,Chicago White Sox,Cleveland Guardians,Chicago White Sox,Q1,revancha (perdio el ultimo cruce),away,-1,0.458109502354335,0.61,no pasa,1
2026-10-09T09:37:38,mlb,401907994,2026-10-10,Cleveland Guardians,Chicago White Sox,Cleveland Guardians,Chicago White Sox,_TODOS,todos los partidos,away,0,0.458109502354335,,,
2026-10-09T09:37:38,mlb,401907994,2026-10-10,Cleveland Guardians,Chicago White Sox,Cleveland Guardians,Chicago White Sox,_TODOS,todos los partidos,home,0,0.541890497645665,,,
2026-10-09T09:37:38,mls,761845,2026-10-10,Toronto FC,CF Montréal,Toronto FC,CF Montreal,F15,favorito tras fecha FIFA,home,1,0.5068,2.21,no pasa,-1
2026-10-09T09:37:38,mls,761845,2026-10-10,Toronto FC,CF Montréal,Toronto FC,CF Montreal,_TODOS,todos los partidos,away,0,0.2405,,,
2026-10-09T09:37:38,mls,761845,2026-10-10,Toronto FC,CF Montréal,Toronto FC,CF Montreal,_TODOS,todos los partidos,home,0,0.5068,,,
2026-10-09T09:37:38,mls,761846,2026-10-10,Chicago Fire FC,New York City FC,Chicago Fire,New York City,F1,diferencia de descanso,away,-1.0,0.2634,-0.32,no pasa,1
2026-10-09T09:37:38,mls,761846,2026-10-10,Chicago Fire FC,New York City FC,Chicago Fire,New York City,Q1,revancha (perdio el ultimo cruce),home,1,0.4842,0.85,no pasa,1
2026-10-09T09:37:38,mls,761846,2026-10-10,Chicago Fire FC,New York City FC,Chicago Fire,New York City,_TODOS,todos los partidos,away,0,0.2634,,,
2026-10-09T09:37:38,mls,761846,2026-10-10,Chicago Fire FC,New York City FC,Chicago Fire,New York City,_TODOS,todos los partidos,home,0,0.4842,,,
2026-10-09T09:37:38,mls,761848,2026-10-10,Orlando City SC,Columbus Crew,Orlando City,Columbus Crew,F1,diferencia de descanso,home,0.3333333333333333,0.4827,-0.32,no pasa,1
2026-10-09T09:37:38,mls,761848,2026-10-10,Orlando City SC,Columbus Crew,Orlando City,Columbus Crew,F15,favorito tras fecha FIFA,home,1,0.4827,2.21,no pasa,-1
2026-10-09T09:37:38,mls,761848,2026-10-10,Orlando City SC,Columbus Crew,Orlando City,Columbus Crew,_TODOS,todos los partidos,away,0,0.2877,,,
2026-10-09T09:37:38,mls,761848,2026-10-10,Orlando City SC,Columbus Crew,Orlando City,Columbus Crew,_TODOS,todos los partidos,home,0,0.4827,,,
2026-10-09T09:37:38,mls,761849,2026-10-10,Philadelphia Union,Real Salt Lake,Philadelphia Union,Real Salt Lake,F15,favorito tras fecha FIFA,home,1,0.627,2.21,no pasa,-1
2026-10-09T09:37:38,mls,761849,2026-10-10,Philadelphia Union,Real Salt Lake,Philadelphia Union,Real Salt Lake,Q6b,racha de 5+ victorias,home,1,0.627,4.15,muestra insuficiente,-1
2026-10-09T09:37:38,mls,761849,2026-10-10,Philadelphia Union,Real Salt Lake,Philadelphia Union,Real Salt Lake,_TODOS,todos los partidos,away,0,0.1642,,,
2026-10-09T09:37:38,mls,761849,2026-10-10,Philadelphia Union,Real Salt Lake,Philadelphia Union,Real Salt Lake,_TODOS,todos los partidos,home,0,0.627,,,
2026-10-09T09:37:38,mls,761850,2026-10-10,Atlanta United FC,FC Cincinnati,Atlanta Utd,FC Cincinnati,F15,favorito tras fecha FIFA,home,1,0.3842,2.21,no pasa,-1
2026-10-09T09:37:38,mls,761850,2026-10-10,Atlanta United FC,FC Cincinnati,Atlanta Utd,FC Cincinnati,Q1,revancha (perdio el ultimo cruce),home,1,0.3842,0.85,no pasa,1
2026-10-09T09:37:38,mls,761850,2026-10-10,Atlanta United FC,FC Cincinnati,Atlanta Utd,FC Cincinnati,_TODOS,todos los partidos,away,0,0.3758,,,
2026-10-09T09:37:38,mls,761850,2026-10-10,Atlanta United FC,FC Cincinnati,Atlanta Utd,FC Cincinnati,_TODOS,todos los partidos,home,0,0.3842,,,
2026-10-09T09:37:38,mls,761851,2026-10-10,New England Revolution,Seattle Sounders FC,New England Revolution,Seattle Sounders,F1,diferencia de descanso,home,1.0,0.4219,-0.32,no pasa,1
2026-10-09T09:37:38,mls,761851,2026-10-10,New England Revolution,Seattle Sounders FC,New England Revolution,Seattle Sounders,F13,tras perder por 3 o mas,home,1,0.4219,-2.42,no pasa,1
2026-10-09T09:37:38,mls,761851,2026-10-10,New England Revolution,Seattle Sounders FC,New England Revolution,Seattle Sounders,_TODOS,todos los partidos,away,0,0.3072,,,
2026-10-09T09:37:38,mls,761851,2026-10-10,New England Revolution,Seattle Sounders FC,New England Revolution,Seattle Sounders,_TODOS,todos los partidos,home,0,0.4219,,,
2026-10-09T09:37:38,mls,761852,2026-10-10,Charlotte FC,FC Dallas,Charlotte,FC Dallas,F15,favorito tras fecha FIFA,home,1,0.4604,2.21,no pasa,-1
2026-10-09T09:37:38,mls,761852,2026-10-10,Charlotte FC,FC Dallas,Charlotte,FC Dallas,_TODOS,todos los partidos,away,0,0.295,,,
2026-10-09T09:37:38,mls,761852,2026-10-10,Charlotte FC,FC Dallas,Charlotte,FC Dallas,_TODOS,todos los partidos,home,0,0.4604,,,
2026-10-09T09:37:38,mls,761853,2026-10-10,Red Bull New York,San Diego FC,New York Red Bulls,San Diego FC,F1,diferencia de descanso,away,-1.0,0.3631,-0.32,no pasa,1
2026-10-09T09:37:38,mls,761853,2026-10-10,Red Bull New York,San Diego FC,New York Red Bulls,San Diego FC,F13,tras perder por 3 o mas,home,1,0.3835,-2.42,no pasa,1
2026-10-09T09:37:38,mls,761853,2026-10-10,Red Bull New York,San Diego FC,New York Red Bulls,San Diego FC,_TODOS,todos los partidos,away,0,0.3631,,,
2026-10-09T09:37:38,mls,761853,2026-10-10,Red Bull New York,San Diego FC,New York Red Bulls,San Diego FC,_TODOS,todos los partidos,home,0,0.3835,,,
2026-10-09T09:37:38,mls,761854,2026-10-10,Minnesota United FC,Houston Dynamo FC,Minnesota United,Houston Dynamo,F15,favorito tras fecha FIFA,home,1,0.4026,2.21,no pasa,-1
2026-10-09T09:37:38,mls,761854,2026-10-10,Minnesota United FC,Houston Dynamo FC,Minnesota United,Houston Dynamo,Q6a,racha de 5+ derrotas,home,1,0.4026,-10.0,muestra insuficiente,1
2026-10-09T09:37:38,mls,761854,2026-10-10,Minnesota United FC,Houston Dynamo FC,Minnesota United,Houston Dynamo,_TODOS,todos los partidos,away,0,0.3302,,,
2026-10-09T09:37:38,mls,761854,2026-10-10,Minnesota United FC,Houston Dynamo FC,Minnesota United,Houston Dynamo,_TODOS,todos los partidos,home,0,0.4026,,,
2026-10-09T09:37:38,mls,761855,2026-10-10,Sporting Kansas City,Portland Timbers,Sporting Kansas City,Portland Timbers,F1,diferencia de descanso,away,-1.0,0.4014,-0.32,no pasa,1
2026-10-09T09:37:38,mls,761855,2026-10-10,Sporting Kansas City,Portland Timbers,Sporting Kansas City,Portland Timbers,Q1,revancha (perdio el ultimo cruce),home,1,0.3643,0.85,no pasa,1
2026-10-09T09:37:38,mls,761855,2026-10-10,Sporting Kansas City,Portland Timbers,Sporting Kansas City,Portland Timbers,_TODOS,todos los partidos,away,0,0.4014,,,
2026-10-09T09:37:38,mls,761855,2026-10-10,Sporting Kansas City,Portland Timbers,Sporting Kansas City,Portland Timbers,_TODOS,todos los partidos,home,0,0.3643,,,
2026-10-09T09:37:38,mls,761856,2026-10-10,Austin FC,Nashville SC,Austin FC,Nashville SC,F15,favorito tras fecha FIFA,away,-1,0.4499,2.21,no pasa,-1
2026-10-09T09:37:38,mls,761856,2026-10-10,Austin FC,Nashville SC,Austin FC,Nashville SC,_TODOS,todos los partidos,away,0,0.4499,,,
2026-10-09T09:37:38,mls,761856,2026-10-10,Austin FC,Nashville SC,Austin FC,Nashville SC,_TODOS,todos los partidos,home,0,0.2755,,,
2026-10-09T09:37:38,mls,761857,2026-10-10,Colorado Rapids,San Jose Earthquakes,Colorado Rapids,San Jose Earthquakes,F15,favorito tras fecha FIFA,home,1,0.4242,2.21,no pasa,-1
2026-10-09T09:37:38,mls,761857,2026-10-10,Colorado Rapids,San Jose Earthquakes,Colorado Rapids,San Jose Earthquakes,_TODOS,todos los partidos,away,0,0.3316,,,
2026-10-09T09:37:38,mls,761857,2026-10-10,Colorado Rapids,San Jose Earthquakes,Colorado Rapids,San Jose Earthquakes,_TODOS,todos los partidos,home,0,0.4242,,,
2026-10-09T09:37:38,ncaafb,401856712,2026-10-10,Alabama Crimson Tide,Georgia Bulldogs,Alabama Crimson Tide,Georgia Bulldogs,_TODOS,todos los partidos,away,0,0.5121,,,
2026-10-09T09:37:38,ncaafb,401856712,2026-10-10,Alabama Crimson Tide,Georgia Bulldogs,Alabama Crimson Tide,Georgia Bulldogs,_TODOS,todos los partidos,home,0,0.4879,,,
2026-10-09T09:37:38,ncaafb,401856713,2026-10-10,Arkansas Razorbacks,Tennessee Volunteers,Arkansas Razorbacks,Tennessee Volunteers,N12,tras perder por 20 o mas,home,1,0.2539,-1.07,muestra insuficiente,1
2026-10-09T09:37:38,ncaafb,401856713,2026-10-10,Arkansas Razorbacks,Tennessee Volunteers,Arkansas Razorbacks,Tennessee Volunteers,_TODOS,todos los partidos,away,0,0.7461,,,
2026-10-09T09:37:38,ncaafb,401856713,2026-10-10,Arkansas Razorbacks,Tennessee Volunteers,Arkansas Razorbacks,Tennessee Volunteers,_TODOS,todos los partidos,home,0,0.2539,,,
2026-10-09T09:37:38,ncaafb,401856714,2026-10-10,Florida Gators,South Carolina Gamecocks,Florida Gators,South Carolina Gamecocks,N12,tras perder por 20 o mas,home,1,0.7507,-1.07,muestra insuficiente,1
2026-10-09T09:37:38,ncaafb,401856714,2026-10-10,Florida Gators,South Carolina Gamecocks,Florida Gators,South Carolina Gamecocks,_TODOS,todos los partidos,away,0,0.2493,,,
2026-10-09T09:37:38,ncaafb,401856714,2026-10-10,Florida Gators,South Carolina Gamecocks,Florida Gators,South Carolina Gamecocks,_TODOS,todos los partidos,home,0,0.7507,,,
2026-10-09T09:37:38,ncaafb,401856715,2026-10-10,Kentucky Wildcats,LSU Tigers,Kentucky Wildcats,LSU Tigers,_TODOS,todos los partidos,away,0,0.557,,,
2026-10-09T09:37:38,ncaafb,401856715,2026-10-10,Kentucky Wildcats,LSU Tigers,Kentucky Wildcats,LSU Tigers,_TODOS,todos los partidos,home,0,0.443,,,
2026-10-09T09:37:38,ncaafb,401856716,2026-10-10,Missouri Tigers,Texas A&M Aggies,Missouri Tigers,Texas A&M Aggies,_TODOS,todos los partidos,away,0,0.3362,,,
2026-10-09T09:37:38,ncaafb,401856716,2026-10-10,Missouri Tigers,Texas A&M Aggies,Missouri Tigers,Texas A&M Aggies,_TODOS,todos los partidos,home,0,0.6638,,,
2026-10-09T09:37:38,ncaafb,401856717,2026-10-10,Oklahoma Sooners,Texas Longhorns,Oklahoma Sooners,Texas Longhorns,N12,tras perder por 20 o mas,home,1,0.3517,-1.07,muestra insuficiente,1
2026-10-09T09:37:38,ncaafb,401856717,2026-10-10,Oklahoma Sooners,Texas Longhorns,Oklahoma Sooners,Texas Longhorns,N8,segundo juego seguido de visita,home,1,0.3517,3.67,muestra insuficiente,1
2026-10-09T09:37:38,ncaafb,401856717,2026-10-10,Oklahoma Sooners,Texas Longhorns,Oklahoma Sooners,Texas Longhorns,_TODOS,todos los partidos,away,0,0.6483,,,
2026-10-09T09:37:38,ncaafb,401856717,2026-10-10,Oklahoma Sooners,Texas Longhorns,Oklahoma Sooners,Texas Longhorns,_TODOS,todos los partidos,home,0,0.3517,,,
2026-10-09T09:37:38,ncaafb,401856718,2026-10-10,Vanderbilt Commodores,Ole Miss Rebels,Vanderbilt Commodores,Ole Miss Rebels,N8,segundo juego seguido de visita,home,1,0.4549,3.67,muestra insuficiente,1
2026-10-09T09:37:38,ncaafb,401856718,2026-10-10,Vanderbilt Commodores,Ole Miss Rebels,Vanderbilt Commodores,Ole Miss Rebels,_TODOS,todos los partidos,away,0,0.5451,,,
2026-10-09T09:37:38,ncaafb,401856718,2026-10-10,Vanderbilt Commodores,Ole Miss Rebels,Vanderbilt Commodores,Ole Miss Rebels,_TODOS,todos los partidos,home,0,0.4549,,,
2026-10-09T09:37:38,ncaafb,401856808,2026-10-10,Arizona State Sun Devils,Hawai'i Rainbow Warriors,Arizona State Sun Devils,Hawai'i Rainbow Warriors,N12,tras perder por 20 o mas,home,1,0.7772,-1.07,muestra insuficiente,1
2026-10-09T09:37:38,ncaafb,401856808,2026-10-10,Arizona State Sun Devils,Hawai'i Rainbow Warriors,Arizona State Sun Devils,Hawai'i Rainbow Warriors,_TODOS,todos los partidos,away,0,0.2228,,,
2026-10-09T09:37:38,ncaafb,401856808,2026-10-10,Arizona State Sun Devils,Hawai'i Rainbow Warriors,Arizona State Sun Devils,Hawai'i Rainbow Warriors,_TODOS,todos los partidos,home,0,0.7772,,,
2026-10-09T09:37:38,ncaafb,401856823,2026-10-10,West Virginia Mountaineers,Arizona Wildcats,West Virginia Mountaineers,Arizona Wildcats,_TODOS,todos los partidos,away,0,0.667,,,
2026-10-09T09:37:38,ncaafb,401856823,2026-10-10,West Virginia Mountaineers,Arizona Wildcats,West Virginia Mountaineers,Arizona Wildcats,_TODOS,todos los partidos,home,0,0.333,,,
2026-10-09T09:37:38,ncaafb,401856824,2026-10-10,Oklahoma State Cowboys,UCF Knights,Oklahoma State Cowboys,UCF Knights,N8,segundo juego seguido de visita,home,1,0.4359,3.67,muestra insuficiente,1
2026-10-09T09:37:38,ncaafb,401856824,2026-10-10,Oklahoma State Cowboys,UCF Knights,Oklahoma State Cowboys,UCF Knights,_TODOS,todos los partidos,away,0,0.5641,,,
2026-10-09T09:37:38,ncaafb,401856824,2026-10-10,Oklahoma State Cowboys,UCF Knights,Oklahoma State Cowboys,UCF Knights,_TODOS,todos los partidos,home,0,0.4359,,,
2026-10-09T09:37:38,ncaafb,401856825,2026-10-10,Kansas State Wildcats,Houston Cougars,Kansas State Wildcats,Houston Cougars,_TODOS,todos los partidos,away,0,0.3852,,,
2026-10-09T09:37:38,ncaafb,401856825,2026-10-10,Kansas State Wildcats,Houston Cougars,Kansas State Wildcats,Houston Cougars,_TODOS,todos los partidos,home,0,0.6148,,,
2026-10-09T09:37:38,ncaafb,401856827,2026-10-10,Utah Utes,Kansas Jayhawks,Utah Utes,Kansas Jayhawks,_TODOS,todos los partidos,away,0,0.0933,,,
2026-10-09T09:37:38,ncaafb,401856827,2026-10-10,Utah Utes,Kansas Jayhawks,Utah Utes,Kansas Jayhawks,_TODOS,todos los partidos,home,0,0.9067,,,
2026-10-09T09:37:38,ncaafb,401858255,2026-10-10,Georgia Tech Yellow Jackets,Duke Blue Devils,Georgia Tech Yellow Jackets,Duke Blue Devils,_TODOS,todos los partidos,away,0,0.6787,,,
2026-10-09T09:37:38,ncaafb,401858255,2026-10-10,Georgia Tech Yellow Jackets,Duke Blue Devils,Georgia Tech Yellow Jackets,Duke Blue Devils,_TODOS,todos los partidos,home,0,0.3213,,,
2026-10-09T09:37:38,ncaafb,401858256,2026-10-10,Pittsburgh Panthers,North Carolina Tar Heels,Pittsburgh Panthers,North Carolina Tar Heels,_TODOS,todos los partidos,away,0,0.1809,,,
2026-10-09T09:37:38,ncaafb,401858256,2026-10-10,Pittsburgh Panthers,North Carolina Tar Heels,Pittsburgh Panthers,North Carolina Tar Heels,_TODOS,todos los partidos,home,0,0.8191,,,
2026-10-09T09:37:38,ncaafb,401858257,2026-10-10,Notre Dame Fighting Irish,Stanford Cardinal,Notre Dame Fighting Irish,Stanford Cardinal,N12,tras perder por 20 o mas,away,-1,0.0331,-1.07,muestra insuficiente,1
2026-10-09T09:37:38,ncaafb,401858257,2026-10-10,Notre Dame Fighting Irish,Stanford Cardinal,Notre Dame Fighting Irish,Stanford Cardinal,N8,segundo juego seguido de visita,home,1,0.9669,3.67,muestra insuficiente,1
2026-10-09T09:37:38,ncaafb,401858257,2026-10-10,Notre Dame Fighting Irish,Stanford Cardinal,Notre Dame Fighting Irish,Stanford Cardinal,_TODOS,todos los partidos,away,0,0.0331,,,
2026-10-09T09:37:38,ncaafb,401858257,2026-10-10,Notre Dame Fighting Irish,Stanford Cardinal,Notre Dame Fighting Irish,Stanford Cardinal,_TODOS,todos los partidos,home,0,0.9669,,,
2026-10-09T09:37:38,ncaafb,401858258,2026-10-10,Virginia Cavaliers,Syracuse Orange,Virginia Cavaliers,Syracuse Orange,N12,tras perder por 20 o mas,home,1,0.7975,-1.07,muestra insuficiente,1
2026-10-09T09:37:38,ncaafb,401858258,2026-10-10,Virginia Cavaliers,Syracuse Orange,Virginia Cavaliers,Syracuse Orange,N8,segundo juego seguido de visita,home,1,0.7975,3.67,muestra insuficiente,1
2026-10-09T09:37:38,ncaafb,401858258,2026-10-10,Virginia Cavaliers,Syracuse Orange,Virginia Cavaliers,Syracuse Orange,_TODOS,todos los partidos,away,0,0.2025,,,
2026-10-09T09:37:38,ncaafb,401858258,2026-10-10,Virginia Cavaliers,Syracuse Orange,Virginia Cavaliers,Syracuse Orange,_TODOS,todos los partidos,home,0,0.7975,,,
2026-10-09T09:37:38,ncaafb,401858259,2026-10-10,California Golden Bears,Virginia Tech Hokies,California Golden Bears,Virginia Tech Hokies,_TODOS,todos los partidos,away,0,0.5207,,,
2026-10-09T09:37:38,ncaafb,401858259,2026-10-10,California Golden Bears,Virginia Tech Hokies,California Golden Bears,Virginia Tech Hokies,_TODOS,todos los partidos,home,0,0.4793,,,
2026-10-09T09:37:38,ncaafb,401858260,2026-10-10,NC State Wolfpack,Wake Forest Demon Deacons,NC State Wolfpack,Wake Forest Demon Deacons,_TODOS,todos los partidos,away,0,0.4419,,,
2026-10-09T09:37:38,ncaafb,401858260,2026-10-10,NC State Wolfpack,Wake Forest Demon Deacons,NC State Wolfpack,Wake Forest Demon Deacons,_TODOS,todos los partidos,home,0,0.5581,,,
2026-10-09T09:37:38,ncaafb,401858480,2026-10-10,Michigan State Spartans,Illinois Fighting Illini,Michigan State Spartans,Illinois Fighting Illini,N12,tras perder por 20 o mas,home,1,0.3973,-1.07,muestra insuficiente,1
2026-10-09T09:37:38,ncaafb,401858480,2026-10-10,Michigan State Spartans,Illinois Fighting Illini,Michigan State Spartans,Illinois Fighting Illini,_TODOS,todos los partidos,away,0,0.6027,,,
2026-10-09T09:37:38,ncaafb,401858480,2026-10-10,Michigan State Spartans,Illinois Fighting Illini,Michigan State Spartans,Illinois Fighting Illini,_TODOS,todos los partidos,home,0,0.3973,,,
2026-10-09T09:37:38,ncaafb,401858481,2026-10-10,Nebraska Cornhuskers,Indiana Hoosiers,Nebraska Cornhuskers,Indiana Hoosiers,N8,segundo juego seguido de visita,home,1,0.2463,3.67,muestra insuficiente,1
2026-10-09T09:37:38,ncaafb,401858481,2026-10-10,Nebraska Cornhuskers,Indiana Hoosiers,Nebraska Cornhuskers,Indiana Hoosiers,_TODOS,todos los partidos,away,0,0.7537,,,
2026-10-09T09:37:38,ncaafb,401858481,2026-10-10,Nebraska Cornhuskers,Indiana Hoosiers,Nebraska Cornhuskers,Indiana Hoosiers,_TODOS,todos los partidos,home,0,0.2463,,,
2026-10-09T09:37:38,ncaafb,401858482,2026-10-10,Northwestern Wildcats,Ball State Cardinals,Northwestern Wildcats,Ball State Cardinals,_TODOS,todos los partidos,away,0,0.1022,,,
2026-10-09T09:37:38,ncaafb,401858482,2026-10-10,Northwestern Wildcats,Ball State Cardinals,Northwestern Wildcats,Ball State Cardinals,_TODOS,todos los partidos,home,0,0.8978,,,
2026-10-09T09:37:38,ncaafb,401858483,2026-10-10,Ohio State Buckeyes,Maryland Terrapins,Ohio State Buckeyes,Maryland Terrapins,N12,tras perder por 20 o mas,away,-1,0.0235,-1.07,muestra insuficiente,1
2026-10-09T09:37:38,ncaafb,401858483,2026-10-10,Ohio State Buckeyes,Maryland Terrapins,Ohio State Buckeyes,Maryland Terrapins,N8,segundo juego seguido de visita,home,1,0.9765,3.67,muestra insuficiente,1
2026-10-09T09:37:38,ncaafb,401858483,2026-10-10,Ohio State Buckeyes,Maryland Terrapins,Ohio State Buckeyes,Maryland Terrapins,_TODOS,todos los partidos,away,0,0.0235,,,
2026-10-09T09:37:38,ncaafb,401858483,2026-10-10,Ohio State Buckeyes,Maryland Terrapins,Ohio State Buckeyes,Maryland Terrapins,_TODOS,todos los partidos,home,0,0.9765,,,
2026-10-09T09:37:38,ncaafb,401858484,2026-10-10,Oregon Ducks,UCLA Bruins,Oregon Ducks,UCLA Bruins,N8,segundo juego seguido de visita,home,1,0.8519,3.67,muestra insuficiente,1
2026-10-09T09:37:38,ncaafb,401858484,2026-10-10,Oregon Ducks,UCLA Bruins,Oregon Ducks,UCLA Bruins,_TODOS,todos los partidos,away,0,0.1481,,,
2026-10-09T09:37:38,ncaafb,401858484,2026-10-10,Oregon Ducks,UCLA Bruins,Oregon Ducks,UCLA Bruins,_TODOS,todos los partidos,home,0,0.8519,,,
2026-10-09T09:37:38,ncaafb,401858485,2026-10-10,Penn State Nittany Lions,USC Trojans,Penn State Nittany Lions,USC Trojans,N12,tras perder por 20 o mas,home,1,0.5564,-1.07,muestra insuficiente,1
2026-10-09T09:37:38,ncaafb,401858485,2026-10-10,Penn State Nittany Lions,USC Trojans,Penn State Nittany Lions,USC Trojans,_TODOS,todos los partidos,away,0,0.4436,,,
2026-10-09T09:37:38,ncaafb,401858485,2026-10-10,Penn State Nittany Lions,USC Trojans,Penn State Nittany Lions,USC Trojans,_TODOS,todos los partidos,home,0,0.5564,,,
2026-10-09T09:37:38,ncaafb,401858486,2026-10-10,Purdue Boilermakers,Minnesota Golden Gophers,Purdue Boilermakers,Minnesota Golden Gophers,_TODOS,todos los partidos,away,0,0.7293,,,
2026-10-09T09:37:38,ncaafb,401858486,2026-10-10,Purdue Boilermakers,Minnesota Golden Gophers,Purdue Boilermakers,Minnesota Golden Gophers,_TODOS,todos los partidos,home,0,0.2707,,,
2026-10-09T09:37:38,ncaafb,401860901,2026-10-10,Fresno State Bulldogs,Boise State Broncos,Fresno State Bulldogs,Boise State Broncos,_TODOS,todos los partidos,away,0,0.4367,,,
2026-10-09T09:37:38,ncaafb,401860901,2026-10-10,Fresno State Bulldogs,Boise State Broncos,Fresno State Bulldogs,Boise State Broncos,_TODOS,todos los partidos,home,0,0.5633,,,
2026-10-09T09:37:38,ncaafb,401860902,2026-10-10,Oregon State Beavers,San Diego State Aztecs,Oregon State Beavers,San Diego State Aztecs,_TODOS,todos los partidos,away,0,0.3567,,,
2026-10-09T09:37:38,ncaafb,401860902,2026-10-10,Oregon State Beavers,San Diego State Aztecs,Oregon State Beavers,San Diego State Aztecs,_TODOS,todos los partidos,home,0,0.6433,,,
2026-10-09T09:37:38,ncaafb,401861964,2026-10-10,Temple Owls,UConn Huskies,Temple Owls,UConn Huskies,_TODOS,todos los partidos,away,0,0.5746,,,
2026-10-09T09:37:38,ncaafb,401861964,2026-10-10,Temple Owls,UConn Huskies,Temple Owls,UConn Huskies,_TODOS,todos los partidos,home,0,0.4254,,,
2026-10-09T09:37:38,ncaafb,401862795,2026-10-10,Army Black Knights,Tulane Green Wave,Army Black Knights,Tulane Green Wave,_TODOS,todos los partidos,away,0,0.4049,,,
2026-10-09T09:37:38,ncaafb,401862795,2026-10-10,Army Black Knights,Tulane Green Wave,Army Black Knights,Tulane Green Wave,_TODOS,todos los partidos,home,0,0.5951,,,
2026-10-09T09:37:38,ncaafb,401862796,2026-10-10,North Texas Mean Green,Charlotte 49ers,North Texas Mean Green,Charlotte 49ers,N12,tras perder por 20 o mas,away,-1,0.0392,-1.07,muestra insuficiente,1
2026-10-09T09:37:38,ncaafb,401862796,2026-10-10,North Texas Mean Green,Charlotte 49ers,North Texas Mean Green,Charlotte 49ers,_TODOS,todos los partidos,away,0,0.0392,,,
2026-10-09T09:37:38,ncaafb,401862796,2026-10-10,North Texas Mean Green,Charlotte 49ers,North Texas Mean Green,Charlotte 49ers,_TODOS,todos los partidos,home,0,0.9608,,,
2026-10-09T09:37:38,ncaafb,401862797,2026-10-10,East Carolina Pirates,Rice Owls,East Carolina Pirates,Rice Owls,_TODOS,todos los partidos,away,0,0.1562,,,
2026-10-09T09:37:38,ncaafb,401862797,2026-10-10,East Carolina Pirates,Rice Owls,East Carolina Pirates,Rice Owls,_TODOS,todos los partidos,home,0,0.8438,,,
2026-10-09T09:37:38,ncaafb,401862798,2026-10-10,Memphis Tigers,UAB Blazers,Memphis Tigers,UAB Blazers,_TODOS,todos los partidos,away,0,0.1524,,,
2026-10-09T09:37:38,ncaafb,401862798,2026-10-10,Memphis Tigers,UAB Blazers,Memphis Tigers,UAB Blazers,_TODOS,todos los partidos,home,0,0.8476,,,
2026-10-09T09:37:38,ncaafb,401862799,2026-10-10,Navy Midshipmen,Tulsa Golden Hurricane,Navy Midshipmen,Tulsa Golden Hurricane,_TODOS,todos los partidos,away,0,0.13,,,
2026-10-09T09:37:38,ncaafb,401862799,2026-10-10,Navy Midshipmen,Tulsa Golden Hurricane,Navy Midshipmen,Tulsa Golden Hurricane,_TODOS,todos los partidos,home,0,0.87,,,
2026-10-09T09:37:38,ncaafb,401864516,2026-10-10,Northern Illinois Huskies,Air Force Falcons,Northern Illinois Huskies,Air Force Falcons,N12,tras perder por 20 o mas,home,1,0.37,-1.07,muestra insuficiente,1
2026-10-09T09:37:38,ncaafb,401864516,2026-10-10,Northern Illinois Huskies,Air Force Falcons,Northern Illinois Huskies,Air Force Falcons,_TODOS,todos los partidos,away,0,0.63,,,
2026-10-09T09:37:38,ncaafb,401864516,2026-10-10,Northern Illinois Huskies,Air Force Falcons,Northern Illinois Huskies,Air Force Falcons,_TODOS,todos los partidos,home,0,0.37,,,
2026-10-09T09:37:38,ncaafb,401864517,2026-10-10,UTEP Miners,Nevada Wolf Pack,UTEP Miners,Nevada Wolf Pack,N12,tras perder por 20 o mas,home,1,0.5423,-1.07,muestra insuficiente,1
2026-10-09T09:37:38,ncaafb,401864517,2026-10-10,UTEP Miners,Nevada Wolf Pack,UTEP Miners,Nevada Wolf Pack,_TODOS,todos los partidos,away,0,0.4577,,,
2026-10-09T09:37:38,ncaafb,401864517,2026-10-10,UTEP Miners,Nevada Wolf Pack,UTEP Miners,Nevada Wolf Pack,_TODOS,todos los partidos,home,0,0.5423,,,
2026-10-09T09:37:38,ncaafb,401864518,2026-10-10,UNLV Rebels,North Dakota State Bison,UNLV Rebels,North Dakota State Bison,_TODOS,todos los partidos,away,0,0.6588,,,
2026-10-09T09:37:38,ncaafb,401864518,2026-10-10,UNLV Rebels,North Dakota State Bison,UNLV Rebels,North Dakota State Bison,_TODOS,todos los partidos,home,0,0.3412,,,
2026-10-09T09:37:38,ncaafb,401866435,2026-10-10,Akron Zips,Eastern Michigan Eagles,Akron Zips,Eastern Michigan Eagles,N12,tras perder por 20 o mas,home,1,0.4836,-1.07,muestra insuficiente,1
2026-10-09T09:37:38,ncaafb,401866435,2026-10-10,Akron Zips,Eastern Michigan Eagles,Akron Zips,Eastern Michigan Eagles,N8,segundo juego seguido de visita,home,1,0.4836,3.67,muestra insuficiente,1
2026-10-09T09:37:38,ncaafb,401866435,2026-10-10,Akron Zips,Eastern Michigan Eagles,Akron Zips,Eastern Michigan Eagles,_TODOS,todos los partidos,away,0,0.5164,,,
2026-10-09T09:37:38,ncaafb,401866435,2026-10-10,Akron Zips,Eastern Michigan Eagles,Akron Zips,Eastern Michigan Eagles,_TODOS,todos los partidos,home,0,0.4836,,,
2026-10-09T09:37:38,ncaafb,401866436,2026-10-10,Bowling Green Falcons,Sacramento State Hornets,Bowling Green Falcons,Sacramento State Hornets,N12,tras perder por 20 o mas,away,-1,0.3986,-1.07,muestra insuficiente,1
2026-10-09T09:37:38,ncaafb,401866436,2026-10-10,Bowling Green Falcons,Sacramento State Hornets,Bowling Green Falcons,Sacramento State Hornets,_TODOS,todos los partidos,away,0,0.3986,,,
2026-10-09T09:37:38,ncaafb,401866436,2026-10-10,Bowling Green Falcons,Sacramento State Hornets,Bowling Green Falcons,Sacramento State Hornets,_TODOS,todos los partidos,home,0,0.6014,,,
2026-10-09T09:37:38,ncaafb,401866437,2026-10-10,Toledo Rockets,Buffalo Bulls,Toledo Rockets,Buffalo Bulls,_TODOS,todos los partidos,away,0,0.1629,,,
2026-10-09T09:37:38,ncaafb,401866437,2026-10-10,Toledo Rockets,Buffalo Bulls,Toledo Rockets,Buffalo Bulls,_TODOS,todos los partidos,home,0,0.8371,,,
2026-10-09T09:37:38,ncaafb,401866438,2026-10-10,Ohio Bobcats,Central Michigan Chippewas,Ohio Bobcats,Central Michigan Chippewas,_TODOS,todos los partidos,away,0,0.2114,,,
2026-10-09T09:37:38,ncaafb,401866438,2026-10-10,Ohio Bobcats,Central Michigan Chippewas,Ohio Bobcats,Central Michigan Chippewas,_TODOS,todos los partidos,home,0,0.7886,,,
2026-10-09T09:37:38,ncaafb,401866439,2026-10-10,Western Michigan Broncos,Kent State Golden Flashes,Western Michigan Broncos,Kent State Golden Flashes,_TODOS,todos los partidos,away,0,0.1573,,,
2026-10-09T09:37:38,ncaafb,401866439,2026-10-10,Western Michigan Broncos,Kent State Golden Flashes,Western Michigan Broncos,Kent State Golden Flashes,_TODOS,todos los partidos,home,0,0.8427,,,
2026-10-09T09:37:38,ncaafb,401866440,2026-10-10,Massachusetts Minutemen,Miami (OH) RedHawks,Massachusetts Minutemen,Miami (OH) RedHawks,N12,tras perder por 20 o mas,home,1,0.3816,-1.07,muestra insuficiente,1
2026-10-09T09:37:38,ncaafb,401866440,2026-10-10,Massachusetts Minutemen,Miami (OH) RedHawks,Massachusetts Minutemen,Miami (OH) RedHawks,_TODOS,todos los partidos,away,0,0.6184,,,
2026-10-09T09:37:38,ncaafb,401866440,2026-10-10,Massachusetts Minutemen,Miami (OH) RedHawks,Massachusetts Minutemen,Miami (OH) RedHawks,_TODOS,todos los partidos,home,0,0.3816,,,
2026-10-09T09:37:38,ncaafb,401869843,2026-10-10,App State Mountaineers,Old Dominion Monarchs,App State Mountaineers,Old Dominion Monarchs,N12,tras perder por 20 o mas,away,-1,0.4193,-1.07,muestra insuficiente,1
2026-10-09T09:37:38,ncaafb,401869843,2026-10-10,App State Mountaineers,Old Dominion Monarchs,App State Mountaineers,Old Dominion Monarchs,N8,segundo juego seguido de visita,home,1,0.5807,3.67,muestra insuficiente,1
2026-10-09T09:37:38,ncaafb,401869843,2026-10-10,App State Mountaineers,Old Dominion Monarchs,App State Mountaineers,Old Dominion Monarchs,_TODOS,todos los partidos,away,0,0.4193,,,
2026-10-09T09:37:38,ncaafb,401869843,2026-10-10,App State Mountaineers,Old Dominion Monarchs,App State Mountaineers,Old Dominion Monarchs,_TODOS,todos los partidos,home,0,0.5807,,,
2026-10-09T09:37:38,ncaafb,401869943,2026-10-10,Marshall Thundering Herd,Coastal Carolina Chanticleers,Marshall Thundering Herd,Coastal Carolina Chanticleers,N12,tras perder por 20 o mas,home,1,0.8103,-1.07,muestra insuficiente,1
2026-10-09T09:37:38,ncaafb,401869943,2026-10-10,Marshall Thundering Herd,Coastal Carolina Chanticleers,Marshall Thundering Herd,Coastal Carolina Chanticleers,_TODOS,todos los partidos,away,0,0.1897,,,
2026-10-09T09:37:38,ncaafb,401869943,2026-10-10,Marshall Thundering Herd,Coastal Carolina Chanticleers,Marshall Thundering Herd,Coastal Carolina Chanticleers,_TODOS,todos los partidos,home,0,0.8103,,,
2026-10-09T09:37:38,ncaafb,401869949,2026-10-10,Georgia Southern Eagles,James Madison Dukes,Georgia Southern Eagles,James Madison Dukes,_TODOS,todos los partidos,away,0,0.837,,,
2026-10-09T09:37:38,ncaafb,401869949,2026-10-10,Georgia Southern Eagles,James Madison Dukes,Georgia Southern Eagles,James Madison Dukes,_TODOS,todos los partidos,home,0,0.163,,,
2026-10-09T09:37:38,ncaafb,401869965,2026-10-10,Louisiana Tech Bulldogs,Louisiana Ragin' Cajuns,Louisiana Tech Bulldogs,Louisiana Ragin' Cajuns,_TODOS,todos los partidos,away,0,0.4948,,,
2026-10-09T09:37:38,ncaafb,401869965,2026-10-10,Louisiana Tech Bulldogs,Louisiana Ragin' Cajuns,Louisiana Tech Bulldogs,Louisiana Ragin' Cajuns,_TODOS,todos los partidos,home,0,0.5052,,,
2026-10-09T09:37:38,nhl,401891805,2026-10-10,Florida Panthers,Minnesota Wild,FLA,MIN,H13,gira del visitante (2+ seguidos de visita),home,2,0.4885,1.19,no pasa,1
2026-10-09T09:37:38,nhl,401891805,2026-10-10,Florida Panthers,Minnesota Wild,FLA,MIN,H14,regreso a casa tras gira de 3+,home,1,0.4885,5.16,no pasa,-1
2026-10-09T09:37:38,nhl,401891805,2026-10-10,Florida Panthers,Minnesota Wild,FLA,MIN,H7,carga de 7 dias,home,1,0.4885,3.34,no pasa,1
2026-10-09T09:37:38,nhl,401891805,2026-10-10,Florida Panthers,Minnesota Wild,FLA,MIN,Q5,primer juego en casa,home,1,0.4885,-3.15,muestra insuficiente,1
2026-10-09T09:37:38,nhl,401891805,2026-10-10,Florida Panthers,Minnesota Wild,FLA,MIN,_TODOS,todos los partidos,away,0,0.5115,,,
2026-10-09T09:37:38,nhl,401891805,2026-10-10,Florida Panthers,Minnesota Wild,FLA,MIN,_TODOS,todos los partidos,home,0,0.4885,,,
2026-10-09T09:37:38,nhl,401892469,2026-10-10,Boston Bruins,Philadelphia Flyers,BOS,PHI,H13,gira del visitante (2+ seguidos de visita),home,2,0.5423,1.19,no pasa,1
2026-10-09T09:37:38,nhl,401892469,2026-10-10,Boston Bruins,Philadelphia Flyers,BOS,PHI,H15,ultimo juego de gira del visitante,home,1,0.5423,1.79,no pasa,-1
2026-10-09T09:37:38,nhl,401892469,2026-10-10,Boston Bruins,Philadelphia Flyers,BOS,PHI,Q6a,racha de 5+ derrotas,away,-1,0.4577,2.09,muestra insuficiente,1
2026-10-09T09:37:38,nhl,401892469,2026-10-10,Boston Bruins,Philadelphia Flyers,BOS,PHI,_TODOS,todos los partidos,away,0,0.4577,,,
2026-10-09T09:37:38,nhl,401892469,2026-10-10,Boston Bruins,Philadelphia Flyers,BOS,PHI,_TODOS,todos los partidos,home,0,0.5423,,,
2026-10-09T09:37:38,nhl,401892470,2026-10-10,New Jersey Devils,Vancouver Canucks,NJD,VAN,H13,gira del visitante (2+ seguidos de visita),home,1,0.6642,1.19,no pasa,1
2026-10-09T09:37:38,nhl,401892470,2026-10-10,New Jersey Devils,Vancouver Canucks,NJD,VAN,H21,tras perder por 4 o mas,away,-1,0.3358,0.07,no pasa,1
2026-10-09T09:37:38,nhl,401892470,2026-10-10,New Jersey Devils,Vancouver Canucks,NJD,VAN,H7,carga de 7 dias,home,1,0.6642,3.34,no pasa,1
2026-10-09T09:37:38,nhl,401892470,2026-10-10,New Jersey Devils,Vancouver Canucks,NJD,VAN,_TODOS,todos los partidos,away,0,0.3358,,,
2026-10-09T09:37:38,nhl,401892470,2026-10-10,New Jersey Devils,Vancouver Canucks,NJD,VAN,_TODOS,todos los partidos,home,0,0.6642,,,
2026-10-09T09:37:38,nhl,401892471,2026-10-10,San Jose Sharks,Edmonton Oilers,SJS,EDM,H13,gira del visitante (2+ seguidos de visita),home,1,0.4525,1.19,no pasa,1
2026-10-09T09:37:38,nhl,401892471,2026-10-10,San Jose Sharks,Edmonton Oilers,SJS,EDM,H4,un dia de diferencia de descanso,away,-1,0.5475,2.85,no pasa,1
2026-10-09T09:37:38,nhl,401892471,2026-10-10,San Jose Sharks,Edmonton Oilers,SJS,EDM,H7,carga de 7 dias,away,-1,0.5475,3.34,no pasa,1
2026-10-09T09:37:38,nhl,401892471,2026-10-10,San Jose Sharks,Edmonton Oilers,SJS,EDM,_TODOS,todos los partidos,away,0,0.5475,,,
2026-10-09T09:37:38,nhl,401892471,2026-10-10,San Jose Sharks,Edmonton Oilers,SJS,EDM,_TODOS,todos los partidos,home,0,0.4525,,,
2026-10-09T09:37:38,nhl,401892472,2026-10-10,Buffalo Sabres,Utah Mammoth,BUF,UTA,H13,gira del visitante (2+ seguidos de visita),home,4,0.5564,1.19,no pasa,1
2026-10-09T09:37:38,nhl,401892472,2026-10-10,Buffalo Sabres,Utah Mammoth,BUF,UTA,H7,carga de 7 dias,home,1,0.5564,3.34,no pasa,1
2026-10-09T09:37:38,nhl,401892472,2026-10-10,Buffalo Sabres,Utah Mammoth,BUF,UTA,_TODOS,todos los partidos,away,0,0.4436,,,
2026-10-09T09:37:38,nhl,401892472,2026-10-10,Buffalo Sabres,Utah Mammoth,BUF,UTA,_TODOS,todos los partidos,home,0,0.5564,,,
2026-10-09T09:37:38,nhl,401892473,2026-10-10,Montreal Canadiens,Detroit Red Wings,MTL,DET,H7,carga de 7 dias,away,-1,0.4353,3.34,no pasa,1
2026-10-09T09:37:38,nhl,401892473,2026-10-10,Montreal Canadiens,Detroit Red Wings,MTL,DET,_TODOS,todos los partidos,away,0,0.4353,,,
2026-10-09T09:37:38,nhl,401892473,2026-10-10,Montreal Canadiens,Detroit Red Wings,MTL,DET,_TODOS,todos los partidos,home,0,0.5647,,,
2026-10-09T09:37:38,nhl,401892474,2026-10-10,Ottawa Senators,Nashville Predators,OTT,NSH,H13,gira del visitante (2+ seguidos de visita),home,2,0.6359,1.19,no pasa,1
2026-10-09T09:37:38,nhl,401892474,2026-10-10,Ottawa Senators,Nashville Predators,OTT,NSH,H23,cuarto juego en 6 noches,away,-1,0.3641,2.95,no pasa,1
2026-10-09T09:37:38,nhl,401892474,2026-10-10,Ottawa Senators,Nashville Predators,OTT,NSH,H7,carga de 7 dias,away,-1,0.3641,3.34,no pasa,1
2026-10-09T09:37:38,nhl,401892474,2026-10-10,Ottawa Senators,Nashville Predators,OTT,NSH,_TODOS,todos los partidos,away,0,0.3641,,,
2026-10-09T09:37:38,nhl,401892474,2026-10-10,Ottawa Senators,Nashville Predators,OTT,NSH,_TODOS,todos los partidos,home,0,0.6359,,,
2026-10-09T09:37:38,nhl,401892475,2026-10-10,Pittsburgh Penguins,Dallas Stars,PIT,DAL,H13,gira del visitante (2+ seguidos de visita),home,1,0.4807,1.19,no pasa,1
2026-10-09T09:37:38,nhl,401892475,2026-10-10,Pittsburgh Penguins,Dallas Stars,PIT,DAL,H4,un dia de diferencia de descanso,home,1,0.4807,2.85,no pasa,1
2026-10-09T09:37:38,nhl,401892475,2026-10-10,Pittsburgh Penguins,Dallas Stars,PIT,DAL,_TODOS,todos los partidos,away,0,0.5193,,,
2026-10-09T09:37:38,nhl,401892475,2026-10-10,Pittsburgh Penguins,Dallas Stars,PIT,DAL,_TODOS,todos los partidos,home,0,0.4807,,,
2026-10-09T09:37:38,nhl,401892476,2026-10-10,Chicago Blackhawks,Carolina Hurricanes,CHI,CAR,_TODOS,todos los partidos,away,0,0.7109,,,
2026-10-09T09:37:38,nhl,401892476,2026-10-10,Chicago Blackhawks,Carolina Hurricanes,CHI,CAR,_TODOS,todos los partidos,home,0,0.2891,,,
2026-10-09T09:37:38,nhl,401892477,2026-10-10,St. Louis Blues,Columbus Blue Jackets,STL,CBJ,H7,carga de 7 dias,away,-2,0.4387,3.34,no pasa,1
2026-10-09T09:37:38,nhl,401892477,2026-10-10,St. Louis Blues,Columbus Blue Jackets,STL,CBJ,H8,regreso de pausa de 7+ dias,away,-1,0.4387,2.4,muestra insuficiente,-1
2026-10-09T09:37:38,nhl,401892477,2026-10-10,St. Louis Blues,Columbus Blue Jackets,STL,CBJ,_TODOS,todos los partidos,away,0,0.4387,,,
2026-10-09T09:37:38,nhl,401892477,2026-10-10,St. Louis Blues,Columbus Blue Jackets,STL,CBJ,_TODOS,todos los partidos,home,0,0.5613,,,
2026-10-09T09:37:38,nhl,401892478,2026-10-10,Colorado Avalanche,Toronto Maple Leafs,COL,TOR,H13,gira del visitante (2+ seguidos de visita),home,1,0.7402,1.19,no pasa,1
2026-10-09T09:37:38,nhl,401892478,2026-10-10,Colorado Avalanche,Toronto Maple Leafs,COL,TOR,H24,"altitud (Colorado, Utah)",home,1,0.7402,-1.53,muestra insuficiente,1
2026-10-09T09:37:38,nhl,401892478,2026-10-10,Colorado Avalanche,Toronto Maple Leafs,COL,TOR,H6,tercer juego en 4 noches,away,-1,0.2598,2.64,no pasa,1
2026-10-09T09:37:38,nhl,401892478,2026-10-10,Colorado Avalanche,Toronto Maple Leafs,COL,TOR,_TODOS,todos los partidos,away,0,0.2598,,,
2026-10-09T09:37:38,nhl,401892478,2026-10-10,Colorado Avalanche,Toronto Maple Leafs,COL,TOR,_TODOS,todos los partidos,home,0,0.7402,,,
2026-10-09T09:37:38,nhl,401892479,2026-10-10,New York Islanders,Tampa Bay Lightning,NYI,TBL,_TODOS,todos los partidos,away,0,0.5137,,,
2026-10-09T09:37:38,nhl,401892479,2026-10-10,New York Islanders,Tampa Bay Lightning,NYI,TBL,_TODOS,todos los partidos,home,0,0.4863,,,
2026-10-09T09:37:38,nhl,401892480,2026-10-10,Calgary Flames,Anaheim Ducks,CGY,ANA,H21,tras perder por 4 o mas,home,1,0.4746,0.07,no pasa,1
2026-10-09T09:37:38,nhl,401892480,2026-10-10,Calgary Flames,Anaheim Ducks,CGY,ANA,H4,un dia de diferencia de descanso,away,-1,0.5254,2.85,no pasa,1
2026-10-09T09:37:38,nhl,401892480,2026-10-10,Calgary Flames,Anaheim Ducks,CGY,ANA,H7,carga de 7 dias,away,-1,0.5254,3.34,no pasa,1
2026-10-09T09:37:38,nhl,401892480,2026-10-10,Calgary Flames,Anaheim Ducks,CGY,ANA,_TODOS,todos los partidos,away,0,0.5254,,,
2026-10-09T09:37:38,nhl,401892480,2026-10-10,Calgary Flames,Anaheim Ducks,CGY,ANA,_TODOS,todos los partidos,home,0,0.4746,,,
2026-10-09T09:37:38,nhl,401892481,2026-10-10,Vegas Golden Knights,Los Angeles Kings,VGK,LAK,H7,carga de 7 dias,away,-1,0.381,3.34,no pasa,1
2026-10-09T09:37:38,nhl,401892481,2026-10-10,Vegas Golden Knights,Los Angeles Kings,VGK,LAK,_TODOS,todos los partidos,away,0,0.381,,,
2026-10-09T09:37:38,nhl,401892481,2026-10-10,Vegas Golden Knights,Los Angeles Kings,VGK,LAK,_TODOS,todos los partidos,home,0,0.619,,,
2026-10-09T09:37:38,npb,npb-20261011-巨人-DeNA,2026-10-10,Giants,Bay Stars,Giants,Bay Stars,B10,primer juego de serie,home,1,0.5320490422828086,0.82,no pasa,1
2026-10-09T09:37:38,npb,npb-20261011-巨人-DeNA,2026-10-10,Giants,Bay Stars,Giants,Bay Stars,B15,tras extra innings,home,1,0.5320490422828086,-2.81,no pasa,1
2026-10-09T09:37:38,npb,npb-20261011-巨人-DeNA,2026-10-10,Giants,Bay Stars,Giants,Bay Stars,Q1,revancha (perdio el ultimo cruce),home,1,0.5320490422828086,0.61,no pasa,1
2026-10-09T09:37:38,npb,npb-20261011-巨人-DeNA,2026-10-10,Giants,Bay Stars,Giants,Bay Stars,_TODOS,todos los partidos,away,0,0.4679509577171914,,,
2026-10-09T09:37:38,npb,npb-20261011-巨人-DeNA,2026-10-10,Giants,Bay Stars,Giants,Bay Stars,_TODOS,todos los partidos,home,0,0.5320490422828086,,,
2026-10-09T09:37:38,npb,npb-20261011-西武-日本ハム,2026-10-10,Lions,Fighters,Lions,Fighters,B10,primer juego de serie,home,1,0.4827373892420384,0.82,no pasa,1
2026-10-09T09:37:38,npb,npb-20261011-西武-日本ハム,2026-10-10,Lions,Fighters,Lions,Fighters,B13,gira del visitante (2+ seguidos de visita),home,0.4,0.4827373892420384,0.12,no pasa,1
2026-10-09T09:37:38,npb,npb-20261011-西武-日本ハム,2026-10-10,Lions,Fighters,Lions,Fighters,Q1,revancha (perdio el ultimo cruce),home,1,0.4827373892420384,0.61,no pasa,1
2026-10-09T09:37:38,npb,npb-20261011-西武-日本ハム,2026-10-10,Lions,Fighters,Lions,Fighters,_TODOS,todos los partidos,away,0,0.5172626107579616,,,
2026-10-09T09:37:38,npb,npb-20261011-西武-日本ハム,2026-10-10,Lions,Fighters,Lions,Fighters,_TODOS,todos los partidos,home,0,0.4827373892420384,,,
2026-10-09T09:37:38,premier,401878772,2026-10-10,Sunderland,Brighton & Hove Albion,Sunderland,Brighton,F1,diferencia de descanso,away,-0.3333333333333333,0.4036,-0.32,no pasa,1
2026-10-09T09:37:38,premier,401878772,2026-10-10,Sunderland,Brighton & Hove Albion,Sunderland,Brighton,F15,favorito tras fecha FIFA,away,-1,0.4036,2.21,no pasa,-1
2026-10-09T09:37:38,premier,401878772,2026-10-10,Sunderland,Brighton & Hove Albion,Sunderland,Brighton,_TODOS,todos los partidos,away,0,0.4036,,,
2026-10-09T09:37:38,premier,401878772,2026-10-10,Sunderland,Brighton & Hove Albion,Sunderland,Brighton,_TODOS,todos los partidos,home,0,0.318,,,
2026-10-09T09:37:38,premier,401878773,2026-10-10,Manchester United,Tottenham Hotspur,Man United,Tottenham,F1,diferencia de descanso,away,-0.3333333333333333,0.1855,-0.32,no pasa,1
2026-10-09T09:37:38,premier,401878773,2026-10-10,Manchester United,Tottenham Hotspur,Man United,Tottenham,F15,favorito tras fecha FIFA,home,1,0.5741,2.21,no pasa,-1
2026-10-09T09:37:38,premier,401878773,2026-10-10,Manchester United,Tottenham Hotspur,Man United,Tottenham,_TODOS,todos los partidos,away,0,0.1855,,,
2026-10-09T09:37:38,premier,401878773,2026-10-10,Manchester United,Tottenham Hotspur,Man United,Tottenham,_TODOS,todos los partidos,home,0,0.5741,,,
2026-10-09T09:37:38,premier,401878775,2026-10-10,Chelsea,AFC Bournemouth,Chelsea,Bournemouth,F1,diferencia de descanso,home,0.6666666666666666,0.4191,-0.32,no pasa,1
2026-10-09T09:37:38,premier,401878775,2026-10-10,Chelsea,AFC Bournemouth,Chelsea,Bournemouth,F13,tras perder por 3 o mas,home,1,0.4191,-2.42,no pasa,1
2026-10-09T09:37:38,premier,401878775,2026-10-10,Chelsea,AFC Bournemouth,Chelsea,Bournemouth,F15,favorito tras fecha FIFA,home,1,0.4191,2.21,no pasa,-1
2026-10-09T09:37:38,premier,401878775,2026-10-10,Chelsea,AFC Bournemouth,Chelsea,Bournemouth,_TODOS,todos los partidos,away,0,0.323,,,
2026-10-09T09:37:38,premier,401878775,2026-10-10,Chelsea,AFC Bournemouth,Chelsea,Bournemouth,_TODOS,todos los partidos,home,0,0.4191,,,
2026-10-09T09:37:38,premier,401878776,2026-10-10,Aston Villa,Brentford,Aston Villa,Brentford,F1,diferencia de descanso,away,-0.3333333333333333,0.331,-0.32,no pasa,1
2026-10-09T09:37:38,premier,401878776,2026-10-10,Aston Villa,Brentford,Aston Villa,Brentford,F15,favorito tras fecha FIFA,home,1,0.4017,2.21,no pasa,-1
2026-10-09T09:37:38,premier,401878776,2026-10-10,Aston Villa,Brentford,Aston Villa,Brentford,_TODOS,todos los partidos,away,0,0.331,,,
2026-10-09T09:37:38,premier,401878776,2026-10-10,Aston Villa,Brentford,Aston Villa,Brentford,_TODOS,todos los partidos,home,0,0.4017,,,
2026-10-09T09:37:38,premier,401879265,2026-10-10,Ipswich Town,Fulham,Ipswich,Fulham,F1,diferencia de descanso,home,0.3333333333333333,0.2719,-0.32,no pasa,1
2026-10-09T09:37:38,premier,401879265,2026-10-10,Ipswich Town,Fulham,Ipswich,Fulham,F15,favorito tras fecha FIFA,away,-1,0.4672,2.21,no pasa,-1
2026-10-09T09:37:38,premier,401879265,2026-10-10,Ipswich Town,Fulham,Ipswich,Fulham,_TODOS,todos los partidos,away,0,0.4672,,,
2026-10-09T09:37:38,premier,401879265,2026-10-10,Ipswich Town,Fulham,Ipswich,Fulham,_TODOS,todos los partidos,home,0,0.2719,,,
2026-10-09T09:37:38,premier,401879268,2026-10-10,Arsenal,Leeds United,Arsenal,Leeds,F1,diferencia de descanso,home,0.3333333333333333,0.682,-0.32,no pasa,1
2026-10-09T09:37:38,premier,401879268,2026-10-10,Arsenal,Leeds United,Arsenal,Leeds,F13,tras perder por 3 o mas,home,1,0.682,-2.42,no pasa,1
2026-10-09T09:37:38,premier,401879268,2026-10-10,Arsenal,Leeds United,Arsenal,Leeds,F15,favorito tras fecha FIFA,home,1,0.682,2.21,no pasa,-1
2026-10-09T09:37:38,premier,401879268,2026-10-10,Arsenal,Leeds United,Arsenal,Leeds,_TODOS,todos los partidos,away,0,0.121,,,
2026-10-09T09:37:38,premier,401879268,2026-10-10,Arsenal,Leeds United,Arsenal,Leeds,_TODOS,todos los partidos,home,0,0.682,,,
2026-10-09T09:37:38,seriea,401874754,2026-10-10,Napoli,Frosinone,Napoli,Frosinone,F15,favorito tras fecha FIFA,home,1,0.6152,2.21,no pasa,-1
2026-10-09T09:37:38,seriea,401874754,2026-10-10,Napoli,Frosinone,Napoli,Frosinone,_TODOS,todos los partidos,away,0,0.1542,,,
2026-10-09T09:37:38,seriea,401874754,2026-10-10,Napoli,Frosinone,Napoli,Frosinone,_TODOS,todos los partidos,home,0,0.6152,,,
2026-10-09T09:37:38,seriea,401874947,2026-10-10,Genoa,Fiorentina,Genoa,Fiorentina,F15,favorito tras fecha FIFA,away,-1,0.3794,2.21,no pasa,-1
2026-10-09T09:37:38,seriea,401874947,2026-10-10,Genoa,Fiorentina,Genoa,Fiorentina,_TODOS,todos los partidos,away,0,0.3794,,,
2026-10-09T09:37:38,seriea,401874947,2026-10-10,Genoa,Fiorentina,Genoa,Fiorentina,_TODOS,todos los partidos,home,0,0.3218,,,
2026-10-09T09:37:38,seriea,401875021,2026-10-10,Internazionale,Parma,Inter,Parma,F1,diferencia de descanso,home,0.3333333333333333,0.7442,-0.32,no pasa,1
2026-10-09T09:37:38,seriea,401875021,2026-10-10,Internazionale,Parma,Inter,Parma,F15,favorito tras fecha FIFA,home,1,0.7442,2.21,no pasa,-1
2026-10-09T09:37:38,seriea,401875021,2026-10-10,Internazionale,Parma,Inter,Parma,_TODOS,todos los partidos,away,0,0.0813,,,
2026-10-09T09:37:38,seriea,401875021,2026-10-10,Internazionale,Parma,Inter,Parma,_TODOS,todos los partidos,home,0,0.7442,,,
2026-10-09T09:37:38,wta,186366,2026-10-10,Yuan Yue,Catherine McNally,Yuan Yue,Catherine McNally,T3,carga de 14 dias,away,-0.2,0.5025,-3.78,no pasa,1
2026-10-09T09:37:38,wta,186366,2026-10-10,Yuan Yue,Catherine McNally,Yuan Yue,Catherine McNally,_TODOS,todos los partidos,away,0,0.5025,,,
2026-10-09T09:37:38,wta,186366,2026-10-10,Yuan Yue,Catherine McNally,Yuan Yue,Catherine McNally,_TODOS,todos los partidos,home,0,0.4975,,,
2026-10-09T09:37:38,wta,186367,2026-10-10,Sinja Kraus,Magda Linette,Sinja Kraus,Magda Linette,T3,carga de 14 dias,away,-0.6,0.6497,-3.78,no pasa,1
2026-10-09T09:37:38,wta,186367,2026-10-10,Sinja Kraus,Magda Linette,Sinja Kraus,Magda Linette,_TODOS,todos los partidos,away,0,0.6497,,,
2026-10-09T09:37:38,wta,186367,2026-10-10,Sinja Kraus,Magda Linette,Sinja Kraus,Magda Linette,_TODOS,todos los partidos,home,0,0.3503,,,
2026-10-09T09:37:38,wta,186372,2026-10-10,Zeynep Sonmez,Anastasia Zakharova,Zeynep Sonmez,Anastasia Zakharova,T3,carga de 14 dias,home,0.2,0.5711,-3.78,no pasa,1
2026-10-09T09:37:38,wta,186372,2026-10-10,Zeynep Sonmez,Anastasia Zakharova,Zeynep Sonmez,Anastasia Zakharova,_TODOS,todos los partidos,away,0,0.4289,,,
2026-10-09T09:37:38,wta,186372,2026-10-10,Zeynep Sonmez,Anastasia Zakharova,Zeynep Sonmez,Anastasia Zakharova,_TODOS,todos los partidos,home,0,0.5711,,,
2026-10-09T09:37:38,wta,186373,2026-10-10,Polina Kudermetova,Katie Volynets,Polina Kudermetova,Katie Volynets,T3,carga de 14 dias,away,-0.2,0.5737,-3.78,no pasa,1
2026-10-09T09:37:38,wta,186373,2026-10-10,Polina Kudermetova,Katie Volynets,Polina Kudermetova,Katie Volynets,_TODOS,todos los partidos,away,0,0.5737,,,
2026-10-09T09:37:38,wta,186373,2026-10-10,Polina Kudermetova,Katie Volynets,Polina Kudermetova,Katie Volynets,_TODOS,todos los partidos,home,0,0.4263,,,
2026-10-09T09:37:38,wta,186374,2026-10-10,Camila Osorio,Zhu Lin,Camila Osorio,Zhu Lin,_TODOS,todos los partidos,away,0,0.4565,,,
2026-10-09T09:37:38,wta,186374,2026-10-10,Camila Osorio,Zhu Lin,Camila Osorio,Zhu Lin,_TODOS,todos los partidos,home,0,0.5435,,,
2026-10-09T09:37:38,wta,186375,2026-10-10,Mananchaya Sawangkaew,Maya Joint,Mananchaya Sawangkaew,Maya Joint,_TODOS,todos los partidos,away,0,0.5611,,,
2026-10-09T09:37:38,wta,186375,2026-10-10,Mananchaya Sawangkaew,Maya Joint,Mananchaya Sawangkaew,Maya Joint,_TODOS,todos los partidos,home,0,0.4389,,,
2026-10-09T09:37:38,wta,186376,2026-10-10,Anna Bondar,Lois Boisson,Anna Bondar,Lois Boisson,T3,carga de 14 dias,home,0.8,0.3876,-3.78,no pasa,1
2026-10-09T09:37:38,wta,186376,2026-10-10,Anna Bondar,Lois Boisson,Anna Bondar,Lois Boisson,_TODOS,todos los partidos,away,0,0.6124,,,
2026-10-09T09:37:38,wta,186376,2026-10-10,Anna Bondar,Lois Boisson,Anna Bondar,Lois Boisson,_TODOS,todos los partidos,home,0,0.3876,,,
2026-10-09T09:37:38,wta,186377,2026-10-10,Lanlana Tararudee,Claire Liu,Lanlana Tararudee,Claire Liu,T3,carga de 14 dias,home,0.2,0.6296,-3.78,no pasa,1
2026-10-09T09:37:38,wta,186377,2026-10-10,Lanlana Tararudee,Claire Liu,Lanlana Tararudee,Claire Liu,_TODOS,todos los partidos,away,0,0.3704,,,
2026-10-09T09:37:38,wta,186377,2026-10-10,Lanlana Tararudee,Claire Liu,Lanlana Tararudee,Claire Liu,_TODOS,todos los partidos,home,0,0.6296,,,
