registrado,liga,id,fecha,home,away,pick,prob,confianza,valor_mercado,valor_lado,valor_cuota,valor_edge
2026-09-30T14:56:26,mlb,401907897,2026-09-30,Houston Astros,Chicago White Sox,Houston Astros,0.5139,baja,Ganador,away,128.0,0.067
2026-09-30T14:56:26,mlb,401907963,2026-09-30,New York Yankees,Boston Red Sox,New York Yankees,0.5705,media,,,,
2026-09-30T14:56:26,mlb,401907975,2026-09-30,San Diego Padres,Chicago Cubs,San Diego Padres,0.5255,baja,Ganador,away,123.0,0.0462
2026-09-30T14:56:26,mlb,401907973,2026-10-01,Atlanta Braves,Philadelphia Phillies,Atlanta Braves,0.5477,baja,,,,
2026-09-30T14:56:26,mlb,401907898,2026-10-01,Houston Astros,Chicago White Sox,Houston Astros,0.5139,baja,,,,
2026-09-30T14:56:26,mlb,401907964,2026-10-01,New York Yankees,Boston Red Sox,New York Yankees,0.5705,media,,,,
2026-09-30T14:56:26,mlb,401907976,2026-10-01,San Diego Padres,Chicago Cubs,San Diego Padres,0.5255,baja,,,,
2026-09-30T18:44:05,atp,183485,2026-09-30,Jaime Faria,Arthur Fery,Arthur Fery,0.5232,baja,,,,
2026-09-30T18:44:05,atp,183486,2026-09-30,Taylor Fritz,Jaume Munar,Taylor Fritz,0.6557,alta,,,,
2026-09-30T18:44:05,atp,183492,2026-09-30,Luciano Darderi,Casper Ruud,Casper Ruud,0.6469,media,,,,
2026-09-30T18:44:05,atp,183491,2026-09-30,Brandon Nakashima,Ugo Humbert,Brandon Nakashima,0.5565,baja,,,,
2026-09-30T18:44:05,atp,183448,2026-09-30,Alex Molcan,Arthur Rinderknech,Arthur Rinderknech,0.5314,baja,,,,
2026-09-30T18:44:05,atp,183458,2026-09-30,Alex de Minaur,Mariano Navone,Alex de Minaur,0.7642,alta,,,,
2026-09-30T18:44:05,atp,184252,2026-09-30,Katie Volynets,Robin Montgomery,Katie Volynets,0.5678,baja,,,,
2026-09-30T18:44:05,atp,184267,2026-09-30,Sofia Kenin,Ashlyn Krueger,Ashlyn Krueger,0.5014,baja,,,,
2026-09-30T18:44:05,atp,184286,2026-09-30,Yuliia Starodubtseva,Alina Charaeva,Yuliia Starodubtseva,0.5041,baja,,,,
2026-09-30T18:44:05,wta,183448,2026-09-30,Alex Molcan,Arthur Rinderknech,Arthur Rinderknech,0.5314,baja,,,,
2026-09-30T18:44:05,wta,183458,2026-09-30,Alex de Minaur,Mariano Navone,Alex de Minaur,0.7642,alta,,,,
2026-09-30T18:44:05,wta,184252,2026-09-30,Katie Volynets,Robin Montgomery,Katie Volynets,0.5678,baja,,,,
2026-09-30T18:44:05,wta,184267,2026-09-30,Sofia Kenin,Ashlyn Krueger,Ashlyn Krueger,0.5014,baja,,,,
2026-09-30T18:44:05,wta,184286,2026-09-30,Yuliia Starodubtseva,Alina Charaeva,Yuliia Starodubtseva,0.5041,baja,,,,
2026-09-30T18:44:05,atp,183484,2026-09-30,Holger Rune,Kyrian Jacquet,Holger Rune,0.7303,alta,,,,
2026-09-30T18:44:05,atp,183494,2026-09-30,Tomas Martin Etcheverry,Stefanos Tsitsipas,Stefanos Tsitsipas,0.625,media,,,,
2026-09-30T18:44:05,atp,183487,2026-09-30,Kei Nishikori,Frances Tiafoe,Frances Tiafoe,0.5054,baja,,,,
2026-09-30T18:44:05,atp,183441,2026-09-30,Roman Safiullin,Flavio Cobolli,Roman Safiullin,0.523,baja,,,,
2026-09-30T18:44:05,atp,183445,2026-09-30,Ignacio Buse,Quentin Halys,Ignacio Buse,0.5243,baja,,,,
2026-09-30T18:44:05,atp,183460,2026-09-30,Botic Van De Zandschulp,Francisco Cerundolo,Francisco Cerundolo,0.6214,media,,,,
2026-09-30T18:44:05,atp,184244,2026-09-30,Paula Badosa,Daria Kasatkina,Paula Badosa,0.5828,media,,,,
2026-09-30T18:44:05,atp,184257,2026-09-30,Aoi Ito,Kimberly Birrell,Kimberly Birrell,0.6105,media,,,,
2026-09-30T18:44:05,wta,183441,2026-09-30,Roman Safiullin,Flavio Cobolli,Roman Safiullin,0.523,baja,,,,
2026-09-30T18:44:05,wta,183445,2026-09-30,Ignacio Buse,Quentin Halys,Ignacio Buse,0.5243,baja,,,,
2026-09-30T18:44:05,wta,183460,2026-09-30,Botic Van De Zandschulp,Francisco Cerundolo,Francisco Cerundolo,0.6214,media,,,,
2026-09-30T18:44:05,wta,184244,2026-09-30,Paula Badosa,Daria Kasatkina,Paula Badosa,0.5828,media,,,,
2026-09-30T18:44:05,wta,184257,2026-09-30,Aoi Ito,Kimberly Birrell,Kimberly Birrell,0.6105,media,,,,
2026-09-30T18:44:05,atp,183490,2026-09-30,Jiri Lehecka,Zizou Bergs,Jiri Lehecka,0.5869,media,,,,
2026-09-30T18:44:05,atp,184270,2026-10-01,Magda Linette,Katerina Siniakova,Katerina Siniakova,0.5487,baja,,,,
2026-09-30T18:44:05,wta,184270,2026-10-01,Magda Linette,Katerina Siniakova,Katerina Siniakova,0.5487,baja,,,,
2026-09-30T18:44:05,atp,183493,2026-10-01,Denis Shapovalov,Sho Shimabukuro,Denis Shapovalov,0.7441,alta,,,,
2026-09-30T18:44:05,atp,183497,2026-10-01,Carlos Alcaraz,Alex Michelsen,Carlos Alcaraz,0.806,alta,,,,
2026-09-30T18:44:05,atp,183440,2026-10-01,Alexander Zverev,Cameron Norrie,Alexander Zverev,0.7019,alta,,,,
2026-09-30T18:44:05,wta,183440,2026-10-01,Alexander Zverev,Cameron Norrie,Alexander Zverev,0.7019,alta,,,,
2026-09-30T18:44:05,atp,184232,2026-10-01,Lanlana Tararudee,Camila Osorio,Camila Osorio,0.5131,baja,,,,
2026-09-30T18:44:05,atp,184292,2026-10-01,Marina Bassols Ribera,Kamilla Rakhimova,Kamilla Rakhimova,0.6864,alta,,,,
2026-09-30T18:44:05,wta,184232,2026-10-01,Lanlana Tararudee,Camila Osorio,Camila Osorio,0.5131,baja,,,,
2026-09-30T18:44:05,wta,184292,2026-10-01,Marina Bassols Ribera,Kamilla Rakhimova,Kamilla Rakhimova,0.6864,alta,,,,
2026-09-30T18:44:05,atp,183499,2026-10-01,Alejandro Davidovich Fokina,Matteo Berrettini,Matteo Berrettini,0.5422,baja,,,,
2026-09-30T18:44:05,atp,183443,2026-10-01,Tallon Griekspoor,Andrey Rublev,Andrey Rublev,0.605,media,,,,
2026-09-30T18:44:05,wta,183443,2026-10-01,Tallon Griekspoor,Andrey Rublev,Andrey Rublev,0.605,media,,,,
2026-09-30T18:44:05,atp,183498,2026-10-01,Adolfo Daniel Vallejo,Rafael Jodar,Rafael Jodar,0.6807,alta,,,,
2026-09-30T18:44:05,wta,184150,2026-10-01,Lois Boisson,Anna Blinkova,Lois Boisson,0.628,media,,,,
2026-09-30T18:44:05,atp,183438,2026-10-01,Learner Tien,Hubert Hurkacz,Learner Tien,0.5028,baja,,,,
2026-09-30T18:44:05,wta,183438,2026-10-01,Learner Tien,Hubert Hurkacz,Learner Tien,0.5028,baja,,,,
2026-09-30T18:44:05,atp,183459,2026-10-01,Alexander Bublik,Jakub Mensik,Jakub Mensik,0.5616,baja,,,,
2026-09-30T18:44:05,wta,183459,2026-10-01,Alexander Bublik,Jakub Mensik,Jakub Mensik,0.5616,baja,,,,
2026-09-30T18:44:05,nfl,401872964,2026-10-01,Cleveland Browns,Pittsburgh Steelers,Pittsburgh Steelers,0.5666,baja,Total 38.5,over,-105.0,0.1143
2026-09-30T18:44:05,mls,761798,2026-10-01,Seattle Sounders FC,Sporting Kansas City,Seattle Sounders FC,0.5915,alta,Ganador,draw,370.0,0.0394
2026-09-30T18:44:05,atp,183453,2026-10-01,Bu Yunchaokete,Novak Djokovic,Novak Djokovic,0.8728,alta,,,,
2026-09-30T18:44:05,atp,183454,2026-10-01,Daniil Medvedev,Pablo Carreno Busta,Daniil Medvedev,0.7187,alta,,,,
2026-09-30T18:44:05,atp,184295,2026-10-01,Renata Zarazua,Aryna Sabalenka,Aryna Sabalenka,0.8751,alta,,,,
2026-09-30T18:44:05,atp,184296,2026-10-01,Nikola Bartunkova,Magdalena Frech,Nikola Bartunkova,0.5631,baja,,,,
2026-09-30T18:44:05,atp,184297,2026-10-01,Dayana Yastremska,Maja Chwalinska,Maja Chwalinska,0.5228,baja,,,,
2026-09-30T18:44:05,atp,184298,2026-10-01,Anastasia Potapova,Sinja Kraus,Anastasia Potapova,0.6685,alta,,,,
2026-09-30T18:44:05,atp,184299,2026-10-01,Jasmine Paolini,Daria Snigur,Jasmine Paolini,0.627,media,,,,
2026-09-30T18:44:05,atp,184300,2026-10-01,Janice Tjen,Diana Shnaider,Diana Shnaider,0.6976,alta,,,,
2026-09-30T18:44:05,atp,184301,2026-10-01,Ekaterina Alexandrova,Aliaksandra Sasnovich,Ekaterina Alexandrova,0.6435,media,,,,
2026-09-30T18:44:05,atp,184302,2026-10-01,Viktorija Golubic,Peyton Stearns,Peyton Stearns,0.5702,media,,,,
2026-09-30T18:44:05,atp,184304,2026-10-01,Clara Tauson,Polina Kudermetova,Clara Tauson,0.7299,alta,,,,
2026-09-30T18:44:05,atp,184305,2026-10-01,Taylah Preston,Diane Parry,Diane Parry,0.5674,baja,,,,
2026-09-30T18:44:05,atp,184306,2026-10-01,Maria Timofeeva,Naomi Osaka,Naomi Osaka,0.8062,alta,,,,
2026-09-30T18:44:05,atp,184307,2026-10-01,Sara Bejlek,Maddison Inglis,Sara Bejlek,0.7008,alta,,,,
2026-09-30T18:44:05,atp,184308,2026-10-01,Linda Fruhvirtova,Liudmila Samsonova,Liudmila Samsonova,0.6893,alta,,,,
2026-09-30T18:44:05,atp,184309,2026-10-01,Karolina Muchova,Katie Boulter,Karolina Muchova,0.7265,alta,,,,
2026-09-30T18:44:05,atp,184318,2026-10-01,Linda Noskova,Elena-Gabriela Ruse,Linda Noskova,0.6563,alta,,,,
2026-09-30T18:44:05,wta,184149,2026-10-01,Elena Pridankina,Erika Andreeva,Erika Andreeva,0.5169,baja,,,,
2026-09-30T18:44:05,wta,184147,2026-10-01,Leolia Jeanjean,Lucrezia Stefanini,Lucrezia Stefanini,0.5811,media,,,,
2026-09-30T18:44:05,wta,183453,2026-10-01,Bu Yunchaokete,Novak Djokovic,Novak Djokovic,0.8728,alta,,,,
2026-09-30T18:44:05,wta,183454,2026-10-01,Daniil Medvedev,Pablo Carreno Busta,Daniil Medvedev,0.7187,alta,,,,
2026-09-30T18:44:05,wta,184295,2026-10-01,Renata Zarazua,Aryna Sabalenka,Aryna Sabalenka,0.8751,alta,,,,
2026-09-30T18:44:05,wta,184296,2026-10-01,Nikola Bartunkova,Magdalena Frech,Nikola Bartunkova,0.5631,baja,,,,
2026-09-30T18:44:05,wta,184297,2026-10-01,Dayana Yastremska,Maja Chwalinska,Maja Chwalinska,0.5228,baja,,,,
2026-09-30T18:44:05,wta,184298,2026-10-01,Anastasia Potapova,Sinja Kraus,Anastasia Potapova,0.6685,alta,,,,
2026-09-30T18:44:05,wta,184299,2026-10-01,Jasmine Paolini,Daria Snigur,Jasmine Paolini,0.627,media,,,,
2026-09-30T18:44:05,wta,184300,2026-10-01,Janice Tjen,Diana Shnaider,Diana Shnaider,0.6976,alta,,,,
2026-09-30T18:44:05,wta,184301,2026-10-01,Ekaterina Alexandrova,Aliaksandra Sasnovich,Ekaterina Alexandrova,0.6435,media,,,,
2026-09-30T18:44:05,wta,184302,2026-10-01,Viktorija Golubic,Peyton Stearns,Peyton Stearns,0.5702,media,,,,
2026-09-30T18:44:05,wta,184304,2026-10-01,Clara Tauson,Polina Kudermetova,Clara Tauson,0.7299,alta,,,,
2026-09-30T18:44:05,wta,184305,2026-10-01,Taylah Preston,Diane Parry,Diane Parry,0.5674,baja,,,,
2026-09-30T18:44:05,wta,184306,2026-10-01,Maria Timofeeva,Naomi Osaka,Naomi Osaka,0.8062,alta,,,,
2026-09-30T18:44:05,wta,184307,2026-10-01,Sara Bejlek,Maddison Inglis,Sara Bejlek,0.7008,alta,,,,
2026-09-30T18:44:05,wta,184308,2026-10-01,Linda Fruhvirtova,Liudmila Samsonova,Liudmila Samsonova,0.6893,alta,,,,
2026-09-30T18:44:05,wta,184309,2026-10-01,Karolina Muchova,Katie Boulter,Karolina Muchova,0.7265,alta,,,,
2026-09-30T18:44:05,wta,184318,2026-10-01,Linda Noskova,Elena-Gabriela Ruse,Linda Noskova,0.6563,alta,,,,
2026-09-30T19:05:48,atp,183457,2026-10-01,Shang Juncheng,Sebastian Baez,Sebastian Baez,0.5627,baja,,,,
2026-09-30T19:05:48,wta,184274,2026-10-01,Alycia Parks,Zhu Lin,Zhu Lin,0.6132,media,,,,
2026-09-30T19:05:48,wta,184279,2026-10-01,Gao Xinyu,Panna Udvardy,Panna Udvardy,0.5551,baja,,,,
2026-09-30T19:05:48,wta,184303,2026-10-01,Yuan Yue,Mirra Andreeva,Mirra Andreeva,0.8039,alta,,,,
2026-09-30T23:02:09,ncaafb,401871049,2026-10-01,New Mexico State Aggies,Western Kentucky Hilltoppers,Western Kentucky Hilltoppers,0.6439,media,Total 57.5,under,-115.0,0.0774
2026-09-30T23:02:09,ncaafb,401862786,2026-10-01,Tulsa Golden Hurricane,North Texas Mean Green,North Texas Mean Green,0.7736,alta,Spread -1.5,away,-105.0,0.0616
2026-09-30T23:02:09,atp,183439,2026-10-01,Alex Molcan,Karen Khachanov,Karen Khachanov,0.6305,media,,,,
2026-09-30T23:02:09,ncaafb,401858245,2026-10-02,Virginia Tech Hokies,Pittsburgh Panthers,Pittsburgh Panthers,0.5076,baja,Ganador,away,136.0,0.101
2026-09-30T23:02:09,ncaafb,401871050,2026-10-02,Delaware Blue Hens,Liberty Flames,Delaware Blue Hens,0.571,media,Total 50.5,over,-105.0,0.1065
2026-09-30T23:02:09,ncaafb,401858476,2026-10-02,Northwestern Wildcats,Penn State Nittany Lions,Penn State Nittany Lions,0.6081,media,Spread +2.5,home,-102.0,0.0809
2026-09-30T23:02:09,wta,184325,2026-10-02,Ashlyn Krueger,Ann Li,Ann Li,0.5771,media,,,,
