registrado,liga,id,fecha,home,away,mercado,lado,p_modelo,valor_modelo,linea,p_mercado,cuota,validacion,estado,marcador,real,acierto,brier,error_abs
2026-10-02T00:02:37,atp,183503,2026-10-01,Jaume Munar,Jaime Faria,Ganador,home,0.593,,,0.5855,-146.0,publicable,calificado,6-1 6-1,home,1,0.1656,
2026-10-02T00:02:37,atp,183503,2026-10-01,Jaume Munar,Jaime Faria,Games 22.5,over,0.61,,22.5,,,sin_validar,calificado,6-1 6-1,14,0,0.3721,
2026-10-02T00:02:37,atp,183503,2026-10-01,Jaume Munar,Jaime Faria,Breaks,total,,4.9,,,,publicable,calificado,6-1 6-1,7.0,,,2.1
2026-10-02T00:02:37,wta,184298,2026-10-01,Anastasia Potapova,Sinja Kraus,Ganador,home,0.7586,,,0.7244,-285.0,publicable,calificado,4-1 RET,away,0,0.5755,
2026-10-02T00:02:37,wta,184298,2026-10-01,Anastasia Potapova,Sinja Kraus,Games 22.5,under,0.647,,22.5,,,sin_validar,sin_dato,4-1 RET,,,,
2026-10-02T00:02:37,wta,184298,2026-10-01,Anastasia Potapova,Sinja Kraus,Breaks,total,,8.6,,,,sin_validar,sin_dato,4-1 RET,,,,
2026-10-02T00:02:37,wta,184300,2026-10-01,Janice Tjen,Diana Shnaider,Ganador,away,0.697,,,0.7127,-270.0,publicable,pendiente,,,,,
2026-10-02T00:02:37,wta,184300,2026-10-01,Janice Tjen,Diana Shnaider,Games 22.5,under,0.571,,22.5,,,sin_validar,pendiente,,,,,
2026-10-02T00:02:37,wta,184300,2026-10-01,Janice Tjen,Diana Shnaider,Breaks,total,,5.8,,,,sin_validar,pendiente,,,,,
2026-10-02T00:02:37,wta,184302,2026-10-01,Viktorija Golubic,Peyton Stearns,Ganador,away,0.5944,,,0.5881,-150.0,publicable,pendiente,,,,,
2026-10-02T00:02:37,wta,184302,2026-10-01,Viktorija Golubic,Peyton Stearns,Games 22.5,under,0.506,,22.5,,,sin_validar,pendiente,,,,,
2026-10-02T00:02:37,wta,184302,2026-10-01,Viktorija Golubic,Peyton Stearns,Breaks,total,,8.8,,,,sin_validar,pendiente,,,,,
2026-10-02T00:02:37,wta,184303,2026-10-01,Yuan Yue,Mirra Andreeva,Ganador,away,0.8003,,,0.9114,-1430.0,publicable,pendiente,,,,,
2026-10-02T00:02:37,wta,184303,2026-10-01,Yuan Yue,Mirra Andreeva,Games 22.5,under,0.687,,22.5,,,sin_validar,pendiente,,,,,
2026-10-02T00:02:37,wta,184303,2026-10-01,Yuan Yue,Mirra Andreeva,Breaks,total,,6.7,,,,sin_validar,pendiente,,,,,
2026-10-02T00:02:37,wta,184308,2026-10-01,Linda Fruhvirtova,Liudmila Samsonova,Ganador,away,0.6716,,,0.8011,-383.0,publicable,pendiente,,,,,
2026-10-02T00:02:37,wta,184308,2026-10-01,Linda Fruhvirtova,Liudmila Samsonova,Games 22.5,under,0.547,,22.5,,,sin_validar,pendiente,,,,,
2026-10-02T00:02:37,wta,184308,2026-10-01,Linda Fruhvirtova,Liudmila Samsonova,Breaks,total,,7.1,,,,sin_validar,pendiente,,,,,
2026-10-02T00:02:37,atp,183506,2026-10-01,Valentin Vacherot,Stefanos Tsitsipas,Ganador,away,0.5556,,,0.6018,-161.0,publicable,pendiente,,,,,
2026-10-02T00:02:37,atp,183506,2026-10-01,Valentin Vacherot,Stefanos Tsitsipas,Games 22.5,over,0.625,,22.5,,,sin_validar,pendiente,,,,,
2026-10-02T00:02:37,atp,183506,2026-10-01,Valentin Vacherot,Stefanos Tsitsipas,Breaks,total,,2.7,,,,publicable,pendiente,,,,,
2026-10-02T00:02:37,wta,184297,2026-10-01,Dayana Yastremska,Maja Chwalinska,Ganador,away,0.521,,,0.6091,-162.0,publicable,pendiente,,,,,
2026-10-02T00:02:37,wta,184297,2026-10-01,Dayana Yastremska,Maja Chwalinska,Games 22.5,over,0.518,,22.5,,,sin_validar,pendiente,,,,,
2026-10-02T00:02:37,wta,184297,2026-10-01,Dayana Yastremska,Maja Chwalinska,Breaks,total,,8.3,,,,sin_validar,pendiente,,,,,
2026-10-02T00:02:37,wta,184301,2026-10-01,Ekaterina Alexandrova,Aliaksandra Sasnovich,Ganador,home,0.6294,,,0.5754,-139.0,publicable,pendiente,,,,,
2026-10-02T00:02:37,wta,184301,2026-10-01,Ekaterina Alexandrova,Aliaksandra Sasnovich,Games 22.5,under,0.528,,22.5,,,sin_validar,pendiente,,,,,
2026-10-02T00:02:37,wta,184301,2026-10-01,Ekaterina Alexandrova,Aliaksandra Sasnovich,Breaks,total,,7.5,,,,sin_validar,pendiente,,,,,
2026-10-02T00:02:37,wta,184305,2026-10-01,Taylah Preston,Diane Parry,Ganador,away,0.5364,,,0.5667,-136.0,publicable,pendiente,,,,,
2026-10-02T00:02:37,wta,184305,2026-10-01,Taylah Preston,Diane Parry,Games 22.5,over,0.531,,22.5,,,sin_validar,pendiente,,,,,
2026-10-02T00:02:37,wta,184305,2026-10-01,Taylah Preston,Diane Parry,Breaks,total,,8.0,,,,sin_validar,pendiente,,,,,
2026-10-02T00:02:37,wta,184318,2026-10-01,Linda Noskova,Elena-Gabriela Ruse,Ganador,home,0.6572,,,0.7656,-350.0,publicable,pendiente,,,,,
2026-10-02T00:02:37,wta,184318,2026-10-01,Linda Noskova,Elena-Gabriela Ruse,Games 22.5,under,0.503,,22.5,,,sin_validar,pendiente,,,,,
2026-10-02T00:02:37,wta,184318,2026-10-01,Linda Noskova,Elena-Gabriela Ruse,Breaks,total,,5.1,,,,sin_validar,pendiente,,,,,
2026-10-02T00:02:37,atp,183439,2026-10-01,Alex Molcan,Karen Khachanov,Ganador,away,0.6189,,,0.7698,-350.0,publicable,pendiente,,,,,
2026-10-02T00:02:37,atp,183439,2026-10-01,Alex Molcan,Karen Khachanov,Games 22.5,over,0.598,,22.5,,,sin_validar,pendiente,,,,,
2026-10-02T00:02:37,atp,183439,2026-10-01,Alex Molcan,Karen Khachanov,Breaks,total,,4.6,,,,publicable,pendiente,,,,,
2026-10-02T00:02:37,wta,184299,2026-10-02,Jasmine Paolini,Daria Snigur,Ganador,home,0.6177,,,0.56,-133.0,publicable,pendiente,,,,,
2026-10-02T00:02:37,wta,184299,2026-10-02,Jasmine Paolini,Daria Snigur,Games 22.5,over,0.511,,22.5,,,sin_validar,pendiente,,,,,
2026-10-02T00:02:37,wta,184299,2026-10-02,Jasmine Paolini,Daria Snigur,Breaks,total,,8.5,,,,sin_validar,pendiente,,,,,
2026-10-02T00:02:37,wta,184304,2026-10-02,Clara Tauson,Polina Kudermetova,Ganador,home,0.7193,,,0.6162,-170.0,publicable,pendiente,,,,,
2026-10-02T00:02:37,wta,184304,2026-10-02,Clara Tauson,Polina Kudermetova,Games 22.5,under,0.609,,22.5,,,sin_validar,pendiente,,,,,
2026-10-02T00:02:37,wta,184304,2026-10-02,Clara Tauson,Polina Kudermetova,Breaks,total,,7.1,,,,sin_validar,pendiente,,,,,
2026-10-02T00:02:37,atp,183502,2026-10-02,Kyrian Jacquet,Luciano Darderi,Ganador,away,0.5814,,,0.5603,-132.0,publicable,pendiente,,,,,
2026-10-02T00:02:37,atp,183502,2026-10-02,Kyrian Jacquet,Luciano Darderi,Games 22.5,over,0.6,,22.5,,,sin_validar,pendiente,,,,,
2026-10-02T00:02:37,atp,183502,2026-10-02,Kyrian Jacquet,Luciano Darderi,Breaks,total,,4.5,,,,publicable,pendiente,,,,,
2026-10-02T00:02:37,atp,183454,2026-10-02,Daniil Medvedev,Pablo Carreno Busta,Ganador,home,0.7278,,,0.7919,-420.0,publicable,pendiente,,,,,
2026-10-02T00:02:37,atp,183454,2026-10-02,Daniil Medvedev,Pablo Carreno Busta,Games 22.5,over,0.527,,22.5,,,sin_validar,pendiente,,,,,
2026-10-02T00:02:37,atp,183454,2026-10-02,Daniil Medvedev,Pablo Carreno Busta,Breaks,total,,4.7,,,,publicable,pendiente,,,,,
2026-10-02T00:02:37,wta,184309,2026-10-02,Karolina Muchova,Katie Boulter,Ganador,home,0.7156,,,0.8478,-599.0,publicable,pendiente,,,,,
2026-10-02T00:02:37,wta,184309,2026-10-02,Karolina Muchova,Katie Boulter,Games 22.5,under,0.57,,22.5,,,sin_validar,pendiente,,,,,
2026-10-02T00:02:37,wta,184309,2026-10-02,Karolina Muchova,Katie Boulter,Breaks,total,,5.7,,,,sin_validar,pendiente,,,,,
2026-10-02T00:02:37,wta,184296,2026-10-02,Nikola Bartunkova,Magdalena Frech,Ganador,home,0.553,,,0.5844,-149.0,publicable,pendiente,,,,,
2026-10-02T00:02:37,wta,184296,2026-10-02,Nikola Bartunkova,Magdalena Frech,Games 22.5,over,0.5,,22.5,,,sin_validar,pendiente,,,,,
2026-10-02T00:02:37,wta,184296,2026-10-02,Nikola Bartunkova,Magdalena Frech,Breaks,total,,7.4,,,,sin_validar,pendiente,,,,,
2026-10-02T00:02:37,wta,184307,2026-10-02,Sara Bejlek,Maddison Inglis,Ganador,home,0.7142,,,0.7407,-303.0,publicable,pendiente,,,,,
2026-10-02T00:02:37,wta,184307,2026-10-02,Sara Bejlek,Maddison Inglis,Games 22.5,under,0.592,,22.5,,,sin_validar,pendiente,,,,,
2026-10-02T00:02:37,wta,184307,2026-10-02,Sara Bejlek,Maddison Inglis,Breaks,total,,7.8,,,,sin_validar,pendiente,,,,,
2026-10-02T00:02:37,atp,183505,2026-10-02,Arthur Fils,Frances Tiafoe,Ganador,home,0.5416,,,0.7111,-249.0,publicable,pendiente,,,,,
2026-10-02T00:02:37,atp,183505,2026-10-02,Arthur Fils,Frances Tiafoe,Games 22.5,over,0.624,,22.5,,,sin_validar,pendiente,,,,,
2026-10-02T00:02:37,atp,183505,2026-10-02,Arthur Fils,Frances Tiafoe,Breaks,total,,3.6,,,,publicable,pendiente,,,,,
2026-10-02T00:02:37,wta,184306,2026-10-02,Maria Timofeeva,Naomi Osaka,Ganador,away,0.7779,,,0.7725,-375.0,publicable,pendiente,,,,,
2026-10-02T00:02:37,wta,184306,2026-10-02,Maria Timofeeva,Naomi Osaka,Games 22.5,under,0.654,,22.5,,,sin_validar,pendiente,,,,,
2026-10-02T00:02:37,wta,184306,2026-10-02,Maria Timofeeva,Naomi Osaka,Breaks,total,,6.2,,,,sin_validar,pendiente,,,,,
2026-10-02T00:02:37,npb,npb-20261002-ヤクルト-巨人,2026-10-02,Swallows,Giants,Ganador,away,0.5798,,,0.5477,-129.0,publicable,pendiente,,,,,
2026-10-02T00:02:37,npb,npb-20261002-ヤクルト-巨人,2026-10-02,Swallows,Giants,Total 6.5,under,0.5741,,6.5,0.5037,-103.0,sin_validar,pendiente,,,,,
2026-10-02T00:02:37,npb,npb-20261002-ヤクルト-巨人,2026-10-02,Swallows,Giants,Spread +1.5,home,0.5803,,1.5,0.6006,-159.0,sin_validar,pendiente,,,,,
2026-10-02T00:02:37,npb,npb-20261002-広島-中日,2026-10-02,Carp,Dragons,Ganador,away,0.5244,,,,,publicable,calificado,5-1,home,0,0.275,
2026-10-02T00:02:37,npb,npb-20261002-広島-中日,2026-10-02,Carp,Dragons,Spread +1.5,home,0.6467,,1.5,,,sin_validar,calificado,5-1,4.0,1,0.1248,
2026-10-02T00:02:37,npb,npb-20261002-ロッテ-ソフトバンク,2026-10-02,Marines,Hawks,Ganador,away,0.6589,,,0.6269,-177.0,publicable,pendiente,,,,,
2026-10-02T00:02:37,npb,npb-20261002-ロッテ-ソフトバンク,2026-10-02,Marines,Hawks,Total 8.0,under,0.5792,,8.0,0.5134,-114.0,sin_validar,pendiente,,,,,
2026-10-02T00:02:37,npb,npb-20261002-ロッテ-ソフトバンク,2026-10-02,Marines,Hawks,Spread +1.5,away,0.5521,,-1.5,0.5024,-104.0,sin_validar,pendiente,,,,,
2026-10-02T00:02:37,atp,183442,2026-10-02,Hubert Hurkacz,Arthur Gea,Ganador,home,0.5541,,,0.5737,-141.0,publicable,pendiente,,,,,
2026-10-02T00:02:37,atp,183442,2026-10-02,Hubert Hurkacz,Arthur Gea,Games 22.5,over,0.639,,22.5,,,sin_validar,pendiente,,,,,
2026-10-02T00:02:37,atp,183442,2026-10-02,Hubert Hurkacz,Arthur Gea,Breaks,total,,3.9,,,,publicable,pendiente,,,,,
2026-10-02T00:02:37,wta,184295,2026-10-02,Renata Zarazua,Aryna Sabalenka,Ganador,away,0.9012,,,0.9612,-3335.0,publicable,pendiente,,,,,
2026-10-02T00:02:37,wta,184295,2026-10-02,Renata Zarazua,Aryna Sabalenka,Games 22.5,under,0.737,,22.5,,,sin_validar,pendiente,,,,,
2026-10-02T00:02:37,wta,184295,2026-10-02,Renata Zarazua,Aryna Sabalenka,Breaks,total,,6.7,,,,sin_validar,pendiente,,,,,
2026-10-02T00:02:37,wta,184149,2026-10-02,Elena Pridankina,Erika Andreeva,Ganador,away,0.563,,,,,publicable,pendiente,,,,,
2026-10-02T00:02:37,wta,184149,2026-10-02,Elena Pridankina,Erika Andreeva,Games 22.5,under,0.507,,22.5,,,sin_validar,pendiente,,,,,
2026-10-02T00:02:37,wta,184149,2026-10-02,Elena Pridankina,Erika Andreeva,Breaks,total,,9.0,,,,sin_validar,pendiente,,,,,
2026-10-02T00:02:37,wta,184147,2026-10-02,Leolia Jeanjean,Lucrezia Stefanini,Ganador,away,0.6613,,,,,publicable,pendiente,,,,,
2026-10-02T00:02:37,wta,184147,2026-10-02,Leolia Jeanjean,Lucrezia Stefanini,Games 22.5,under,0.552,,22.5,,,sin_validar,pendiente,,,,,
2026-10-02T00:02:37,wta,184147,2026-10-02,Leolia Jeanjean,Lucrezia Stefanini,Breaks,total,,9.0,,,,sin_validar,pendiente,,,,,
2026-10-02T00:02:37,atp,183453,2026-10-02,Bu Yunchaokete,Novak Djokovic,Ganador,away,0.8841,,,0.7531,-321.0,publicable,pendiente,,,,,
2026-10-02T00:02:37,atp,183453,2026-10-02,Bu Yunchaokete,Novak Djokovic,Games 22.5,under,0.627,,22.5,,,sin_validar,pendiente,,,,,
2026-10-02T00:02:37,atp,183453,2026-10-02,Bu Yunchaokete,Novak Djokovic,Breaks,total,,3.9,,,,publicable,pendiente,,,,,
2026-10-02T00:02:37,nhl,401891803,2026-10-02,Detroit Red Wings,New York Rangers,Ganador,home,0.5029,,,0.5635,-142.0,sin_validar,pendiente,,,,,
2026-10-02T00:02:37,nhl,401891803,2026-10-02,Detroit Red Wings,New York Rangers,Total 5.5,over,0.5858,,5.5,0.5427,-130.0,sin_validar,pendiente,,,,,
2026-10-02T00:02:37,nhl,401891803,2026-10-02,Detroit Red Wings,New York Rangers,Spread -1.5,away,0.7371,,1.5,0.6575,-218.0,sin_validar,pendiente,,,,,
2026-10-02T00:02:37,ncaafb,401858245,2026-10-02,Virginia Tech Hokies,Pittsburgh Panthers,Ganador,away,0.5076,,,0.4365,120.0,publicable,pendiente,,,,,
2026-10-02T00:02:37,ncaafb,401858245,2026-10-02,Virginia Tech Hokies,Pittsburgh Panthers,Total 54.5,under,0.5358,,54.5,0.4957,-108.0,publicable,pendiente,,,,,
2026-10-02T00:02:37,ncaafb,401858245,2026-10-02,Virginia Tech Hokies,Pittsburgh Panthers,Spread -2.5,home,0.5032,,-2.5,0.5108,-115.0,publicable,pendiente,,,,,
2026-10-02T00:02:37,ncaafb,401871050,2026-10-02,Delaware Blue Hens,Liberty Flames,Ganador,home,0.571,,,0.2998,220.0,publicable,pendiente,,,,,
2026-10-02T00:02:37,ncaafb,401871050,2026-10-02,Delaware Blue Hens,Liberty Flames,Total 49.5,over,0.6206,,49.5,0.5043,-112.0,publicable,pendiente,,,,,
2026-10-02T00:02:37,ncaafb,401871050,2026-10-02,Delaware Blue Hens,Liberty Flames,Spread +6.5,home,0.7249,,6.5,0.4892,-105.0,publicable,pendiente,,,,,
2026-10-02T00:02:37,nhl,401892432,2026-10-02,Carolina Hurricanes,Washington Capitals,Ganador,home,0.6052,,,0.5721,-148.0,sin_validar,pendiente,,,,,
2026-10-02T00:02:37,nhl,401892432,2026-10-02,Carolina Hurricanes,Washington Capitals,Total 6.5,under,0.5998,,6.5,0.5325,-125.0,sin_validar,pendiente,,,,,
2026-10-02T00:02:37,nhl,401892432,2026-10-02,Carolina Hurricanes,Washington Capitals,Spread -1.5,away,0.6263,,1.5,0.6369,-198.0,sin_validar,pendiente,,,,,
2026-10-02T00:02:37,ncaafb,401858476,2026-10-02,Northwestern Wildcats,Penn State Nittany Lions,Ganador,away,0.6081,,,0.5721,-148.0,publicable,pendiente,,,,,
2026-10-02T00:02:37,ncaafb,401858476,2026-10-02,Northwestern Wildcats,Penn State Nittany Lions,Total 45.5,over,0.5839,,45.5,0.5043,-112.0,publicable,pendiente,,,,,
2026-10-02T00:02:37,ncaafb,401858476,2026-10-02,Northwestern Wildcats,Penn State Nittany Lions,Spread +3,home,0.5743,,3.0,0.5174,-118.0,publicable,pendiente,,,,,
2026-10-02T00:02:37,nhl,401891831,2026-10-02,Winnipeg Jets,Boston Bruins,Ganador,home,0.5812,,,0.5261,-122.0,sin_validar,pendiente,,,,,
2026-10-02T00:02:37,nhl,401891831,2026-10-02,Winnipeg Jets,Boston Bruins,Total 5.5,over,0.507,,5.5,0.5325,-125.0,sin_validar,pendiente,,,,,
2026-10-02T00:02:37,nhl,401891831,2026-10-02,Winnipeg Jets,Boston Bruins,Spread -1.5,away,0.6613,,1.5,0.6854,-250.0,sin_validar,pendiente,,,,,
2026-10-02T00:02:37,nhl,401891782,2026-10-02,Dallas Stars,St. Louis Blues,Ganador,home,0.6076,,,0.6309,-192.0,sin_validar,pendiente,,,,,
2026-10-02T00:02:37,nhl,401891782,2026-10-02,Dallas Stars,St. Louis Blues,Total 5.5,over,0.555,,5.5,0.5514,-135.0,sin_validar,pendiente,,,,,
2026-10-02T00:02:37,nhl,401891782,2026-10-02,Dallas Stars,St. Louis Blues,Spread -1.5,away,0.6237,,1.5,0.5721,-148.0,sin_validar,pendiente,,,,,
2026-10-02T00:02:37,nhl,401892433,2026-10-02,Vegas Golden Knights,Anaheim Ducks,Ganador,home,0.6526,,,0.6225,-185.0,sin_validar,pendiente,,,,,
2026-10-02T00:02:37,nhl,401892433,2026-10-02,Vegas Golden Knights,Anaheim Ducks,Total 6.5,under,0.5543,,6.5,0.5,-110.0,sin_validar,pendiente,,,,,
2026-10-02T00:02:37,nhl,401892433,2026-10-02,Vegas Golden Knights,Anaheim Ducks,Spread -1.5,away,0.5605,,1.5,0.583,-155.0,sin_validar,pendiente,,,,,
2026-10-02T00:02:37,atp,183500,2026-10-02,Denis Shapovalov,Alejandro Tabilo,Ganador,home,0.5806,,,0.5912,-147.0,publicable,pendiente,,,,,
2026-10-02T00:02:37,atp,183500,2026-10-02,Denis Shapovalov,Alejandro Tabilo,Games 22.5,over,0.621,,22.5,,,sin_validar,pendiente,,,,,
2026-10-02T00:02:37,atp,183500,2026-10-02,Denis Shapovalov,Alejandro Tabilo,Breaks,total,,3.6,,,,publicable,pendiente,,,,,
2026-10-02T00:02:37,atp,183507,2026-10-02,Matteo Berrettini,Adolfo Daniel Vallejo,Ganador,home,0.6737,,,0.5998,-161.0,publicable,pendiente,,,,,
2026-10-02T00:02:37,atp,183507,2026-10-02,Matteo Berrettini,Adolfo Daniel Vallejo,Games 22.5,over,0.572,,22.5,,,sin_validar,pendiente,,,,,
2026-10-02T00:02:37,atp,183507,2026-10-02,Matteo Berrettini,Adolfo Daniel Vallejo,Breaks,total,,3.9,,,,publicable,pendiente,,,,,
2026-10-02T00:02:37,atp,183501,2026-10-02,Carlos Alcaraz,Matteo Arnaldi,Ganador,home,0.887,,,0.9403,-1410.0,publicable,pendiente,,,,,
2026-10-02T00:02:37,atp,183501,2026-10-02,Carlos Alcaraz,Matteo Arnaldi,Games 22.5,under,0.625,,22.5,,,sin_validar,pendiente,,,,,
2026-10-02T00:02:37,atp,183501,2026-10-02,Carlos Alcaraz,Matteo Arnaldi,Breaks,total,,4.6,,,,publicable,pendiente,,,,,
2026-10-02T00:02:37,atp,183504,2026-10-02,Ugo Humbert,Jiri Lehecka,Ganador,away,0.5236,,,0.6358,-183.0,publicable,pendiente,,,,,
2026-10-02T00:02:37,atp,183504,2026-10-02,Ugo Humbert,Jiri Lehecka,Games 22.5,over,0.639,,22.5,,,sin_validar,pendiente,,,,,
2026-10-02T00:02:37,atp,183504,2026-10-02,Ugo Humbert,Jiri Lehecka,Breaks,total,,3.2,,,,publicable,pendiente,,,,,
2026-10-02T00:02:37,atp,183444,2026-10-02,Andrey Rublev,Roman Safiullin,Ganador,home,0.6016,,,0.565,-138.0,publicable,pendiente,,,,,
2026-10-02T00:02:37,atp,183444,2026-10-02,Andrey Rublev,Roman Safiullin,Games 22.5,over,0.601,,22.5,,,sin_validar,pendiente,,,,,
2026-10-02T00:02:37,atp,183444,2026-10-02,Andrey Rublev,Roman Safiullin,Breaks,total,,4.0,,,,publicable,pendiente,,,,,
2026-10-02T00:02:37,atp,183446,2026-10-02,Alexander Zverev,Shang Juncheng,Ganador,home,0.7976,,,0.8991,-1000.0,publicable,pendiente,,,,,
2026-10-02T00:02:37,atp,183446,2026-10-02,Alexander Zverev,Shang Juncheng,Games 22.5,under,0.552,,22.5,,,sin_validar,pendiente,,,,,
2026-10-02T00:02:37,atp,183446,2026-10-02,Alexander Zverev,Shang Juncheng,Breaks,total,,3.5,,,,publicable,pendiente,,,,,
2026-10-02T00:02:37,atp,183450,2026-10-02,Alex de Minaur,Quentin Halys,Ganador,home,0.7353,,,0.7228,-286.0,publicable,pendiente,,,,,
2026-10-02T00:02:37,atp,183450,2026-10-02,Alex de Minaur,Quentin Halys,Games 22.5,under,0.545,,22.5,,,sin_validar,pendiente,,,,,
2026-10-02T00:02:37,atp,183450,2026-10-02,Alex de Minaur,Quentin Halys,Breaks,total,,4.2,,,,publicable,pendiente,,,,,
2026-10-02T00:02:37,atp,183451,2026-10-02,Francisco Cerundolo,Jakub Mensik,Ganador,away,0.523,,,0.6354,-186.0,publicable,pendiente,,,,,
2026-10-02T00:02:37,atp,183451,2026-10-02,Francisco Cerundolo,Jakub Mensik,Games 22.5,over,0.64,,22.5,,,sin_validar,pendiente,,,,,
2026-10-02T00:02:37,atp,183451,2026-10-02,Francisco Cerundolo,Jakub Mensik,Breaks,total,,5.0,,,,publicable,pendiente,,,,,
2026-10-02T00:02:37,wta,184311,2026-10-02,Coco Gauff,Camila Osorio,Ganador,home,0.8013,,,0.892,-910.0,publicable,pendiente,,,,,
2026-10-02T00:02:37,wta,184311,2026-10-02,Coco Gauff,Camila Osorio,Games 22.5,under,0.666,,22.5,,,sin_validar,pendiente,,,,,
2026-10-02T00:02:37,wta,184311,2026-10-02,Coco Gauff,Camila Osorio,Breaks,total,,8.2,,,,sin_validar,pendiente,,,,,
2026-10-02T00:02:37,wta,184312,2026-10-02,Katerina Siniakova,Elina Svitolina,Ganador,away,0.6974,,,0.7581,-350.0,publicable,pendiente,,,,,
2026-10-02T00:02:37,wta,184312,2026-10-02,Katerina Siniakova,Elina Svitolina,Games 22.5,under,0.571,,22.5,,,sin_validar,pendiente,,,,,
2026-10-02T00:02:37,wta,184312,2026-10-02,Katerina Siniakova,Elina Svitolina,Breaks,total,,8.0,,,,sin_validar,pendiente,,,,,
2026-10-02T00:02:37,wta,184313,2026-10-02,Maria Sakkari,Storm Hunter,Ganador,home,0.7498,,,0.6996,-240.0,publicable,pendiente,,,,,
2026-10-02T00:02:37,wta,184313,2026-10-02,Maria Sakkari,Storm Hunter,Games 22.5,under,0.636,,22.5,,,sin_validar,pendiente,,,,,
2026-10-02T00:02:37,wta,184313,2026-10-02,Maria Sakkari,Storm Hunter,Breaks,total,,7.1,,,,sin_validar,pendiente,,,,,
2026-10-02T00:02:37,wta,184314,2026-10-02,Kamilla Rakhimova,Leylah Fernandez,Ganador,away,0.7011,,,0.7441,-315.0,publicable,pendiente,,,,,
2026-10-02T00:02:37,wta,184314,2026-10-02,Kamilla Rakhimova,Leylah Fernandez,Games 22.5,under,0.575,,22.5,,,sin_validar,pendiente,,,,,
2026-10-02T00:02:37,wta,184314,2026-10-02,Kamilla Rakhimova,Leylah Fernandez,Breaks,total,,7.2,,,,sin_validar,pendiente,,,,,
2026-10-02T00:02:37,wta,184315,2026-10-02,Iva Jovic,Harriet Dart,Ganador,home,0.7925,,,0.8851,-1100.0,publicable,pendiente,,,,,
2026-10-02T00:02:37,wta,184315,2026-10-02,Iva Jovic,Harriet Dart,Games 22.5,under,0.688,,22.5,,,sin_validar,pendiente,,,,,
2026-10-02T00:02:37,wta,184315,2026-10-02,Iva Jovic,Harriet Dart,Breaks,total,,7.4,,,,sin_validar,pendiente,,,,,
2026-10-02T00:02:37,wta,184316,2026-10-02,Katie Volynets,Elise Mertens,Ganador,away,0.744,,,0.5291,-120.0,publicable,pendiente,,,,,
2026-10-02T00:02:37,wta,184316,2026-10-02,Katie Volynets,Elise Mertens,Games 22.5,under,0.624,,22.5,,,sin_validar,pendiente,,,,,
2026-10-02T00:02:37,wta,184316,2026-10-02,Katie Volynets,Elise Mertens,Breaks,total,,8.4,,,,sin_validar,pendiente,,,,,
2026-10-02T00:02:37,wta,184317,2026-10-02,Jelena Ostapenko,Paula Badosa,Ganador,away,0.6067,,,0.6278,-177.0,publicable,pendiente,,,,,
2026-10-02T00:02:37,wta,184317,2026-10-02,Jelena Ostapenko,Paula Badosa,Games 22.5,under,0.503,,22.5,,,sin_validar,pendiente,,,,,
2026-10-02T00:02:37,wta,184317,2026-10-02,Jelena Ostapenko,Paula Badosa,Breaks,total,,8.1,,,,sin_validar,pendiente,,,,,
2026-10-02T00:02:37,wta,184319,2026-10-02,Gao Xinyu,Iga Swiatek,Ganador,away,0.9461,,,0.942,-3500.0,publicable,pendiente,,,,,
2026-10-02T00:02:37,wta,184319,2026-10-02,Gao Xinyu,Iga Swiatek,Games 22.5,under,0.8,,22.5,,,sin_validar,pendiente,,,,,
2026-10-02T00:02:37,wta,184319,2026-10-02,Gao Xinyu,Iga Swiatek,Breaks,total,,6.6,,,,sin_validar,pendiente,,,,,
2026-10-02T00:02:37,wta,184320,2026-10-02,Donna Vekic,Zhu Lin,Ganador,home,0.5156,,,0.6098,-165.0,publicable,pendiente,,,,,
2026-10-02T00:02:37,wta,184320,2026-10-02,Donna Vekic,Zhu Lin,Games 22.5,over,0.511,,22.5,,,sin_validar,pendiente,,,,,
2026-10-02T00:02:37,wta,184320,2026-10-02,Donna Vekic,Zhu Lin,Breaks,total,,7.6,,,,sin_validar,pendiente,,,,,
2026-10-02T00:02:37,wta,184321,2026-10-02,Marie Bouzkova,Kimberly Birrell,Ganador,home,0.6432,,,0.6625,-205.0,publicable,pendiente,,,,,
2026-10-02T00:02:37,wta,184321,2026-10-02,Marie Bouzkova,Kimberly Birrell,Games 22.5,under,0.542,,22.5,,,sin_validar,pendiente,,,,,
2026-10-02T00:02:37,wta,184321,2026-10-02,Marie Bouzkova,Kimberly Birrell,Breaks,total,,7.3,,,,sin_validar,pendiente,,,,,
2026-10-02T00:02:37,wta,184322,2026-10-02,Sonay Kartal,Wang Xinyu,Ganador,home,0.5713,,,0.5155,-109.0,publicable,pendiente,,,,,
2026-10-02T00:02:37,wta,184322,2026-10-02,Sonay Kartal,Wang Xinyu,Games 22.5,over,0.502,,22.5,,,sin_validar,pendiente,,,,,
2026-10-02T00:02:37,wta,184322,2026-10-02,Sonay Kartal,Wang Xinyu,Breaks,total,,6.5,,,,sin_validar,pendiente,,,,,
2026-10-02T00:02:37,wta,184323,2026-10-02,Elena Rybakina,Alina Charaeva,Ganador,home,0.8729,,,0.9451,-2000.0,publicable,pendiente,,,,,
2026-10-02T00:02:37,wta,184323,2026-10-02,Elena Rybakina,Alina Charaeva,Games 22.5,under,0.709,,22.5,,,sin_validar,pendiente,,,,,
2026-10-02T00:02:37,wta,184323,2026-10-02,Elena Rybakina,Alina Charaeva,Breaks,total,,6.9,,,,sin_validar,pendiente,,,,,
2026-10-02T00:02:37,wta,184324,2026-10-02,Zheng Qinwen,Anna Kalinskaya,Ganador,home,0.6473,,,0.6196,-175.0,publicable,pendiente,,,,,
2026-10-02T00:02:37,wta,184324,2026-10-02,Zheng Qinwen,Anna Kalinskaya,Games 22.5,under,0.54,,22.5,,,sin_validar,pendiente,,,,,
2026-10-02T00:02:37,wta,184324,2026-10-02,Zheng Qinwen,Anna Kalinskaya,Breaks,total,,6.0,,,,sin_validar,pendiente,,,,,
2026-10-02T00:02:37,wta,184325,2026-10-02,Ashlyn Krueger,Ann Li,Ganador,away,0.57,,,0.5608,-134.0,publicable,pendiente,,,,,
2026-10-02T00:02:37,wta,184325,2026-10-02,Ashlyn Krueger,Ann Li,Games 22.5,over,0.5,,22.5,,,sin_validar,pendiente,,,,,
2026-10-02T00:02:37,wta,184325,2026-10-02,Ashlyn Krueger,Ann Li,Breaks,total,,6.6,,,,sin_validar,pendiente,,,,,
2026-10-02T00:02:37,wta,184326,2026-10-02,Belinda Bencic,Anastasia Zakharova,Ganador,home,0.7817,,,0.7903,-428.0,publicable,pendiente,,,,,
2026-10-02T00:02:37,wta,184326,2026-10-02,Belinda Bencic,Anastasia Zakharova,Games 22.5,under,0.658,,22.5,,,sin_validar,pendiente,,,,,
2026-10-02T00:02:37,wta,184326,2026-10-02,Belinda Bencic,Anastasia Zakharova,Breaks,total,,6.5,,,,sin_validar,pendiente,,,,,
2026-10-02T00:02:37,kbo,kbo-20261003HTLG0,2026-10-02,LG Twins,Kia Tigers,Ganador,away,0.5313,,,,,sin_validar,pendiente,,,,,
2026-10-02T00:02:37,kbo,kbo-20261003HTLG0,2026-10-02,LG Twins,Kia Tigers,Spread +1.5,home,0.617,,1.5,,,sin_validar,pendiente,,,,,
2026-10-02T00:02:37,kbo,kbo-20261003OBSS0,2026-10-02,Samsung Lions,Doosan Bears,Ganador,home,0.5634,,,,,sin_validar,pendiente,,,,,
2026-10-02T00:02:37,kbo,kbo-20261003OBSS0,2026-10-02,Samsung Lions,Doosan Bears,Spread -1.5,away,0.5712,,1.5,,,sin_validar,pendiente,,,,,
2026-10-02T00:02:37,kbo,kbo-20261003LTKT0,2026-10-02,KT Wiz,Lotte Giants,Ganador,home,0.6215,,,,,sin_validar,pendiente,,,,,
2026-10-02T00:02:37,kbo,kbo-20261003LTKT0,2026-10-02,KT Wiz,Lotte Giants,Spread -1.5,home,0.5065,,-1.5,,,sin_validar,pendiente,,,,,
2026-10-02T00:02:37,kbo,kbo-20261003SKNC0,2026-10-02,NC Dinos,SSG Landers,Ganador,away,0.5059,,,,,sin_validar,pendiente,,,,,
2026-10-02T00:02:37,kbo,kbo-20261003SKNC0,2026-10-02,NC Dinos,SSG Landers,Spread +1.5,home,0.6368,,1.5,,,sin_validar,pendiente,,,,,
2026-10-02T00:02:37,kbo,kbo-20261003WOHH0,2026-10-02,Hanwha Eagles,Kiwoom Heroes,Ganador,home,0.5827,,,,,sin_validar,pendiente,,,,,
2026-10-02T00:02:37,kbo,kbo-20261003WOHH0,2026-10-02,Hanwha Eagles,Kiwoom Heroes,Spread -1.5,away,0.53,,1.5,,,sin_validar,pendiente,,,,,
2026-10-02T00:02:37,npb,npb-20261003-広島-阪神,2026-10-02,Carp,Tigers,Ganador,away,0.5722,,,,,publicable,pendiente,,,,,
2026-10-02T00:02:37,npb,npb-20261003-広島-阪神,2026-10-02,Carp,Tigers,Spread +1.5,home,0.5948,,1.5,,,sin_validar,pendiente,,,,,
2026-10-02T00:02:37,npb,npb-20261003-巨人-DeNA,2026-10-03,Giants,Bay Stars,Ganador,home,0.5337,,,,,publicable,pendiente,,,,,
2026-10-02T00:02:37,npb,npb-20261003-巨人-DeNA,2026-10-03,Giants,Bay Stars,Spread -1.5,away,0.657,,1.5,,,sin_validar,pendiente,,,,,
2026-10-02T00:02:37,npb,npb-20261003-ヤクルト-中日,2026-10-03,Swallows,Dragons,Ganador,away,0.5482,,,,,publicable,pendiente,,,,,
2026-10-02T00:02:37,npb,npb-20261003-ヤクルト-中日,2026-10-03,Swallows,Dragons,Spread +1.5,home,0.6109,,1.5,,,sin_validar,pendiente,,,,,
2026-10-02T00:02:37,npb,npb-20261003-楽天-オリックス,2026-10-03,Golden Eagles,Buffaloes,Ganador,home,0.5462,,,,,publicable,pendiente,,,,,
2026-10-02T00:02:37,npb,npb-20261003-楽天-オリックス,2026-10-03,Golden Eagles,Buffaloes,Spread -1.5,away,0.6346,,1.5,,,sin_validar,pendiente,,,,,
2026-10-02T00:02:37,npb,npb-20261003-ロッテ-ソフトバンク,2026-10-03,Marines,Hawks,Ganador,away,0.6589,,,0.6269,-177.0,publicable,pendiente,,,,,
2026-10-02T00:02:37,npb,npb-20261003-ロッテ-ソフトバンク,2026-10-03,Marines,Hawks,Total 8.0,under,0.5792,,8.0,0.5134,-114.0,sin_validar,pendiente,,,,,
2026-10-02T00:02:37,npb,npb-20261003-ロッテ-ソフトバンク,2026-10-03,Marines,Hawks,Spread +1.5,away,0.5521,,-1.5,0.5024,-104.0,sin_validar,pendiente,,,,,
2026-10-02T03:41:07,ncaafb,401862787,2026-10-03,Charlotte 49ers,Memphis Tigers,Ganador,away,0.8772,,,0.8989,-1450.0,publicable,pendiente,,,,,
2026-10-02T03:41:07,ncaafb,401862787,2026-10-03,Charlotte 49ers,Memphis Tigers,Total 52.5,over,0.6455,,52.5,0.4957,-108.0,publicable,pendiente,,,,,
2026-10-02T03:41:07,ncaafb,401862787,2026-10-03,Charlotte 49ers,Memphis Tigers,Spread +20.5,home,0.7599,,20.5,0.5,-110.0,publicable,pendiente,,,,,
2026-10-02T05:27:48,ncaafb,401858250,2026-10-03,North Carolina Tar Heels,Notre Dame Fighting Irish,Ganador,away,0.8578,,,0.9124,-1800.0,publicable,pendiente,,,,,
2026-10-02T05:27:48,ncaafb,401858250,2026-10-03,North Carolina Tar Heels,Notre Dame Fighting Irish,Total 46.5,over,0.721,,46.5,0.5,-110.0,publicable,pendiente,,,,,
2026-10-02T05:27:48,ncaafb,401858250,2026-10-03,North Carolina Tar Heels,Notre Dame Fighting Irish,Spread +22.5,home,0.8059,,22.5,0.5043,-112.0,publicable,pendiente,,,,,
2026-10-02T05:27:48,ncaafb,401856707,2026-10-03,Mississippi State Bulldogs,Alabama Crimson Tide,Ganador,away,0.7062,,,0.6575,-218.0,publicable,pendiente,,,,,
2026-10-02T05:27:48,ncaafb,401856707,2026-10-03,Mississippi State Bulldogs,Alabama Crimson Tide,Total 60.5,under,0.6394,,60.5,0.5,-110.0,publicable,pendiente,,,,,
2026-10-02T05:27:48,ncaafb,401856707,2026-10-03,Mississippi State Bulldogs,Alabama Crimson Tide,Spread +6,home,0.5877,,6.0,0.5108,-115.0,publicable,pendiente,,,,,
2026-10-02T05:27:48,ncaafb,401856819,2026-10-03,Houston Cougars,UCF Knights,Ganador,home,0.7325,,,0.7867,-455.0,publicable,pendiente,,,,,
2026-10-02T05:27:48,ncaafb,401856819,2026-10-03,Houston Cougars,UCF Knights,Total 51.5,over,0.5919,,51.5,0.4826,-102.0,publicable,pendiente,,,,,
2026-10-02T05:27:48,ncaafb,401856819,2026-10-03,Houston Cougars,UCF Knights,Spread -11.5,away,0.5696,,11.5,0.5043,-112.0,publicable,pendiente,,,,,
2026-10-02T05:27:48,ncaafb,401858246,2026-10-03,SMU Mustangs,Boston College Eagles,Ganador,home,0.9149,,,0.9124,-1800.0,publicable,pendiente,,,,,
2026-10-02T05:27:48,ncaafb,401858246,2026-10-03,SMU Mustangs,Boston College Eagles,Total 55.5,over,0.5033,,55.5,0.4826,-102.0,publicable,pendiente,,,,,
2026-10-02T05:27:48,ncaafb,401858246,2026-10-03,SMU Mustangs,Boston College Eagles,Spread -21.5,away,0.6311,,21.5,0.5108,-115.0,publicable,pendiente,,,,,
2026-10-02T05:27:48,ncaafb,401856807,2026-10-03,Kansas Jayhawks,Middle Tennessee Blue Raiders,Ganador,home,0.7511,,,0.8934,-1350.0,publicable,pendiente,,,,,
2026-10-02T05:27:48,ncaafb,401856807,2026-10-03,Kansas Jayhawks,Middle Tennessee Blue Raiders,Total 50.5,over,0.6497,,50.5,0.5043,-112.0,publicable,pendiente,,,,,
2026-10-02T05:27:48,ncaafb,401856807,2026-10-03,Kansas Jayhawks,Middle Tennessee Blue Raiders,Spread -19.5,away,0.721,,19.5,0.4957,-108.0,publicable,pendiente,,,,,
2026-10-02T05:27:48,ncaafb,401856822,2026-10-03,Iowa State Cyclones,West Virginia Mountaineers,Ganador,home,0.7369,,,0.583,-155.0,publicable,pendiente,,,,,
2026-10-02T05:27:48,ncaafb,401856822,2026-10-03,Iowa State Cyclones,West Virginia Mountaineers,Total 53.5,over,0.504,,53.5,0.4957,-108.0,publicable,pendiente,,,,,
2026-10-02T05:27:48,ncaafb,401856822,2026-10-03,Iowa State Cyclones,West Virginia Mountaineers,Spread -3,home,0.6171,,-3.0,0.5174,-118.0,publicable,pendiente,,,,,
2026-10-02T05:27:48,ncaafb,401858251,2026-10-03,Wake Forest Demon Deacons,Stanford Cardinal,Ganador,home,0.8007,,,0.8223,-600.0,publicable,pendiente,,,,,
2026-10-02T05:27:48,ncaafb,401858251,2026-10-03,Wake Forest Demon Deacons,Stanford Cardinal,Total 53.5,over,0.5277,,53.5,0.5,-110.0,publicable,pendiente,,,,,
2026-10-02T05:27:48,ncaafb,401858251,2026-10-03,Wake Forest Demon Deacons,Stanford Cardinal,Spread -14,away,0.5794,,14.0,0.5,-110.0,publicable,pendiente,,,,,
2026-10-02T05:27:48,ncaafb,401858252,2026-10-03,UConn Huskies,Syracuse Orange,Ganador,home,0.7753,,,0.3042,215.0,publicable,pendiente,,,,,
2026-10-02T05:27:48,ncaafb,401858252,2026-10-03,UConn Huskies,Syracuse Orange,Total 50.5,over,0.5788,,50.5,0.4957,-108.0,publicable,pendiente,,,,,
2026-10-02T05:27:48,ncaafb,401858252,2026-10-03,UConn Huskies,Syracuse Orange,Spread +7,home,0.8181,,7.0,0.5043,-112.0,publicable,pendiente,,,,,
2026-10-02T05:27:48,ncaafb,401858474,2026-10-03,Minnesota Golden Gophers,Michigan Wolverines,Ganador,away,0.5313,,,0.6636,-225.0,publicable,pendiente,,,,,
2026-10-02T05:27:48,ncaafb,401858474,2026-10-03,Minnesota Golden Gophers,Michigan Wolverines,Total 43.5,over,0.5991,,43.5,0.4957,-108.0,publicable,pendiente,,,,,
2026-10-02T05:27:48,ncaafb,401858474,2026-10-03,Minnesota Golden Gophers,Michigan Wolverines,Spread +5.5,home,0.6622,,5.5,0.5,-110.0,publicable,pendiente,,,,,
2026-10-02T05:27:48,ncaafb,401862791,2026-10-03,Air Force Falcons,Navy Midshipmen,Ganador,away,0.6337,,,0.4004,140.0,publicable,pendiente,,,,,
2026-10-02T05:27:48,ncaafb,401862791,2026-10-03,Air Force Falcons,Navy Midshipmen,Total 46.5,over,0.6038,,46.5,0.4957,-108.0,publicable,pendiente,,,,,
2026-10-02T05:27:48,ncaafb,401862791,2026-10-03,Air Force Falcons,Navy Midshipmen,Spread -3.5,away,0.5801,,3.5,0.5174,-118.0,publicable,pendiente,,,,,
2026-10-02T05:27:48,ncaafb,401858479,2026-10-03,Wisconsin Badgers,Michigan State Spartans,Ganador,home,0.7487,,,0.76,-380.0,publicable,pendiente,,,,,
2026-10-02T05:27:48,ncaafb,401858479,2026-10-03,Wisconsin Badgers,Michigan State Spartans,Total 43.5,over,0.5956,,43.5,0.5,-110.0,publicable,pendiente,,,,,
2026-10-02T05:27:48,ncaafb,401858479,2026-10-03,Wisconsin Badgers,Michigan State Spartans,Spread -10,away,0.5272,,10.0,0.5108,-115.0,publicable,pendiente,,,,,
2026-10-02T05:27:48,ncaafb,401856705,2026-10-03,Georgia Bulldogs,Vanderbilt Commodores,Ganador,home,0.832,,,0.9311,-2800.0,publicable,pendiente,,,,,
2026-10-02T05:27:48,ncaafb,401856705,2026-10-03,Georgia Bulldogs,Vanderbilt Commodores,Total 50.5,over,0.6305,,50.5,0.5108,-115.0,publicable,pendiente,,,,,
2026-10-02T05:27:48,ncaafb,401856705,2026-10-03,Georgia Bulldogs,Vanderbilt Commodores,Spread -25.5,away,0.7797,,25.5,0.5043,-112.0,publicable,pendiente,,,,,
2026-10-02T05:27:48,mlb,401907990,2026-10-03,Cleveland Guardians,Chicago White Sox,Ganador,home,0.5369,,,0.5825,-156.0,publicable,pendiente,,,,,
2026-10-02T05:27:48,mlb,401907990,2026-10-03,Cleveland Guardians,Chicago White Sox,Total 7.0,over,0.5161,,7.0,0.4739,102.0,sin_validar,pendiente,,,,,
2026-10-02T05:27:48,mlb,401907990,2026-10-03,Cleveland Guardians,Chicago White Sox,Spread -1.5,away,0.6246,,1.5,0.6097,-176.0,sin_validar,pendiente,,,,,
2026-10-02T05:27:48,ncaafb,401866432,2026-10-03,Buffalo Bulls,Western Michigan Broncos,Ganador,away,0.5904,,,0.8223,-600.0,publicable,pendiente,,,,,
2026-10-02T05:27:48,ncaafb,401866432,2026-10-03,Buffalo Bulls,Western Michigan Broncos,Total 46.5,over,0.6265,,46.5,0.4957,-108.0,publicable,pendiente,,,,,
2026-10-02T05:27:48,ncaafb,401866432,2026-10-03,Buffalo Bulls,Western Michigan Broncos,Spread +14,home,0.7919,,14.0,0.5,-110.0,publicable,pendiente,,,,,
