registrado,liga,id,fecha,home,away,pick,prob,confianza,estado,marcador,ganador_real,acierto,brier,valor_mercado,valor_lado,valor_cuota,valor_edge,valor_resultado,valor_unidades,con_precio
2026-09-30T14:56:26,mlb,401907897,2026-09-30,Houston Astros,Chicago White Sox,Houston Astros,0.5139,baja,calificado,3-7,away,0,0.2641,Ganador,away,128.0,0.067,gano,1.28,si
2026-09-30T14:56:26,mlb,401907963,2026-09-30,New York Yankees,Boston Red Sox,New York Yankees,0.5705,media,calificado,9-2,home,1,0.1845,,,,,,,
2026-09-30T14:56:26,mlb,401907975,2026-09-30,San Diego Padres,Chicago Cubs,San Diego Padres,0.5255,baja,calificado,4-1,home,1,0.2252,Ganador,away,123.0,0.0462,perdio,-1.0,si
2026-09-30T14:56:26,mlb,401907973,2026-10-01,Atlanta Braves,Philadelphia Phillies,Atlanta Braves,0.5477,baja,calificado,3-4,away,0,0.3,,,,,,,
2026-09-30T14:56:26,mlb,401907898,2026-10-01,Houston Astros,Chicago White Sox,Houston Astros,0.5139,baja,calificado,3-7,away,0,0.2641,,,,,,,
2026-09-30T14:56:26,mlb,401907964,2026-10-01,New York Yankees,Boston Red Sox,New York Yankees,0.5705,media,calificado,9-2,home,1,0.1845,,,,,,,
2026-09-30T14:56:26,mlb,401907976,2026-10-01,San Diego Padres,Chicago Cubs,San Diego Padres,0.5255,baja,calificado,4-1,home,1,0.2252,,,,,,,
2026-09-30T18:44:05,atp,183485,2026-09-30,Jaime Faria,Arthur Fery,Arthur Fery,0.5232,baja,calificado,6-4 3-6 6-4,home,0,0.2737,,,,,,,
2026-09-30T18:44:05,atp,183486,2026-09-30,Taylor Fritz,Jaume Munar,Taylor Fritz,0.6557,alta,calificado,6-7(7) 6-4 6-3,away,0,0.4299,,,,,,,
2026-09-30T18:44:05,atp,183492,2026-09-30,Luciano Darderi,Casper Ruud,Casper Ruud,0.6469,media,calificado,7-6(3) 6-3,home,0,0.4185,,,,,,,
2026-09-30T18:44:05,atp,183491,2026-09-30,Brandon Nakashima,Ugo Humbert,Brandon Nakashima,0.5565,baja,calificado,6-3 6-2,away,0,0.3097,,,,,,,
2026-09-30T18:44:05,atp,183448,2026-09-30,Alex Molcan,Arthur Rinderknech,Arthur Rinderknech,0.5314,baja,pendiente,,,,,,,,,,,
2026-09-30T18:44:05,atp,183458,2026-09-30,Alex de Minaur,Mariano Navone,Alex de Minaur,0.7642,alta,pendiente,,,,,,,,,,,
2026-09-30T18:44:05,atp,184252,2026-09-30,Katie Volynets,Robin Montgomery,Katie Volynets,0.5678,baja,pendiente,,,,,,,,,,,
2026-09-30T18:44:05,atp,184267,2026-09-30,Sofia Kenin,Ashlyn Krueger,Ashlyn Krueger,0.5014,baja,pendiente,,,,,,,,,,,
2026-09-30T18:44:05,atp,184286,2026-09-30,Yuliia Starodubtseva,Alina Charaeva,Yuliia Starodubtseva,0.5041,baja,pendiente,,,,,,,,,,,
2026-09-30T18:44:05,wta,183448,2026-09-30,Alex Molcan,Arthur Rinderknech,Arthur Rinderknech,0.5314,baja,pendiente,,,,,,,,,,,
2026-09-30T18:44:05,wta,183458,2026-09-30,Alex de Minaur,Mariano Navone,Alex de Minaur,0.7642,alta,pendiente,,,,,,,,,,,
2026-09-30T18:44:05,wta,184252,2026-09-30,Katie Volynets,Robin Montgomery,Katie Volynets,0.5678,baja,calificado,7-5 7-5,home,1,0.1868,,,,,,,
2026-09-30T18:44:05,wta,184267,2026-09-30,Sofia Kenin,Ashlyn Krueger,Ashlyn Krueger,0.5014,baja,calificado,6-3 6-3,away,1,0.2486,,,,,,,
2026-09-30T18:44:05,wta,184286,2026-09-30,Yuliia Starodubtseva,Alina Charaeva,Yuliia Starodubtseva,0.5041,baja,calificado,5-7 7-5 6-2,away,0,0.2541,,,,,,,
2026-09-30T18:44:05,atp,183484,2026-09-30,Holger Rune,Kyrian Jacquet,Holger Rune,0.7303,alta,calificado,6-3 6-1,away,0,0.5333,,,,,,,
2026-09-30T18:44:05,atp,183494,2026-09-30,Tomas Martin Etcheverry,Stefanos Tsitsipas,Stefanos Tsitsipas,0.625,media,calificado,4-6 6-3 6-4,away,1,0.1406,,,,,,,
2026-09-30T18:44:05,atp,183487,2026-09-30,Kei Nishikori,Frances Tiafoe,Frances Tiafoe,0.5054,baja,calificado,6-4 6-4,away,1,0.2446,,,,,,,
2026-09-30T18:44:05,atp,183441,2026-09-30,Roman Safiullin,Flavio Cobolli,Roman Safiullin,0.523,baja,pendiente,,,,,,,,,,,
2026-09-30T18:44:05,atp,183445,2026-09-30,Ignacio Buse,Quentin Halys,Ignacio Buse,0.5243,baja,pendiente,,,,,,,,,,,
2026-09-30T18:44:05,atp,183460,2026-09-30,Botic Van De Zandschulp,Francisco Cerundolo,Francisco Cerundolo,0.6214,media,pendiente,,,,,,,,,,,
2026-09-30T18:44:05,atp,184244,2026-09-30,Paula Badosa,Daria Kasatkina,Paula Badosa,0.5828,media,pendiente,,,,,,,,,,,
2026-09-30T18:44:05,atp,184257,2026-09-30,Aoi Ito,Kimberly Birrell,Kimberly Birrell,0.6105,media,pendiente,,,,,,,,,,,
2026-09-30T18:44:05,wta,183441,2026-09-30,Roman Safiullin,Flavio Cobolli,Roman Safiullin,0.523,baja,pendiente,,,,,,,,,,,
2026-09-30T18:44:05,wta,183445,2026-09-30,Ignacio Buse,Quentin Halys,Ignacio Buse,0.5243,baja,pendiente,,,,,,,,,,,
2026-09-30T18:44:05,wta,183460,2026-09-30,Botic Van De Zandschulp,Francisco Cerundolo,Francisco Cerundolo,0.6214,media,pendiente,,,,,,,,,,,
2026-09-30T18:44:05,wta,184244,2026-09-30,Paula Badosa,Daria Kasatkina,Paula Badosa,0.5828,media,pendiente,,,,,,,,,,,
2026-09-30T18:44:05,wta,184257,2026-09-30,Aoi Ito,Kimberly Birrell,Kimberly Birrell,0.6105,media,calificado,6-1 6-1,away,1,0.1517,,,,,,,
2026-09-30T18:44:05,atp,183490,2026-09-30,Jiri Lehecka,Zizou Bergs,Jiri Lehecka,0.5869,media,pendiente,,,,,,,,,,,
2026-09-30T18:44:05,atp,184270,2026-10-01,Magda Linette,Katerina Siniakova,Katerina Siniakova,0.5487,baja,pendiente,,,,,,,,,,,
2026-09-30T18:44:05,wta,184270,2026-10-01,Magda Linette,Katerina Siniakova,Katerina Siniakova,0.5487,baja,pendiente,,,,,,,,,,,
2026-09-30T18:44:05,atp,183493,2026-10-01,Denis Shapovalov,Sho Shimabukuro,Denis Shapovalov,0.7441,alta,pendiente,,,,,,,,,,,
2026-09-30T18:44:05,atp,183497,2026-10-01,Carlos Alcaraz,Alex Michelsen,Carlos Alcaraz,0.806,alta,pendiente,,,,,,,,,,,
2026-09-30T18:44:05,atp,183440,2026-10-01,Alexander Zverev,Cameron Norrie,Alexander Zverev,0.7019,alta,pendiente,,,,,,,,,,,
2026-09-30T18:44:05,wta,183440,2026-10-01,Alexander Zverev,Cameron Norrie,Alexander Zverev,0.7019,alta,pendiente,,,,,,,,,,,
2026-09-30T18:44:05,atp,184232,2026-10-01,Lanlana Tararudee,Camila Osorio,Camila Osorio,0.5131,baja,pendiente,,,,,,,,,,,
2026-09-30T18:44:05,atp,184292,2026-10-01,Marina Bassols Ribera,Kamilla Rakhimova,Kamilla Rakhimova,0.6864,alta,pendiente,,,,,,,,,,,
2026-09-30T18:44:05,wta,184232,2026-10-01,Lanlana Tararudee,Camila Osorio,Camila Osorio,0.5131,baja,pendiente,,,,,,,,,,,
2026-09-30T18:44:05,wta,184292,2026-10-01,Marina Bassols Ribera,Kamilla Rakhimova,Kamilla Rakhimova,0.6864,alta,pendiente,,,,,,,,,,,
2026-09-30T18:44:05,atp,183499,2026-10-01,Alejandro Davidovich Fokina,Matteo Berrettini,Matteo Berrettini,0.5422,baja,pendiente,,,,,,,,,,,
2026-09-30T18:44:05,atp,183443,2026-10-01,Tallon Griekspoor,Andrey Rublev,Andrey Rublev,0.605,media,pendiente,,,,,,,,,,,
2026-09-30T18:44:05,wta,183443,2026-10-01,Tallon Griekspoor,Andrey Rublev,Andrey Rublev,0.605,media,pendiente,,,,,,,,,,,
2026-09-30T18:44:05,atp,183498,2026-10-01,Adolfo Daniel Vallejo,Rafael Jodar,Rafael Jodar,0.6807,alta,pendiente,,,,,,,,,,,
2026-09-30T18:44:05,wta,184150,2026-10-01,Lois Boisson,Anna Blinkova,Lois Boisson,0.628,media,pendiente,,,,,,,,,,,
2026-09-30T18:44:05,atp,183438,2026-10-01,Learner Tien,Hubert Hurkacz,Learner Tien,0.5028,baja,pendiente,,,,,,,,,,,
2026-09-30T18:44:05,wta,183438,2026-10-01,Learner Tien,Hubert Hurkacz,Learner Tien,0.5028,baja,pendiente,,,,,,,,,,,
2026-09-30T18:44:05,atp,183459,2026-10-01,Alexander Bublik,Jakub Mensik,Jakub Mensik,0.5616,baja,pendiente,,,,,,,,,,,
2026-09-30T18:44:05,wta,183459,2026-10-01,Alexander Bublik,Jakub Mensik,Jakub Mensik,0.5616,baja,pendiente,,,,,,,,,,,
2026-09-30T18:44:05,nfl,401872964,2026-10-01,Cleveland Browns,Pittsburgh Steelers,Pittsburgh Steelers,0.5666,baja,pendiente,,,,,Total 38.5,over,-105.0,0.1143,,,si
2026-09-30T18:44:05,mls,761798,2026-10-01,Seattle Sounders FC,Sporting Kansas City,Seattle Sounders FC,0.5915,alta,pendiente,,,,,Ganador,draw,370.0,0.0394,,,si
2026-09-30T18:44:05,atp,183453,2026-10-01,Bu Yunchaokete,Novak Djokovic,Novak Djokovic,0.8728,alta,pendiente,,,,,,,,,,,
2026-09-30T18:44:05,atp,183454,2026-10-01,Daniil Medvedev,Pablo Carreno Busta,Daniil Medvedev,0.7187,alta,pendiente,,,,,,,,,,,
2026-09-30T18:44:05,atp,184295,2026-10-01,Renata Zarazua,Aryna Sabalenka,Aryna Sabalenka,0.8751,alta,pendiente,,,,,,,,,,,
2026-09-30T18:44:05,atp,184296,2026-10-01,Nikola Bartunkova,Magdalena Frech,Nikola Bartunkova,0.5631,baja,pendiente,,,,,,,,,,,
2026-09-30T18:44:05,atp,184297,2026-10-01,Dayana Yastremska,Maja Chwalinska,Maja Chwalinska,0.5228,baja,pendiente,,,,,,,,,,,
2026-09-30T18:44:05,atp,184298,2026-10-01,Anastasia Potapova,Sinja Kraus,Anastasia Potapova,0.6685,alta,pendiente,,,,,,,,,,,
2026-09-30T18:44:05,atp,184299,2026-10-01,Jasmine Paolini,Daria Snigur,Jasmine Paolini,0.627,media,pendiente,,,,,,,,,,,
2026-09-30T18:44:05,atp,184300,2026-10-01,Janice Tjen,Diana Shnaider,Diana Shnaider,0.6976,alta,pendiente,,,,,,,,,,,
2026-09-30T18:44:05,atp,184301,2026-10-01,Ekaterina Alexandrova,Aliaksandra Sasnovich,Ekaterina Alexandrova,0.6435,media,pendiente,,,,,,,,,,,
2026-09-30T18:44:05,atp,184302,2026-10-01,Viktorija Golubic,Peyton Stearns,Peyton Stearns,0.5702,media,pendiente,,,,,,,,,,,
2026-09-30T18:44:05,atp,184304,2026-10-01,Clara Tauson,Polina Kudermetova,Clara Tauson,0.7299,alta,pendiente,,,,,,,,,,,
2026-09-30T18:44:05,atp,184305,2026-10-01,Taylah Preston,Diane Parry,Diane Parry,0.5674,baja,pendiente,,,,,,,,,,,
2026-09-30T18:44:05,atp,184306,2026-10-01,Maria Timofeeva,Naomi Osaka,Naomi Osaka,0.8062,alta,pendiente,,,,,,,,,,,
2026-09-30T18:44:05,atp,184307,2026-10-01,Sara Bejlek,Maddison Inglis,Sara Bejlek,0.7008,alta,pendiente,,,,,,,,,,,
2026-09-30T18:44:05,atp,184308,2026-10-01,Linda Fruhvirtova,Liudmila Samsonova,Liudmila Samsonova,0.6893,alta,pendiente,,,,,,,,,,,
2026-09-30T18:44:05,atp,184309,2026-10-01,Karolina Muchova,Katie Boulter,Karolina Muchova,0.7265,alta,pendiente,,,,,,,,,,,
2026-09-30T18:44:05,atp,184318,2026-10-01,Linda Noskova,Elena-Gabriela Ruse,Linda Noskova,0.6563,alta,pendiente,,,,,,,,,,,
2026-09-30T18:44:05,wta,184149,2026-10-01,Elena Pridankina,Erika Andreeva,Erika Andreeva,0.5169,baja,pendiente,,,,,,,,,,,
2026-09-30T18:44:05,wta,184147,2026-10-01,Leolia Jeanjean,Lucrezia Stefanini,Lucrezia Stefanini,0.5811,media,pendiente,,,,,,,,,,,
2026-09-30T18:44:05,wta,183453,2026-10-01,Bu Yunchaokete,Novak Djokovic,Novak Djokovic,0.8728,alta,pendiente,,,,,,,,,,,
2026-09-30T18:44:05,wta,183454,2026-10-01,Daniil Medvedev,Pablo Carreno Busta,Daniil Medvedev,0.7187,alta,pendiente,,,,,,,,,,,
2026-09-30T18:44:05,wta,184295,2026-10-01,Renata Zarazua,Aryna Sabalenka,Aryna Sabalenka,0.8751,alta,pendiente,,,,,,,,,,,
2026-09-30T18:44:05,wta,184296,2026-10-01,Nikola Bartunkova,Magdalena Frech,Nikola Bartunkova,0.5631,baja,pendiente,,,,,,,,,,,
2026-09-30T18:44:05,wta,184297,2026-10-01,Dayana Yastremska,Maja Chwalinska,Maja Chwalinska,0.5228,baja,pendiente,,,,,,,,,,,
2026-09-30T18:44:05,wta,184298,2026-10-01,Anastasia Potapova,Sinja Kraus,Anastasia Potapova,0.6685,alta,pendiente,,,,,,,,,,,
2026-09-30T18:44:05,wta,184299,2026-10-01,Jasmine Paolini,Daria Snigur,Jasmine Paolini,0.627,media,pendiente,,,,,,,,,,,
2026-09-30T18:44:05,wta,184300,2026-10-01,Janice Tjen,Diana Shnaider,Diana Shnaider,0.6976,alta,pendiente,,,,,,,,,,,
2026-09-30T18:44:05,wta,184301,2026-10-01,Ekaterina Alexandrova,Aliaksandra Sasnovich,Ekaterina Alexandrova,0.6435,media,pendiente,,,,,,,,,,,
2026-09-30T18:44:05,wta,184302,2026-10-01,Viktorija Golubic,Peyton Stearns,Peyton Stearns,0.5702,media,pendiente,,,,,,,,,,,
2026-09-30T18:44:05,wta,184304,2026-10-01,Clara Tauson,Polina Kudermetova,Clara Tauson,0.7299,alta,pendiente,,,,,,,,,,,
2026-09-30T18:44:05,wta,184305,2026-10-01,Taylah Preston,Diane Parry,Diane Parry,0.5674,baja,pendiente,,,,,,,,,,,
2026-09-30T18:44:05,wta,184306,2026-10-01,Maria Timofeeva,Naomi Osaka,Naomi Osaka,0.8062,alta,pendiente,,,,,,,,,,,
2026-09-30T18:44:05,wta,184307,2026-10-01,Sara Bejlek,Maddison Inglis,Sara Bejlek,0.7008,alta,pendiente,,,,,,,,,,,
2026-09-30T18:44:05,wta,184308,2026-10-01,Linda Fruhvirtova,Liudmila Samsonova,Liudmila Samsonova,0.6893,alta,pendiente,,,,,,,,,,,
2026-09-30T18:44:05,wta,184309,2026-10-01,Karolina Muchova,Katie Boulter,Karolina Muchova,0.7265,alta,pendiente,,,,,,,,,,,
2026-09-30T18:44:05,wta,184318,2026-10-01,Linda Noskova,Elena-Gabriela Ruse,Linda Noskova,0.6563,alta,pendiente,,,,,,,,,,,
2026-09-30T19:05:48,atp,183457,2026-10-01,Shang Juncheng,Sebastian Baez,Sebastian Baez,0.5627,baja,pendiente,,,,,,,,,,,
2026-09-30T19:05:48,wta,184274,2026-10-01,Alycia Parks,Zhu Lin,Zhu Lin,0.6132,media,pendiente,,,,,,,,,,,
2026-09-30T19:05:48,wta,184279,2026-10-01,Gao Xinyu,Panna Udvardy,Panna Udvardy,0.5551,baja,pendiente,,,,,,,,,,,
2026-09-30T19:05:48,wta,184303,2026-10-01,Yuan Yue,Mirra Andreeva,Mirra Andreeva,0.8039,alta,pendiente,,,,,,,,,,,
2026-09-30T23:02:09,ncaafb,401871049,2026-10-01,New Mexico State Aggies,Western Kentucky Hilltoppers,Western Kentucky Hilltoppers,0.6439,media,pendiente,,,,,Total 57.5,under,-115.0,0.0774,,,si
2026-09-30T23:02:09,ncaafb,401862786,2026-10-01,Tulsa Golden Hurricane,North Texas Mean Green,North Texas Mean Green,0.7736,alta,pendiente,,,,,Spread -1.5,away,-105.0,0.0616,,,si
2026-09-30T23:02:09,atp,183439,2026-10-01,Alex Molcan,Karen Khachanov,Karen Khachanov,0.6305,media,pendiente,,,,,,,,,,,
2026-09-30T23:02:09,ncaafb,401858245,2026-10-02,Virginia Tech Hokies,Pittsburgh Panthers,Pittsburgh Panthers,0.5076,baja,pendiente,,,,,Ganador,away,136.0,0.101,,,si
2026-09-30T23:02:09,ncaafb,401871050,2026-10-02,Delaware Blue Hens,Liberty Flames,Delaware Blue Hens,0.571,media,pendiente,,,,,Total 50.5,over,-105.0,0.1065,,,si
2026-09-30T23:02:09,ncaafb,401858476,2026-10-02,Northwestern Wildcats,Penn State Nittany Lions,Penn State Nittany Lions,0.6081,media,pendiente,,,,,Spread +2.5,home,-102.0,0.0809,,,si
2026-09-30T23:02:09,wta,184325,2026-10-02,Ashlyn Krueger,Ann Li,Ann Li,0.5771,media,pendiente,,,,,,,,,,,
2026-10-01T06:05:43,atp,183502,2026-10-01,Kyrian Jacquet,Luciano Darderi,Luciano Darderi,0.5814,media,pendiente,,,,,,,,,,,
2026-10-01T06:05:43,atp,183503,2026-10-01,Jaume Munar,Jaime Faria,Jaume Munar,0.593,media,pendiente,,,,,,,,,,,
2026-10-01T06:05:43,atp,183506,2026-10-01,Valentin Vacherot,Stefanos Tsitsipas,Stefanos Tsitsipas,0.5556,baja,pendiente,,,,,,,,,,,
2026-10-01T06:05:43,mlb,401908002,2026-10-02,Milwaukee Brewers,San Diego Padres,Milwaukee Brewers,0.5893,media,pendiente,,,,,Ganador,away,184.0,0.0742,,,si
2026-10-01T06:05:43,wta,184316,2026-10-02,Katie Volynets,Elise Mertens,Elise Mertens,0.744,alta,pendiente,,,,,,,,,,,
2026-10-01T06:05:43,wta,184322,2026-10-02,Sonay Kartal,Wang Xinyu,Sonay Kartal,0.5713,media,pendiente,,,,,,,,,,,
2026-10-01T06:05:43,wta,184324,2026-10-02,Zheng Qinwen,Anna Kalinskaya,Zheng Qinwen,0.6447,media,pendiente,,,,,,,,,,,
2026-10-01T06:05:43,ncaafb,401858250,2026-10-03,North Carolina Tar Heels,Notre Dame Fighting Irish,Notre Dame Fighting Irish,0.8582,alta,pendiente,,,,,Ganador,home,1000.0,0.0542,,,si
2026-10-01T06:05:43,ncaafb,401856707,2026-10-03,Mississippi State Bulldogs,Alabama Crimson Tide,Alabama Crimson Tide,0.7067,alta,pendiente,,,,,Total 59.5,under,-110.0,0.1126,,,si
2026-10-01T06:05:43,ncaafb,401856819,2026-10-03,Houston Cougars,UCF Knights,Houston Cougars,0.7325,alta,pendiente,,,,,Total 51.5,over,-102.0,0.1112,,,si
2026-10-01T06:05:43,ncaafb,401858246,2026-10-03,SMU Mustangs,Boston College Eagles,SMU Mustangs,0.915,alta,pendiente,,,,,Spread +21,away,-112.0,0.1166,,,si
2026-10-01T06:05:43,ncaafb,401856807,2026-10-03,Kansas Jayhawks,Middle Tennessee Blue Raiders,Kansas Jayhawks,0.7511,alta,pendiente,,,,,Ganador,away,800.0,0.1423,,,si
2026-10-01T06:05:43,ncaafb,401856822,2026-10-03,Iowa State Cyclones,West Virginia Mountaineers,Iowa State Cyclones,0.7368,alta,pendiente,,,,,Spread -3,home,-118.0,0.0996,,,si
2026-10-01T06:05:43,ncaafb,401858251,2026-10-03,Wake Forest Demon Deacons,Stanford Cardinal,Wake Forest Demon Deacons,0.8007,alta,pendiente,,,,,Spread +13.5,away,-112.0,0.0644,,,si
2026-10-01T06:05:43,ncaafb,401858252,2026-10-03,UConn Huskies,Syracuse Orange,UConn Huskies,0.7753,alta,pendiente,,,,,Total 50.5,over,-108.0,0.0851,,,si
2026-10-01T06:05:43,ncaafb,401858474,2026-10-03,Minnesota Golden Gophers,Michigan Wolverines,Michigan Wolverines,0.5317,baja,pendiente,,,,,Ganador,home,185.0,0.1319,,,si
2026-10-01T06:05:43,ncaafb,401862791,2026-10-03,Air Force Falcons,Navy Midshipmen,Navy Midshipmen,0.6342,media,pendiente,,,,,Total 45.5,over,-112.0,0.1261,,,si
2026-10-01T06:05:43,ncaafb,401858479,2026-10-03,Wisconsin Badgers,Michigan State Spartans,Wisconsin Badgers,0.7486,alta,pendiente,,,,,Total 43.5,over,-110.0,0.0975,,,si
2026-10-01T06:05:43,ncaafb,401856705,2026-10-03,Georgia Bulldogs,Vanderbilt Commodores,Georgia Bulldogs,0.8321,alta,pendiente,,,,,Total 50.5,over,-115.0,0.1215,,,si
2026-10-01T06:05:43,mlb,401907990,2026-10-03,Cleveland Guardians,Chicago White Sox,Cleveland Guardians,0.5369,baja,pendiente,,,,,Ganador,away,129.0,0.0456,,,si
2026-10-01T06:05:43,ncaafb,401866432,2026-10-03,Buffalo Bulls,Western Michigan Broncos,Western Michigan Broncos,0.5908,media,pendiente,,,,,Total 46.5,over,-110.0,0.1283,,,si
2026-10-01T06:05:43,ncaafb,401866431,2026-10-03,Ball State Cardinals,Toledo Rockets,Toledo Rockets,0.7665,alta,pendiente,,,,,Ganador,home,750.0,0.1205,,,si
2026-10-01T06:05:43,ncaafb,401858473,2026-10-03,Iowa Hawkeyes,Ohio State Buckeyes,Ohio State Buckeyes,0.6251,media,pendiente,,,,,,,,,,,
2026-10-01T06:05:43,ncaafb,401856708,2026-10-03,Missouri Tigers,Florida Gators,Missouri Tigers,0.6288,media,pendiente,,,,,Total 57.5,under,-112.0,0.108,,,si
2026-10-01T06:05:43,ncaafb,401856710,2026-10-03,Tennessee Volunteers,Auburn Tigers,Tennessee Volunteers,0.7739,alta,pendiente,,,,,Ganador,home,-285.0,0.0644,,,si
2026-10-01T06:05:43,ncaafb,401858247,2026-10-03,UNLV Rebels,California Golden Bears,UNLV Rebels,0.7779,alta,pendiente,,,,,Total 53.5,over,-110.0,0.0577,,,si
2026-10-01T06:05:43,ncaafb,401858248,2026-10-03,NC State Wolfpack,Louisville Cardinals,Louisville Cardinals,0.5393,baja,pendiente,,,,,Total 58.5,under,-110.0,0.1342,,,si
2026-10-01T06:05:43,ncaafb,401858253,2026-10-03,Florida State Seminoles,Virginia Cavaliers,Virginia Cavaliers,0.6057,media,pendiente,,,,,Spread +2.5,home,-105.0,0.0755,,,si
2026-10-01T06:05:43,ncaafb,401862787,2026-10-03,Charlotte 49ers,Memphis Tigers,Memphis Tigers,0.8776,alta,pendiente,,,,,Total 52.5,over,-115.0,0.1364,,,si
2026-10-01T06:05:43,ncaafb,401862793,2026-10-03,UAB Blazers,Samford Bulldogs,UAB Blazers,0.57,media,pendiente,,,,,Total 50.5,over,-110.0,0.1245,,,si
2026-10-01T06:05:43,ncaafb,401864515,2026-10-03,North Dakota State Bison,Wyoming Cowboys,North Dakota State Bison,0.9644,alta,pendiente,,,,,Total 45.5,over,-112.0,0.1319,,,si
2026-10-01T06:05:43,ncaafb,401866430,2026-10-03,Central Michigan Chippewas,Akron Zips,Central Michigan Chippewas,0.7053,alta,pendiente,,,,,Total 46.5,over,-115.0,0.1121,,,si
2026-10-01T06:05:43,ncaafb,401866433,2026-10-03,Massachusetts Minutemen,Eastern Michigan Eagles,Massachusetts Minutemen,0.6326,media,pendiente,,,,,Total 48.5,over,-115.0,0.1092,,,si
2026-10-01T06:05:43,ncaafb,401866434,2026-10-03,Kent State Golden Flashes,Ohio Bobcats,Ohio Bobcats,0.689,alta,pendiente,,,,,Ganador,away,-166.0,0.0894,,,si
2026-10-01T06:05:43,ncaafb,401866477,2026-10-03,Miami (OH) RedHawks,Bowling Green Falcons,Miami (OH) RedHawks,0.8465,alta,pendiente,,,,,Total 43.5,over,-105.0,0.1348,,,si
2026-10-01T06:05:43,ncaafb,401869956,2026-10-03,Georgia State Panthers,Old Dominion Monarchs,Old Dominion Monarchs,0.5926,media,pendiente,,,,,Ganador,away,114.0,0.144,,,si
2026-10-01T06:05:43,ncaafb,401869962,2026-10-03,James Madison Dukes,Marshall Thundering Herd,James Madison Dukes,0.8621,alta,pendiente,,,,,Spread +19.5,away,-115.0,0.1358,,,si
2026-10-01T06:05:43,ncaafb,401858475,2026-10-03,Nebraska Cornhuskers,Maryland Terrapins,Nebraska Cornhuskers,0.8641,alta,pendiente,,,,,Total 52.5,under,-110.0,0.0677,,,si
2026-10-01T06:05:43,ncaafb,401864514,2026-10-03,New Mexico Lobos,UTEP Miners,New Mexico Lobos,0.9089,alta,pendiente,,,,,Total 48.5,over,-110.0,0.1388,,,si
2026-10-01T06:05:43,ncaafb,401856709,2026-10-03,South Carolina Gamecocks,Kentucky Wildcats,Kentucky Wildcats,0.5012,baja,pendiente,,,,,Ganador,away,124.0,0.0733,,,si
2026-10-01T06:05:43,ncaafb,401858472,2026-10-03,Illinois Fighting Illini,Purdue Boilermakers,Illinois Fighting Illini,0.8843,alta,pendiente,,,,,Ganador,home,-375.0,0.1271,,,si
2026-10-01T06:05:43,ncaafb,401860899,2026-10-03,Colorado State Rams,Oregon State Beavers,Colorado State Rams,0.5677,baja,pendiente,,,,,,,,,,,
2026-10-01T06:05:43,ncaafb,401862790,2026-10-03,Florida Atlantic Owls,Texas Southern Tigers,Florida Atlantic Owls,0.749,alta,pendiente,,,,,Total 60.5,under,-110.0,0.0316,,,si
2026-10-01T06:05:43,mlb,401907985,2026-10-03,Tampa Bay Rays,New York Yankees,Tampa Bay Rays,0.5161,baja,pendiente,,,,,,,,,,,
2026-10-01T06:05:43,ncaafb,401856818,2026-10-03,TCU Horned Frogs,BYU Cougars,BYU Cougars,0.587,media,pendiente,,,,,Ganador,home,195.0,0.088,,,si
2026-10-01T06:05:43,ncaafb,401856711,2026-10-03,Texas A&M Aggies,Arkansas Razorbacks,Texas A&M Aggies,0.8004,alta,pendiente,,,,,Total 50.5,over,-108.0,0.1324,,,si
2026-10-01T06:05:43,ncaafb,401862788,2026-10-03,Rice Owls,UTSA Roadrunners,UTSA Roadrunners,0.7363,alta,pendiente,,,,,Ganador,home,350.0,0.0504,,,si
2026-10-01T06:05:43,ncaafb,401869942,2026-10-03,Coastal Carolina Chanticleers,Georgia Southern Eagles,Coastal Carolina Chanticleers,0.56,baja,pendiente,,,,,Spread +2.5,home,-110.0,0.1422,,,si
2026-10-01T06:05:43,ncaafb,401871089,2026-10-03,South Alabama Jaguars,UL Monroe Warhawks,South Alabama Jaguars,0.8844,alta,pendiente,,,,,Total 57.5,under,-112.0,0.0689,,,si
2026-10-01T06:05:43,ncaafb,401858249,2026-10-03,Clemson Tigers,Miami Hurricanes,Miami Hurricanes,0.6577,alta,pendiente,,,,,Total 47.5,over,-112.0,0.1465,,,si
2026-10-01T06:05:43,ncaafb,401856821,2026-10-03,Colorado Buffaloes,Texas Tech Red Raiders,Texas Tech Red Raiders,0.8506,alta,pendiente,,,,,Spread +12.5,home,-110.0,0.1295,,,si
2026-10-01T06:05:43,ncaafb,401858478,2026-10-03,USC Trojans,Washington Huskies,USC Trojans,0.5917,media,pendiente,,,,,Spread +9.5,away,-102.0,0.1183,,,si
2026-10-01T06:05:43,ncaafb,401860898,2026-10-03,Boise State Broncos,Utah State Aggies,Boise State Broncos,0.874,alta,pendiente,,,,,,,,,,,
2026-10-01T06:05:43,ncaafb,401862792,2026-10-03,South Florida Bulls,Temple Owls,South Florida Bulls,0.8942,alta,pendiente,,,,,,,,,,,
2026-10-01T06:05:43,ncaafb,401869842,2026-10-03,Louisiana Tech Bulldogs,Army Black Knights,Army Black Knights,0.5954,media,pendiente,,,,,Total 47.5,over,-110.0,0.0956,,,si
2026-10-01T06:05:43,ncaafb,401856706,2026-10-03,LSU Tigers,McNeese Cowboys,LSU Tigers,0.9198,alta,pendiente,,,,,Total 60.5,under,-110.0,0.1187,,,si
2026-10-01T06:05:43,ncaafb,401858477,2026-10-03,Rutgers Scarlet Knights,Indiana Hoosiers,Indiana Hoosiers,0.9095,alta,pendiente,,,,,Total 56.5,under,-115.0,0.0553,,,si
2026-10-01T06:05:43,ncaafb,401869932,2026-10-03,Louisiana Ragin' Cajuns,Arkansas State Red Wolves,Louisiana Ragin' Cajuns,0.6755,alta,pendiente,,,,,,,,,,,
2026-10-01T06:05:43,ncaafb,401860921,2026-10-03,Washington State Cougars,Fresno State Bulldogs,Fresno State Bulldogs,0.596,media,pendiente,,,,,Ganador,away,102.0,0.1221,,,si
2026-10-01T06:05:43,ncaafb,401856817,2026-10-03,Arizona State Sun Devils,Baylor Bears,Arizona State Sun Devils,0.6688,alta,pendiente,,,,,Spread -4,home,-110.0,0.058,,,si
2026-10-01T06:05:43,ncaafb,401860900,2026-10-03,San Diego State Aztecs,Texas State Bobcats,Texas State Bobcats,0.6371,media,pendiente,,,,,Spread +7,home,-110.0,0.1444,,,si
2026-10-01T06:05:43,ncaafb,401856820,2026-10-03,Arizona Wildcats,Cincinnati Bearcats,Arizona Wildcats,0.7224,alta,pendiente,,,,,Ganador,home,-258.0,0.0316,,,si
2026-10-01T06:05:43,ncaafb,401864513,2026-10-03,Hawai'i Rainbow Warriors,San José State Spartans,Hawai'i Rainbow Warriors,0.6847,alta,pendiente,,,,,Ganador,home,-148.0,0.1126,,,si
2026-10-01T07:08:47,npb,npb-20261001-阪神-巨人,2026-10-01,Tigers,Giants,Tigers,0.5478,baja,pendiente,,,,,,,,,,,no
2026-10-01T07:08:47,npb,npb-20261001-広島-中日,2026-10-01,Carp,Dragons,Dragons,0.5244,baja,pendiente,,,,,,,,,,,no
2026-10-01T07:08:47,npb,npb-20261001-楽天-ソフトバンク,2026-10-01,Golden Eagles,Hawks,Hawks,0.6471,media,pendiente,,,,,,,,,,,no
2026-10-01T07:08:47,npb,npb-20261001-ロッテ-日本ハム,2026-10-01,Marines,Fighters,Fighters,0.568,baja,pendiente,,,,,,,,,,,no
2026-10-01T07:08:47,atp,183505,2026-10-02,Arthur Fils,Frances Tiafoe,Arthur Fils,0.5416,baja,pendiente,,,,,,,,,,,no
2026-10-01T07:08:47,npb,npb-20261002-ヤクルト-巨人,2026-10-02,Swallows,Giants,Giants,0.5798,media,pendiente,,,,,,,,,,,no
2026-10-01T07:08:47,npb,npb-20261002-広島-中日,2026-10-02,Carp,Dragons,Dragons,0.5244,baja,pendiente,,,,,,,,,,,no
2026-10-01T07:08:47,npb,npb-20261002-ロッテ-ソフトバンク,2026-10-02,Marines,Hawks,Hawks,0.6589,alta,pendiente,,,,,,,,,,,no
