fuente,liga,id,fecha,home,away,decision,mercado,lado,cuota,stake,estado,marcador,resultado,unidades,lectura
api,nhl,401891820,2026-10-08,Ottawa Senators,Philadelphia Flyers,PASAR,Ganador,home,1.694,0.0,sin_apuesta,,,,"Ottawa 2-1-0 recibe a Philadelphia 0-2-2. Modelo p_home 0.607, 3.42-2.75, total 6.16; Ganador publicable, Total sin_validar. Mejor cuota del local 1.694 (fanduel), p_sharp 0.5867, p_final 0.5897, EV -0.1%. Osciladores apagados: Ottawa 3 juegos y Philadelphia 4 en la temporada; L10 de Philadelphia 0-0-4 con 1.25 gf y 4.25 ga. Porteros sin confirmar y cruce de nombres entre ESPN y Daily Faceoff (Ullmark/Ersson en Ottawa). Publico 82% de boletos y 77% del dinero al local; senal SOLO PUBLICO hacia Over 5.5 (+4.9 pp con Pinnacle quieto). PASAR: cuota 1.694 debajo de 1.70 y EV cero."
api,nhl,401892457,2026-10-08,Boston Bruins,Utah Mammoth,PASAR,Ganador,away,1.8,0.0,sin_apuesta,,,,"Boston 2-0-2 contra Utah 3-0-1. Modelo casi parejo: p_home 0.4872, 3.14-3.16, total 6.22; Ganador publicable, Total sin_validar. Lado propuesto Utah a 1.80 (draftkings), p_sharp 0.5431, p_final 0.5386, EV -3.06%. Linea abre -115 local y esta en +105: 4.33 pp hacia la visita. Publico 67% de boletos a Utah y 72% del dinero. Total: la linea subio 5.5 -> 6.0. PASAR: EV negativo en los dos lados."
api,nhl,401892458,2026-10-08,Buffalo Sabres,Dallas Stars,PASAR,Ganador,home,2.07,0.0,sin_apuesta,,,,"Buffalo 2-0-1 (ELO 1544.9, power 4) recibe a Dallas 1-0-2 (ELO 1534.6, power 7). Modelo p_home 0.5557, 3.36-2.98, total 6.24 contra linea 6.5; Ganador publicable, Total sin_validar. Buffalo a 2.07 en pinnacle: p_sharp 0.4716, p_modelo 0.5557, edge 7.3 pp, p_final 0.4842, EV +0.23%. Dinero contra Buffalo: 40% de boletos y 23% del dinero al local. Total subio 5.5 -> 6.5. PASAR: EV +0.23% debajo del umbral de 2%; el edge del modelo no sobrevive la mezcla."
api,nhl,401892459,2026-10-08,Montreal Canadiens,Nashville Predators,PICK,Ganador,away,2.6,1.0,calificado,2-5,gano,0.026,"Montreal 1-0-2 (ELO 1527.8, power 10) recibe a Nashville 1-0-2 (ELO 1474.4, power 25). Modelo p_home 0.5532 / p_away 0.4468, 3.42-3.05, total 6.31 contra linea 6.5; Ganador publicable, Total sin_validar. Nashville a 2.60 en everygame contra p_sharp 0.3842 (Pinnacle justo ~2.60): edge del modelo 6.3 pp, p_final 0.3936, EV +2.33%, ev_sharp -0.001. Todo el margen sale de tomar la mejor cuota de 18 casas, no de una ventaja medida contra el cierre. Publico 93% de boletos y 99% del dinero a Montreal; linea bajo -198 -> -180 (2.05 pp hacia Nashville). Osciladores apagados (3 juegos por lado). Sensibilidad al peso del modelo: EV +7.94% con w 0.50, +3.89% con w 0.25, +0.85% con w 0.06 (el unico valor medido, en futbol y NFL). PICK por la regla: publicable, edge 6.3 pp sobre el umbral de 3 pp, cuota 2.60 arriba de 1.70, EV +2.33%."
api,nhl,401892460,2026-10-08,Tampa Bay Lightning,Minnesota Wild,PASAR,Ganador,home,1.69,0.0,sin_apuesta,,,,"Tampa Bay 2-0-1 (ELO 1552.4, power 3) recibe a Minnesota 2-0-1 (ELO 1538.3, power 6). Modelo p_home 0.5531, 3.30-2.94, total 6.19 contra linea 5.5; Ganador publicable, Total sin_validar. Mejor cuota del local 1.69 (betmgm), p_sharp 0.5884, EV -1.46%; Minnesota a 2.37 en pinnacle, EV -1.20%. pick_top en null: ningun lado de ganador o totales pasa de PASAR. Publico 85% de boletos y 75% del dinero al local y 92% de boletos al Over. PASAR: sin lado con EV positivo y cuota del favorito debajo de 1.70."
api,nhl,401892461,2026-10-08,Carolina Hurricanes,Vancouver Canucks,PASAR,Ganador,home,1.3,0.0,sin_apuesta,,,,"Carolina 2-0-2 (ELO 1585.1, power 1) recibe a Vancouver 2-0-2 (ELO 1418.9, power 31) que viene de back-to-back con 1 dia de descanso. Modelo p_home 0.7473, 4.13-2.51, total 6.39 contra linea 6.5; confianza alta; Ganador publicable, Total sin_validar. Ganador local a 1.30: EV -2.39% y cuota debajo de 1.70. El unico EV positivo es Over 6.5 a 2.20 con EV +7.98%, pero el mercado de totales de NHL esta sin validar y el modelo carga el over (p media 0.431 contra 0.415 real), asi que no es pick. Senal SHARP hacia Carolina (+2.6 pp); publico 95% de boletos y 97.5% del dinero al local. PASAR: la mejor lectura es Over 6.5 y le falta validacion del mercado."
api,nhl,401892462,2026-10-08,New York Islanders,Chicago Blackhawks,PASAR,Ganador,home,1.581,0.0,sin_apuesta,,,,"New York Islanders 1-0-2 (ELO 1482.9, power 21) recibe a Chicago 1-0-3 (ELO 1415.1, power 32). Modelo p_home 0.657, 3.60-2.63, total 6.18 contra linea 5.5; confianza alta; Ganador publicable, Total sin_validar. Mejor cuota del local 1.581 (fanduel), p_sharp 0.6279, p_final 0.6323, EV -0.04%; Chicago a 2.65, EV -2.55%. pick_top en null. Linea bajo -205 -> -185 (2.23 pp hacia Chicago); publico 92% de boletos y 88% del dinero a los Islanders. PASAR: cuota del favorito debajo de 1.70 y EV cero."
api,nhl,401891825,2026-10-08,St. Louis Blues,San Jose Sharks,PASAR,Ganador,home,1.704,0.0,sin_apuesta,,,,"St. Louis 1-0-2 (ELO 1500.8, power 18) recibe a San Jose 2-0-1 (ELO 1442.8, power 30). Modelo p_home 0.6044, 3.37-2.72, total 6.12 contra linea 5.5; Ganador publicable, Total sin_validar. Local a 1.704 (draftkings): p_sharp 0.5844, edge del modelo 4.1 pp, p_final 0.5874, EV +0.09%. La linea abrio +100 al local y esta en -142: 8.52 pp hacia St. Louis, pero la senal dice SOLO PUBLICO hacia St. Louis (+9.2 pp con Pinnacle quieto), o sea movimiento de casas publicas sin respaldo sharp. Publico 69% de boletos y 65% del dinero al local. PASAR: EV +0.09% debajo del umbral y el movimiento no es sharp."
api,nhl,401892463,2026-10-08,Calgary Flames,Colorado Avalanche,PICK,Ganador,home,3.08,1.0,calificado,3-7,perdio,-1.0,"Calgary 0-0-3 (ELO 1445.3, power 29, racha L3, L10 1.0 gf y 5.333 ga) recibe a Colorado 2-0-1 (ELO 1581.3, power 2) que llega en back-to-back. Modelo p_home 0.3816 / p_away 0.6184, 2.75-3.38, total 6.14 contra linea 6.5; Ganador publicable, Total sin_validar. Calgary a 3.08 en lowvig contra p_mercado 0.325 sin vig: edge del modelo 5.7 pp, EV +2.64%. Argumento independiente medido en este repo sobre 8,470 partidos de NHL: la visita en back-to-back gana 39.6% contra 49.3% con 3 o mas dias de descanso, -9.7 pp con z -4.11; el modelo no mete ese ajuste, asi que empuja la probabilidad real de Calgary arriba de 0.3816, no abajo. Publico extremo en contra: 7% de boletos y 1% del dinero a Calgary. Sensibilidad al peso del modelo: EV +7.32% con w 0.50, +2.37% con w 0.25, -1.31% con w 0.06. El Over 6.5 a 2.25 marca EV +6.65% pero el mercado esta sin validar. PICK por la regla: publicable, edge 5.7 pp sobre el umbral, cuota 3.08 arriba de 1.70, EV +2.64%, mas una capa medida a favor."
api,nhl,401892464,2026-10-08,Vegas Golden Knights,Toronto Maple Leafs,PASAR,Ganador,home,1.617,0.0,sin_apuesta,,,,"Vegas 3-0-1 (ELO 1542.7, power 5) recibe a Toronto 2-0-2 (ELO 1464.8, power 27). Modelo p_home 0.7139, 4.00-2.62, total 6.38 contra linea 6.5; confianza alta; Ganador publicable, Total sin_validar. Mejor cuota del local 1.617 (williamhill): p_sharp 0.6049, p_modelo 0.7139, p_final 0.6212, EV +0.46%; Toronto a 2.50, EV -5.31%. Over 6.5 a 2.15 marca EV +2.12% pero sin validar. Publico 92% de boletos y 78% del dinero a Vegas y 93% de boletos al Over. PASAR: cuota 1.617 debajo de 1.70."
api,mlb,401907993,2026-10-08,Chicago White Sox,Cleveland Guardians,LEAN,Ganador,home,2.0,0.0,sin_apuesta,,,,"ALDS Juego 4 en Rate Field, Chicago White Sox arriba 2-1 en la serie. Registros de temporada 88-79 local y 86-79 visita. Modelo p_home 0.5372, 4.42-4.06, total 8.48 contra linea 7.0; confianza baja; Ganador publicable, Total y Spread sin_validar. Chicago a +100 (2.00) en draftkings: p_mercado sin vig 0.4783, edge 5.89 pp, pero p_final 0.4871 y EV -2.57%: el precio de 2.00 esta debajo del justo del mercado y la mezcla se come el edge. Abridores: Hagen Smith por Chicago con 1.6 IP por salida y marcado bullpen_game (ERA 1.31, FIP 2.59, K9 12.32, BB9 5.50 en 21 apariciones); Parker Messick por Cleveland con 5.4 IP por salida (ERA 2.67, FIP 2.87, K9 10.5, BB9 2.17). Bullpen de 3 dias: Chicago 373 lanzamientos con 11 relevistas, Cleveland 243 con 8. Forma: Chicago L10 7-3 Subiendo status Hot (RSI10 72.2, estocastico 79.5) con racha L1 tras perder 9-3; Cleveland L10 6-4 Average Down (RSI10 75.0, MACD +0.611) con racha W1. Splits: Chicago 48-34 en casa, Cleveland 45-37 de visita. H2H historico 23-38 a favor de Cleveland. Linea: ML abre -107 local y esta en +100 (1.52 pp hacia Cleveland); el total bajo 7.5 -> 7.0. Publico 57% de boletos y 65% del dinero al local, 74% de boletos al Over. ESPN da 0.511 al local. Clima 14.7 C, viento 8.4 km/h, lluvia 2%. LEAN: el modelo prefiere el local y la forma lo apoya, pero sin EV positivo contra la mejor cuota no hay pick. La hora no coincide entre fuentes: el volcado dice 18:00 CDMX, ESPN 8:00 PM EDT y mercado_publico 15:00 CDMX."
api,nfl,401872980,2026-10-08,Dallas Cowboys,Tampa Bay Buccaneers,PASAR,Ganador,away,4.6,0.0,sin_apuesta,,,,"Tampa Bay 0-4 en Dallas 2-2, AT&T Stadium techado. Baker Mayfield esta OUT en el reporte de lesiones; tambien fuera Antoine Winfield Jr., SirVocea Dennis y Benjamin Morrison. Modelo p_home 0.6648, 26.2-22.7, total 48.9 contra linea 47.5; confianza alta; Ganador, Total y Spread publicables; capas medidas aplicadas (L5 +0.20 y EPA neto x10 +0.52: +6.6 pp al local, de 0.5991 a 0.6648). El sistema marca valor en Tampa Bay a +360 (4.60) con edge 12.66 pp y EV +4.69%, y alerta activa por diferencia grande con el mercado. El mercado movio la linea de -205 a -470 en el local (14.66 pp) y el spread de -3.5 a -8.5: ese movimiento es el precio de la ausencia de Mayfield, que el modelo no conoce porque jugadores y lesiones son contexto y no cambian probabilidades. Osciladores apagados por temporada corta (4 juegos por lado) pero consistentes: Tampa Bay RSI5 9.1, RSI10 13.9, estocastico 0.0, elo_mom10 -48.2, L10 0-0-4 con 19.0 anotados y 24.0 recibidos, residuo pitagorico -0.128; Dallas RSI10 31.6, elo_mom10 -22.3, L10 2-2 con 30.5 anotados y 28.0 recibidos, ou4 O-O-O-O. Publico 94% de boletos y 89% del dinero a Dallas, 72% de boletos y 84% del dinero al Over; brecha sharp-publico -0.39 pp. ESPN da 0.861 al local. Consenso 3 de 3 al local. PASAR: el EV positivo del visitante es un falso positivo del modelo, que no descuenta al titular ausente."
api,nhl,401892465,2026-10-09,Detroit Red Wings,Seattle Kraken,LEAN,Ganador,home,1.735,0.0,sin_apuesta,,,,"Detroit 1-2-0 recibe a Seattle 2-2-0; Gibson confirmado en DET, Daccord sin confirmar en SEA. Modelo 58.7% DET, 3.26-2.72; Ganador publicable (z 4.49). Pinnacle sin vig 56.7% y se movio 1.9 pp hacia DET; p final 57.7% a la mejor cuota 1.735 (betrivers): EV +0.1%. Temporada recien iniciada (3 y 4 juegos): forma y osciladores no cuentan. LEAN sin stake: falta precio, pide 1.75 para EV de +1%."
api,nhl,401892466,2026-10-09,Washington Capitals,New York Rangers,PASAR,Ganador,away,2.2,0.0,sin_apuesta,,,,"Washington 2-1-0 recibe a Rangers 4-1-0 (W4); Thompson y Shesterkin sin confirmar. Modelo 55.3% WSH, igual a Pinnacle 55.3%; total 6.19 contra 5.5 (Total sin_validar). El lado con menos castigo es NYR a 2.20 (lowvig): p final 44.8%, EV -1.6%; WSH a 1.758 da EV -2.9%. Angulo H4 (NYR con un dia mas de descanso) medido +2.9 pp, z 1.23, no pasa. PASAR: ningun lado con EV positivo; NYR pide 2.26 para EV de +1%."
api,nhl,401892467,2026-10-09,Columbus Blue Jackets,Pittsburgh Penguins,LEAN,Ganador,home,1.87,0.0,sin_apuesta,,,,"Columbus 1-1-0 recibe a Pittsburgh 2-2-0 (L2); Greaves y Silovs sin confirmar. Modelo 54.0% CBJ contra Pinnacle 52.2%; p final 53.1% a 1.87 (betus): EV -0.8%. Linea casi quieta (DraftKings -125 a -122, 0.6 pts hacia PIT; Pinnacle +0.4 pp hacia CBJ). Angulos a favor de CBJ: carga de 7 dias (+3.3 pp, z 1.78) y gira del visitante (+1.2 pp), sin peso. Under 6.5 a 1.97 con EV +1.2% pero el Total de NHL esta sin_validar. LEAN sin stake: pide 1.90 para EV de +1%."
api,nhl,401892468,2026-10-09,Winnipeg Jets,Anaheim Ducks,PASAR,Ganador,away,2.04,0.0,sin_apuesta,,,,"Winnipeg 3-0-1 (W3) recibe a Anaheim 2-1-0; Hellebuyck en lista de lesionados, Skinner y Dostal sin confirmar. Modelo 50.8% WPG contra Pinnacle 52.4%; Pinnacle se movio 2.4 pp hacia Anaheim (senal SHARP), lo que veta a WPG. ANA a 2.04 (lowvig): p final 48.4%, EV -1.2%. Angulo H7 (carga de 7 dias) a favor de ANA, +3.3 pp, no pasa. PASAR: sin EV en ningun lado; ANA pide 2.09 para EV de +1%."
api,npb,npb-20261010-巨人-DeNA,2026-10-09,Giants,Bay Stars,PASAR,Ganador,home,,0.0,sin_apuesta,,,,"Primera etapa de la Climax Series Central en Tokyo Dome (Giants 76-64-3 contra Bay Stars 71-69-3), ultimo juego el 3 y el 4 de octubre; abridores sin dato. Modelo 53.2% Giants, 3.35-3.13 carreras; Ganador publicable en NPB (z 2.65). Giants en sus ultimos 3: 0 victorias, 1 empate, 2 derrotas; Bay Stars ganaron los dos ultimos, incluido 5-2 en Tokyo Dome el 3-oct. Sin cuota de ninguna casa: PASAR; Giants valen desde 1.97 (1.05/p)."
api,npb,npb-20261010-西武-日本ハム,2026-10-09,Lions,Fighters,PASAR,Ganador,away,,0.0,sin_apuesta,,,,"Lions 79-60-4 reciben a Fighters 78-62-3 en Belluna Dome, fecha de la primera etapa de la Climax Series; abridores sin dato. Modelo 52.5% Fighters (3.52-3.12); la forma va con Lions (W3, L5 4-1, Hot) y el puntaje Pick Premium marca lean a Lions con 46 puntos. Fighters sin jugar desde el 1-oct. Sin cuota de ninguna casa: PASAR; Fighters valen desde 2.00 y Lions desde 2.21."
api,laliga,401882851,2026-10-09,Málaga,Espanyol,REVISAR,Total 2.25,under,2.1,0.0,sin_apuesta,,,,"Malaga 0-3-4 recibe a Espanyol 2-1-4. Modelo 2.26 goles esperados (1.07-1.18) contra linea de 2.5; Total publicable en LaLiga. Under 2.25 a 2.10 en Pinnacle: p final 50.1%, EV +5.2%, pero el modelo esta 14.2 pp arriba del mercado y la linea se movio 1.7 pp en contra. La lista oficial lo trae como pick de confianza baja; con el criterio de Picks IA (10 pp o mas = revisar) queda en revisar."
api,ncaafb,401858254,2026-10-09,Louisville Cardinals,Florida State Seminoles,REVISAR,Ganador,home,1.61,0.0,sin_apuesta,,,,"Louisville 2-3 recibe a Florida State 3-2. Modelo 73.4% Louisville, 30.8-22.4, total 53.2 contra 59.5. Pinnacle 60.1%: el modelo esta 13.3 pp arriba. Louisville a 1.61 queda abajo de 1.70 y el total de NCAAF esta bloqueado por descalibrado (prometio 60% y acerto 41% en 64 casos)."
api,nba,401908940,2026-10-09,Chicago Bulls,Memphis Grizzlies,PASAR,Ganador,home,1.68,0.0,sin_apuesta,,,,"Pretemporada: Chicago recibe a Memphis. Modelo 68.3% Chicago con capas (+3.2 pp por net rating), una sola casa 57.2%. Chicago a 1.68 queda abajo de 1.70 y la pretemporada esta fuera de picks."
api,ligamx,401876954,2026-10-09,Puebla,León,PASAR,Ganador,home,2.9,0.0,sin_apuesta,,,,"Puebla 4-2-4 recibe a Leon 5-2-3. Modelo 33.5% Puebla, 27.8% empate, 38.7% Leon; 1.32-1.37 goles. Una sola casa (DraftKings): Puebla a 2.90 da EV -5.0%. PASAR."
api,ncaafb,401858487,2026-10-09,Washington Huskies,Iowa Hawkeyes,PASAR,Ganador,home,1.7,0.0,sin_apuesta,,,,"Washington 3-2 recibe a Iowa 4-1. Modelo 59.6% Washington, 26.4-21.5. Pinnacle se movio 3.8 pp hacia Iowa (senal SHARP) y el spread de -3.5 a -2.5: veto al local. Washington a 1.70: EV -1.1%. El Over (modelo 47.9 contra 41.5) esta bloqueado por la descalibracion del total de NCAAF."
api,ncaafb,401860922,2026-10-09,Utah State Aggies,Washington State Cougars,REVISAR,Ganador,away,2.79,0.0,sin_apuesta,,,,"Utah State 1-4 recibe a Washington State 1-4. Modelo 45.4% WSU contra 34.8% del mercado: 10.6 pp arriba. WSU a 2.79 daria EV +7.2%, pero por regla queda en revisar. Total del modelo 56.7 contra 43.5: bloqueado por descalibrado."
api,ncaafb,401864519,2026-10-09,San José State Spartans,Wyoming Cowboys,PASAR,Ganador,home,1.57,0.0,sin_apuesta,,,,"San Jose State 3-2 recibe a Wyoming 2-3. Modelo 67.7% SJSU, 28.3-21.4. Pinnacle se movio 3.7 pp hacia Wyoming y el spread de -6.5 a -4.5. SJSU a 1.57 queda abajo de 1.70. Total bloqueado."
api,ncaafb,401856826,2026-10-09,BYU Cougars,Iowa State Cyclones,PASAR,Ganador,home,1.25,0.0,sin_apuesta,,,,"BYU 4-0 recibe a Iowa State 3-2. Modelo 80.1% BYU, 30.9-20.5; mercado 77.8%. BYU a 1.25 queda abajo de 1.70. Total bloqueado."
api,ligamx,401876953,2026-10-09,Tigres UANL,Toluca,PASAR,Ganador,home,2.9,0.0,sin_apuesta,,,,"Tigres 2-4-4 recibe a Toluca 6-2-2. Modelo 35.3% Tigres, 27.4% empate, 37.4% Toluca; 1.43-1.34 goles. Tigres a 2.90 (una casa): EV -3.8%. Toluca trae 2.3 goles por partido en sus ultimos 10. PASAR."
api,wta,186365,2026-10-09,Magdalena Frech,Moyuka Uchijima,PASAR,Ganador,home,,0.0,sin_apuesta,,,,"Wuhan, qualy R1. Modelo 68.8% Frech (ranking 48) contra Uchijima (105, 1-9 en sus ultimos 10). Sin cuota: Frech vale desde 1.70."
api,wta,186368,2026-10-09,Daria Kasatkina,Viktorija Golubic,PASAR,Ganador,home,,0.0,sin_apuesta,,,,"Wuhan, qualy R1. Modelo 61.4% Kasatkina (84, 4 derrotas seguidas) contra Golubic (67). Sin cuota: Kasatkina vale desde 1.70."
api,wta,186369,2026-10-09,Talia Gibson,Sara Sorribes Tormo,PASAR,Ganador,away,,0.0,sin_apuesta,,,,"Wuhan, qualy R1. Modelo 54.6% Sorribes Tormo contra Gibson. Sin cuota: Sorribes vale desde 1.83."
api,wta,186379,2026-10-09,Aoi Ito,Alycia Parks,PASAR,Ganador,away,,0.0,sin_apuesta,,,,"Wuhan, qualy R1. Modelo 53.1% Parks contra Ito (0-5 en el ultimo ano en el archivo). Sin cuota: Parks vale desde 1.88."
api,wta,185296,2026-10-09,Kyoka Okamura,Elvina Kalieva,PASAR,,,,0.0,sin_apuesta,,,,"Suzhou, semifinal. Sin modelo para Kalieva contra Okamura y sin cuota. Se registra sin decision."
api,atp,184907,2026-10-09,Jiri Lehecka,Nuno Borges,REVISAR,Ganador,away,3.55,0.0,sin_apuesta,,,,"Shanghai R2. Modelo 39.5% Borges contra Pinnacle 28.7%: 10.9 pp arriba. Borges a 3.55 daria EV +14.6% (p final 32.3%) y la linea se movio 1.7 pp a su favor, pero por regla queda en revisar. Lehecka 8-2 en sus ultimos 10."
api,atp,184908,2026-10-09,Camilo Ugo Carabelli,Felix Auger-Aliassime,REVISAR,Ganador,home,15.0,0.0,sin_apuesta,,,,"Shanghai R2. El modelo da 70.7% a Ugo Carabelli y Pinnacle 6.6%: Pinnacle se movio 42.1 pp hacia Auger-Aliassime, que vuelve tras 94 dias sin jugar. El modelo no ve lo que movio la linea. REVISAR; ninguna apuesta."
api,atp,184909,2026-10-09,Daniil Medvedev,Jan-Lennard Struff,LEAN,Ganador,away,6.01,0.0,sin_apuesta,,,,Shanghai R2. Modelo 22.1% Struff contra Pinnacle 16.1%; p final 18.1% a 6.01: EV +8.5%. Struff vuelve tras 94 dias sin jugar (0 partidos en 14 dias) y Medvedev trae 8 partidos en 14 dias: el angulo de carga va contra Struff. Longshot y contexto bajan un nivel: LEAN sin stake. La lista oficial lo trae como pick de confianza media.
api,atp,184910,2026-10-09,Thiago Agustin Tirante,Rafael Jodar,PICK,Ganador,home,3.21,1.0,pendiente,,,,"Shanghai R2. Modelo 39.8% Tirante contra Pinnacle 30.9%; p final 33.9% a 3.21 (DraftKings): EV +8.7%. Jodar (13 del ranking, 70% de victorias en 12 meses) contra Tirante (54, 61%); Tirante jugo ayer. La linea se movio 1.8 pp en contra (no llega al veto de 2). PICK de la lista oficial, confianza alta."
api,wta,185250,2026-10-10,Lucrezia Stefanini,Anna Blinkova,PASAR,,,,0.0,sin_apuesta,,,,"Samsun, semifinal por definir (TBD). Sin modelo ni cuota."
api,wta,185249,2026-10-10,Ayla Aksu,Himeno Sakatsume,PASAR,,,,0.0,sin_apuesta,,,,"Samsun, semifinal con rival por definir contra Aksu. Sin modelo ni cuota."
api,wta,186364,2026-10-09,Taylah Preston,Ashlyn Krueger,PASAR,Ganador,away,,0.0,sin_apuesta,,,,"Wuhan, qualy R1. Modelo 51.7% Krueger contra Preston. Sin cuota: Krueger vale desde 1.94."
api,wta,186370,2026-10-09,Sofia Kenin,Kamilla Rakhimova,PASAR,Ganador,home,,0.0,sin_apuesta,,,,"Wuhan, qualy R1. Modelo 54.2% Kenin contra Rakhimova. Sin cuota: Kenin vale desde 1.85."
api,wta,186371,2026-10-09,Peyton Stearns,Shi Han,PASAR,Ganador,home,,0.0,sin_apuesta,,,,"Wuhan, qualy R1. Modelo 69.9% Stearns (36) contra Shi Han (231). Sin cuota: Stearns vale desde 1.70."
api,wta,186378,2026-10-09,Elena-Gabriela Ruse,Yulia Putintseva,PASAR,Ganador,away,,0.0,sin_apuesta,,,,"Wuhan, qualy R1. Modelo 54.6% Putintseva contra Ruse, que no juega desde hace 88 dias. Sin cuota: Putintseva vale desde 1.83."
api,kbo,kbo-20261010LGLT0,2026-10-09,Lotte Giants,LG Twins,PASAR,Ganador,home,2.6,0.0,sin_apuesta,,,,"Lotte 62-76 recibe a LG 77-64. Modelo 44.9% Lotte, 4.99-5.25 carreras; Pinnacle 36.9%. Sistema estimado de beisbol en confianza minima. Lotte a 2.60: EV -0.9%. PASAR."
api,wta,185295,2026-10-09,Rebecca Sramkova,Renata Zarazua,PASAR,Ganador,home,,0.0,sin_apuesta,,,,"Suzhou, semifinal. Modelo 57.3% Sramkova contra Zarazua. Sin cuota: Sramkova vale desde 1.75. Zarazua viene de partido a tres sets (angulo +3.0 pp, sin peso)."
api,atp,184898,2026-10-09,Matteo Arnaldi,Taylor Fritz,PICK,Ganador,home,4.3,1.0,pendiente,,,,"Shanghai R2. Modelo 29.0% Arnaldi contra Pinnacle 23.2%; p final 25.1% a 4.30 (FanDuel): EV +8.0%. La linea esta quieta (-0.3 pp). Fritz (12 del ranking) 3 derrotas seguidas; Arnaldi (38) jugo ayer. El angulo de carga va a favor de Arnaldi, sin peso. Longshot: PICK de la lista oficial, confianza media."
api,atp,184901,2026-10-09,Dalibor Svrcina,Tomas Martin Etcheverry,LEAN,Total 22.5,under,1.94,0.0,sin_apuesta,,,,"Shanghai R2. Modelo 57.7% Svrcina en ganador, pero contra el mercado da EV -1.2%. En total, Under 22.5 a 1.94: p final 52.2%, EV +1.5% (total publicable); no llega al 2% de pick. Etcheverry 3-7 en sus ultimos 10. LEAN sin stake."
api,atp,184912,2026-10-09,Bu Yunchaokete,Casper Ruud,PASAR,Ganador,away,1.69,0.0,sin_apuesta,,,,Shanghai R2. Modelo 67.3% Ruud contra Pinnacle 57.9%; p final 61.3% a 1.69: EV +3.6% pero la cuota queda abajo de 1.70. PASAR por precio.
api,atp,184913,2026-10-09,Alejandro Tabilo,Pablo Carreno Busta,REVISAR,Ganador,away,2.52,0.0,sin_apuesta,,,,"Shanghai R2. Modelo 51.2% Carreno Busta contra Pinnacle 38.6%: 12.6 pp arriba. Carreno a 2.52 daria EV +8.2%, pero por regla queda en revisar."
