registrado,liga,id,fecha,partido,decision,mercado,lado,cuota,stake,lectura
2026-10-08T14:18:43,nhl,401891820,2026-10-08,Philadelphia Flyers @ Ottawa Senators,PASAR,Ganador,home,1.694,0.0,"Ottawa 2-1-0 recibe a Philadelphia 0-2-2. Modelo p_home 0.607, 3.42-2.75, total 6.16; Ganador publicable, Total sin_validar. Mejor cuota del local 1.694 (fanduel), p_sharp 0.5867, p_final 0.5897, EV -0.1%. Osciladores apagados: Ottawa 3 juegos y Philadelphia 4 en la temporada; L10 de Philadelphia 0-0-4 con 1.25 gf y 4.25 ga. Porteros sin confirmar y cruce de nombres entre ESPN y Daily Faceoff (Ullmark/Ersson en Ottawa). Publico 82% de boletos y 77% del dinero al local; senal SOLO PUBLICO hacia Over 5.5 (+4.9 pp con Pinnacle quieto). PASAR: cuota 1.694 debajo de 1.70 y EV cero."
2026-10-08T14:18:43,nhl,401892457,2026-10-08,Utah Mammoth @ Boston Bruins,PASAR,Ganador,away,1.8,0.0,"Boston 2-0-2 contra Utah 3-0-1. Modelo casi parejo: p_home 0.4872, 3.14-3.16, total 6.22; Ganador publicable, Total sin_validar. Lado propuesto Utah a 1.80 (draftkings), p_sharp 0.5431, p_final 0.5386, EV -3.06%. Linea abre -115 local y esta en +105: 4.33 pp hacia la visita. Publico 67% de boletos a Utah y 72% del dinero. Total: la linea subio 5.5 -> 6.0. PASAR: EV negativo en los dos lados."
2026-10-08T14:18:43,nhl,401892458,2026-10-08,Dallas Stars @ Buffalo Sabres,PASAR,Ganador,home,2.07,0.0,"Buffalo 2-0-1 (ELO 1544.9, power 4) recibe a Dallas 1-0-2 (ELO 1534.6, power 7). Modelo p_home 0.5557, 3.36-2.98, total 6.24 contra linea 6.5; Ganador publicable, Total sin_validar. Buffalo a 2.07 en pinnacle: p_sharp 0.4716, p_modelo 0.5557, edge 7.3 pp, p_final 0.4842, EV +0.23%. Dinero contra Buffalo: 40% de boletos y 23% del dinero al local. Total subio 5.5 -> 6.5. PASAR: EV +0.23% debajo del umbral de 2%; el edge del modelo no sobrevive la mezcla."
2026-10-08T14:18:43,nhl,401892459,2026-10-08,Nashville Predators @ Montreal Canadiens,PICK,Ganador,away,2.6,1.0,"Montreal 1-0-2 (ELO 1527.8, power 10) recibe a Nashville 1-0-2 (ELO 1474.4, power 25). Modelo p_home 0.5532 / p_away 0.4468, 3.42-3.05, total 6.31 contra linea 6.5; Ganador publicable, Total sin_validar. Nashville a 2.60 en everygame contra p_sharp 0.3842 (Pinnacle justo ~2.60): edge del modelo 6.3 pp, p_final 0.3936, EV +2.33%, ev_sharp -0.001. Todo el margen sale de tomar la mejor cuota de 18 casas, no de una ventaja medida contra el cierre. Publico 93% de boletos y 99% del dinero a Montreal; linea bajo -198 -> -180 (2.05 pp hacia Nashville). Osciladores apagados (3 juegos por lado). Sensibilidad al peso del modelo: EV +7.94% con w 0.50, +3.89% con w 0.25, +0.85% con w 0.06 (el unico valor medido, en futbol y NFL). PICK por la regla: publicable, edge 6.3 pp sobre el umbral de 3 pp, cuota 2.60 arriba de 1.70, EV +2.33%."
2026-10-08T14:18:43,nhl,401892460,2026-10-08,Minnesota Wild @ Tampa Bay Lightning,PASAR,Ganador,home,1.69,0.0,"Tampa Bay 2-0-1 (ELO 1552.4, power 3) recibe a Minnesota 2-0-1 (ELO 1538.3, power 6). Modelo p_home 0.5531, 3.30-2.94, total 6.19 contra linea 5.5; Ganador publicable, Total sin_validar. Mejor cuota del local 1.69 (betmgm), p_sharp 0.5884, EV -1.46%; Minnesota a 2.37 en pinnacle, EV -1.20%. pick_top en null: ningun lado de ganador o totales pasa de PASAR. Publico 85% de boletos y 75% del dinero al local y 92% de boletos al Over. PASAR: sin lado con EV positivo y cuota del favorito debajo de 1.70."
2026-10-08T14:18:43,nhl,401892461,2026-10-08,Vancouver Canucks @ Carolina Hurricanes,PASAR,Ganador,home,1.3,0.0,"Carolina 2-0-2 (ELO 1585.1, power 1) recibe a Vancouver 2-0-2 (ELO 1418.9, power 31) que viene de back-to-back con 1 dia de descanso. Modelo p_home 0.7473, 4.13-2.51, total 6.39 contra linea 6.5; confianza alta; Ganador publicable, Total sin_validar. Ganador local a 1.30: EV -2.39% y cuota debajo de 1.70. El unico EV positivo es Over 6.5 a 2.20 con EV +7.98%, pero el mercado de totales de NHL esta sin validar y el modelo carga el over (p media 0.431 contra 0.415 real), asi que no es pick. Senal SHARP hacia Carolina (+2.6 pp); publico 95% de boletos y 97.5% del dinero al local. PASAR: la mejor lectura es Over 6.5 y le falta validacion del mercado."
2026-10-08T14:18:43,nhl,401892462,2026-10-08,Chicago Blackhawks @ New York Islanders,PASAR,Ganador,home,1.581,0.0,"New York Islanders 1-0-2 (ELO 1482.9, power 21) recibe a Chicago 1-0-3 (ELO 1415.1, power 32). Modelo p_home 0.657, 3.60-2.63, total 6.18 contra linea 5.5; confianza alta; Ganador publicable, Total sin_validar. Mejor cuota del local 1.581 (fanduel), p_sharp 0.6279, p_final 0.6323, EV -0.04%; Chicago a 2.65, EV -2.55%. pick_top en null. Linea bajo -205 -> -185 (2.23 pp hacia Chicago); publico 92% de boletos y 88% del dinero a los Islanders. PASAR: cuota del favorito debajo de 1.70 y EV cero."
2026-10-08T14:18:43,nhl,401891825,2026-10-08,San Jose Sharks @ St. Louis Blues,PASAR,Ganador,home,1.704,0.0,"St. Louis 1-0-2 (ELO 1500.8, power 18) recibe a San Jose 2-0-1 (ELO 1442.8, power 30). Modelo p_home 0.6044, 3.37-2.72, total 6.12 contra linea 5.5; Ganador publicable, Total sin_validar. Local a 1.704 (draftkings): p_sharp 0.5844, edge del modelo 4.1 pp, p_final 0.5874, EV +0.09%. La linea abrio +100 al local y esta en -142: 8.52 pp hacia St. Louis, pero la senal dice SOLO PUBLICO hacia St. Louis (+9.2 pp con Pinnacle quieto), o sea movimiento de casas publicas sin respaldo sharp. Publico 69% de boletos y 65% del dinero al local. PASAR: EV +0.09% debajo del umbral y el movimiento no es sharp."
2026-10-08T14:18:43,nhl,401892463,2026-10-08,Colorado Avalanche @ Calgary Flames,PICK,Ganador,home,3.08,1.0,"Calgary 0-0-3 (ELO 1445.3, power 29, racha L3, L10 1.0 gf y 5.333 ga) recibe a Colorado 2-0-1 (ELO 1581.3, power 2) que llega en back-to-back. Modelo p_home 0.3816 / p_away 0.6184, 2.75-3.38, total 6.14 contra linea 6.5; Ganador publicable, Total sin_validar. Calgary a 3.08 en lowvig contra p_mercado 0.325 sin vig: edge del modelo 5.7 pp, EV +2.64%. Argumento independiente medido en este repo sobre 8,470 partidos de NHL: la visita en back-to-back gana 39.6% contra 49.3% con 3 o mas dias de descanso, -9.7 pp con z -4.11; el modelo no mete ese ajuste, asi que empuja la probabilidad real de Calgary arriba de 0.3816, no abajo. Publico extremo en contra: 7% de boletos y 1% del dinero a Calgary. Sensibilidad al peso del modelo: EV +7.32% con w 0.50, +2.37% con w 0.25, -1.31% con w 0.06. El Over 6.5 a 2.25 marca EV +6.65% pero el mercado esta sin validar. PICK por la regla: publicable, edge 5.7 pp sobre el umbral, cuota 3.08 arriba de 1.70, EV +2.64%, mas una capa medida a favor."
2026-10-08T14:18:43,nhl,401892464,2026-10-08,Toronto Maple Leafs @ Vegas Golden Knights,PASAR,Ganador,home,1.617,0.0,"Vegas 3-0-1 (ELO 1542.7, power 5) recibe a Toronto 2-0-2 (ELO 1464.8, power 27). Modelo p_home 0.7139, 4.00-2.62, total 6.38 contra linea 6.5; confianza alta; Ganador publicable, Total sin_validar. Mejor cuota del local 1.617 (williamhill): p_sharp 0.6049, p_modelo 0.7139, p_final 0.6212, EV +0.46%; Toronto a 2.50, EV -5.31%. Over 6.5 a 2.15 marca EV +2.12% pero sin validar. Publico 92% de boletos y 78% del dinero a Vegas y 93% de boletos al Over. PASAR: cuota 1.617 debajo de 1.70."
2026-10-08T14:18:43,mlb,401907993,2026-10-08,Cleveland Guardians @ Chicago White Sox,LEAN,Ganador,home,2.0,0.0,"ALDS Juego 4 en Rate Field, Chicago White Sox arriba 2-1 en la serie. Registros de temporada 88-79 local y 86-79 visita. Modelo p_home 0.5372, 4.42-4.06, total 8.48 contra linea 7.0; confianza baja; Ganador publicable, Total y Spread sin_validar. Chicago a +100 (2.00) en draftkings: p_mercado sin vig 0.4783, edge 5.89 pp, pero p_final 0.4871 y EV -2.57%: el precio de 2.00 esta debajo del justo del mercado y la mezcla se come el edge. Abridores: Hagen Smith por Chicago con 1.6 IP por salida y marcado bullpen_game (ERA 1.31, FIP 2.59, K9 12.32, BB9 5.50 en 21 apariciones); Parker Messick por Cleveland con 5.4 IP por salida (ERA 2.67, FIP 2.87, K9 10.5, BB9 2.17). Bullpen de 3 dias: Chicago 373 lanzamientos con 11 relevistas, Cleveland 243 con 8. Forma: Chicago L10 7-3 Subiendo status Hot (RSI10 72.2, estocastico 79.5) con racha L1 tras perder 9-3; Cleveland L10 6-4 Average Down (RSI10 75.0, MACD +0.611) con racha W1. Splits: Chicago 48-34 en casa, Cleveland 45-37 de visita. H2H historico 23-38 a favor de Cleveland. Linea: ML abre -107 local y esta en +100 (1.52 pp hacia Cleveland); el total bajo 7.5 -> 7.0. Publico 57% de boletos y 65% del dinero al local, 74% de boletos al Over. ESPN da 0.511 al local. Clima 14.7 C, viento 8.4 km/h, lluvia 2%. LEAN: el modelo prefiere el local y la forma lo apoya, pero sin EV positivo contra la mejor cuota no hay pick. La hora no coincide entre fuentes: el volcado dice 18:00 CDMX, ESPN 8:00 PM EDT y mercado_publico 15:00 CDMX."
2026-10-08T14:18:43,nfl,401872980,2026-10-08,Tampa Bay Buccaneers @ Dallas Cowboys,PASAR,Ganador,away,4.6,0.0,"Tampa Bay 0-4 en Dallas 2-2, AT&T Stadium techado. Baker Mayfield esta OUT en el reporte de lesiones; tambien fuera Antoine Winfield Jr., SirVocea Dennis y Benjamin Morrison. Modelo p_home 0.6648, 26.2-22.7, total 48.9 contra linea 47.5; confianza alta; Ganador, Total y Spread publicables; capas medidas aplicadas (L5 +0.20 y EPA neto x10 +0.52: +6.6 pp al local, de 0.5991 a 0.6648). El sistema marca valor en Tampa Bay a +360 (4.60) con edge 12.66 pp y EV +4.69%, y alerta activa por diferencia grande con el mercado. El mercado movio la linea de -205 a -470 en el local (14.66 pp) y el spread de -3.5 a -8.5: ese movimiento es el precio de la ausencia de Mayfield, que el modelo no conoce porque jugadores y lesiones son contexto y no cambian probabilidades. Osciladores apagados por temporada corta (4 juegos por lado) pero consistentes: Tampa Bay RSI5 9.1, RSI10 13.9, estocastico 0.0, elo_mom10 -48.2, L10 0-0-4 con 19.0 anotados y 24.0 recibidos, residuo pitagorico -0.128; Dallas RSI10 31.6, elo_mom10 -22.3, L10 2-2 con 30.5 anotados y 28.0 recibidos, ou4 O-O-O-O. Publico 94% de boletos y 89% del dinero a Dallas, 72% de boletos y 84% del dinero al Over; brecha sharp-publico -0.39 pp. ESPN da 0.861 al local. Consenso 3 de 3 al local. PASAR: el EV positivo del visitante es un falso positivo del modelo, que no descuenta al titular ausente."
2026-10-09T01:06:23,nhl,401892465,2026-10-09,Seattle Kraken @ Detroit Red Wings,LEAN,Ganador,home,1.735,0.0,"Detroit 1-2-0 recibe a Seattle 2-2-0; Gibson confirmado en DET, Daccord sin confirmar en SEA. Modelo 58.7% DET, 3.26-2.72; Ganador publicable (z 4.49). Pinnacle sin vig 56.7% y se movio 1.9 pp hacia DET; p final 57.7% a la mejor cuota 1.735 (betrivers): EV +0.1%. Temporada recien iniciada (3 y 4 juegos): forma y osciladores no cuentan. LEAN sin stake: falta precio, pide 1.75 para EV de +1%."
2026-10-09T01:06:23,nhl,401892466,2026-10-09,New York Rangers @ Washington Capitals,PASAR,Ganador,away,2.2,0.0,"Washington 2-1-0 recibe a Rangers 4-1-0 (W4); Thompson y Shesterkin sin confirmar. Modelo 55.3% WSH, igual a Pinnacle 55.3%; total 6.19 contra 5.5 (Total sin_validar). El lado con menos castigo es NYR a 2.20 (lowvig): p final 44.8%, EV -1.6%; WSH a 1.758 da EV -2.9%. Angulo H4 (NYR con un dia mas de descanso) medido +2.9 pp, z 1.23, no pasa. PASAR: ningun lado con EV positivo; NYR pide 2.26 para EV de +1%."
2026-10-09T01:06:23,nhl,401892467,2026-10-09,Pittsburgh Penguins @ Columbus Blue Jackets,LEAN,Ganador,home,1.87,0.0,"Columbus 1-1-0 recibe a Pittsburgh 2-2-0 (L2); Greaves y Silovs sin confirmar. Modelo 54.0% CBJ contra Pinnacle 52.2%; p final 53.1% a 1.87 (betus): EV -0.8%. Linea casi quieta (DraftKings -125 a -122, 0.6 pts hacia PIT; Pinnacle +0.4 pp hacia CBJ). Angulos a favor de CBJ: carga de 7 dias (+3.3 pp, z 1.78) y gira del visitante (+1.2 pp), sin peso. Under 6.5 a 1.97 con EV +1.2% pero el Total de NHL esta sin_validar. LEAN sin stake: pide 1.90 para EV de +1%."
2026-10-09T01:06:23,nhl,401892468,2026-10-09,Anaheim Ducks @ Winnipeg Jets,PASAR,Ganador,away,2.04,0.0,"Winnipeg 3-0-1 (W3) recibe a Anaheim 2-1-0; Hellebuyck en lista de lesionados, Skinner y Dostal sin confirmar. Modelo 50.8% WPG contra Pinnacle 52.4%; Pinnacle se movio 2.4 pp hacia Anaheim (senal SHARP), lo que veta a WPG. ANA a 2.04 (lowvig): p final 48.4%, EV -1.2%. Angulo H7 (carga de 7 dias) a favor de ANA, +3.3 pp, no pasa. PASAR: sin EV en ningun lado; ANA pide 2.09 para EV de +1%."
2026-10-09T01:06:23,npb,npb-20261010-巨人-DeNA,2026-10-09,Bay Stars @ Giants,PASAR,Ganador,home,,0.0,"Primera etapa de la Climax Series Central en Tokyo Dome (Giants 76-64-3 contra Bay Stars 71-69-3), ultimo juego el 3 y el 4 de octubre; abridores sin dato. Modelo 53.2% Giants, 3.35-3.13 carreras; Ganador publicable en NPB (z 2.65). Giants en sus ultimos 3: 0 victorias, 1 empate, 2 derrotas; Bay Stars ganaron los dos ultimos, incluido 5-2 en Tokyo Dome el 3-oct. Sin cuota de ninguna casa: PASAR; Giants valen desde 1.97 (1.05/p)."
2026-10-09T01:06:23,npb,npb-20261010-西武-日本ハム,2026-10-09,Fighters @ Lions,PASAR,Ganador,away,,0.0,"Lions 79-60-4 reciben a Fighters 78-62-3 en Belluna Dome, fecha de la primera etapa de la Climax Series; abridores sin dato. Modelo 52.5% Fighters (3.52-3.12); la forma va con Lions (W3, L5 4-1, Hot) y el puntaje Pick Premium marca lean a Lions con 46 puntos. Fighters sin jugar desde el 1-oct. Sin cuota de ninguna casa: PASAR; Fighters valen desde 2.00 y Lions desde 2.21."
