ts_utc,liga,id,fecha,home,away,ml_tickets_home,ml_money_home,spread_tickets_home,spread_money_home,total_tickets_over,total_money_over,ml_home,ml_away,spread_home,total,spread_publico,total_publico,over_odds,under_odds,num_bets,notas_home,notas_away
2026-10-04T02:48:30Z,wta,186279,2026-10-03,Lu Jia-Jing,Li Zongyu,,,,,,,,,,,,,,,,0,0
2026-10-04T02:48:30Z,wta,186276,2026-10-03,Zheng Wushuang,Qu Yihan,,,,,,,,,,,,,,,,0,1
2026-10-04T02:48:30Z,wta,186273,2026-10-03,Yujia Huang,Darya Khamutsianskaya,,,,,,,,,,,,,,,,3,1
2026-10-04T02:48:30Z,wta,184341,2026-10-03,Nikola Bartunkova,Aryna Sabalenka,,,,,,,,,,,,,,,,7,32
2026-10-04T02:48:30Z,wta,184342,2026-10-03,Sinja Kraus,Dayana Yastremska,,,,,,,,,,,,,,,,3,6
2026-10-04T02:48:30Z,atp,183511,2026-10-03,Carlos Alcaraz,Denis Shapovalov,,,,,,,,,,,,,,,,50,25
2026-10-04T02:48:30Z,wta,186277,2026-10-03,Shi Han,Chengyiyi Yuan,,,,,,,,,,,,,,,,0,3
2026-10-04T02:48:30Z,wta,186275,2026-10-03,Katarina Zavatska,Kristiana Sidorova,,,,,,,,,,,,,,,,3,4
2026-10-04T02:48:30Z,wta,186274,2026-10-03,Yang Yidi,Rina Saigo,,,,,,,,,,,,,,,,0,4
2026-10-04T02:48:30Z,wta,184198,2026-10-03,Jessica Bouzas Maneiro,Alexandra Shubladze,,,,,,,,,,,,,,,,4,7
2026-10-04T02:48:30Z,wta,184335,2026-10-03,Ekaterina Alexandrova,Diana Shnaider,,,,,,,,,,,,,,,,10,7
2026-10-04T02:48:30Z,atp,183462,2026-10-03,Hubert Hurkacz,Karen Khachanov,,,,,,,,,,,,,,,,14,16
2026-10-04T02:48:30Z,kbo,kbo-20261004HTLG0,2026-10-03,LG Twins,Kia Tigers,,,,,,,,,,,,,,,,54,43
2026-10-04T02:48:30Z,kbo,kbo-20261004OBSS0,2026-10-03,Samsung Lions,Doosan Bears,,,,,,,,,,,,,,,,51,43
2026-10-04T02:48:30Z,kbo,kbo-20261004SKNC0,2026-10-03,NC Dinos,SSG Landers,,,,,,,,,,,,,,,,5,5
2026-10-04T02:48:30Z,kbo,kbo-20261004WOHH0,2026-10-03,Hanwha Eagles,Kiwoom Heroes,,,,,,,,,,,,,,,,25,12
2026-10-04T02:48:30Z,wta,184338,2026-10-03,Polina Kudermetova,Mirra Andreeva,,,,,,,,,,,,,,,,13,19
2026-10-04T02:48:30Z,wta,186278,2026-10-03,Rinko Matsuda,Wei Sijia,,,,,,,,,,,,,,,,2,0
2026-10-04T02:48:30Z,wta,186272,2026-10-03,Priska Nugroho,Kyoka Okamura,,,,,,,,,,,,,,,,2,3
2026-10-04T02:48:30Z,wta,184334,2026-10-04,Daria Snigur,Taylah Preston,,,,,,,,,,,,,,,,9,12
2026-10-04T02:48:30Z,atp,183463,2026-10-04,Alex de Minaur,Andrey Rublev,,,,,,,,,,,,,,,,22,20
2026-10-04T02:48:30Z,wta,184336,2026-10-04,Linda Noskova,Viktorija Golubic,,,,,,,,,,,,,,,,11,9
2026-10-04T02:48:30Z,atp,183508,2026-10-04,Valentin Vacherot,Arthur Fils,,,,,,,,,,,,,,,,21,20
2026-10-04T02:48:30Z,kbo,kbo-20261004LTKT0,2026-10-04,KT Wiz,Lotte Giants,,,,,,,,,,,,,,,,25,25
2026-10-04T02:48:30Z,atp,183509,2026-10-04,Jiri Lehecka,Adolfo Daniel Vallejo,,,,,,,,,,,,,,,,11,10
2026-10-04T02:48:30Z,atp,183464,2026-10-04,Daniil Medvedev,Francisco Cerundolo,,,,,,,,,,,,,,,,26,12
2026-10-04T02:48:30Z,npb,npb-20261004-ヤクルト-広島,2026-10-04,Swallows,Carp,,,,,,,,,,,,,,,,6,3
2026-10-04T02:48:30Z,npb,npb-20261004-DeNA-阪神,2026-10-04,Bay Stars,Tigers,,,,,,,,,,,,,,,,0,93
2026-10-04T02:48:30Z,npb,npb-20261004-ロッテ-楽天,2026-10-04,Marines,Golden Eagles,,,,,,,,,,,,,,,,37,22
2026-10-04T02:48:30Z,wta,186280,2026-10-04,Mariia Golovina,Elena Micic,,,,,,,,,,,,,,,,1,2
2026-10-04T02:48:30Z,wta,186282,2026-10-04,Noma Noha Akugue,Ilay Yoruk,,,,,,,,,,,,,,,,3,2
2026-10-04T02:48:30Z,wta,186286,2026-10-04,Anastasia Tikhonova,Mariia Tkacheva,,,,,,,,,,,,,,,,1,1
2026-10-04T02:48:30Z,atp,183465,2026-10-04,Alexander Zverev,Novak Djokovic,,,,,,,,,,,,,,,,49,68
2026-10-04T02:48:30Z,wta,184339,2026-10-04,Sara Bejlek,Naomi Osaka,,,,,,,,,,,,,,,,8,18
2026-10-04T02:48:30Z,wta,186284,2026-10-04,Fiona Crawley,Alana Smith,,,,,,,,,,,,,,,,1,1
2026-10-04T02:48:30Z,wta,186281,2026-10-04,Doga Turkmen,Weronika Falkowska,,,,,,,,,,,,,,,,3,3
2026-10-04T02:48:30Z,wta,184340,2026-10-04,Karolina Muchova,Liudmila Samsonova,,,,,,,,,,,,,,,,15,9
2026-10-04T02:48:30Z,wta,186287,2026-10-04,Dalila Jakupovic,Lucija Ciric Bagaric,,,,,,,,,,,,,,,,4,2
2026-10-04T02:48:30Z,wta,186285,2026-10-04,Caroline Werner,Zhibek Kulambayeva,,,,,,,,,,,,,,,,1,1
2026-10-04T02:48:30Z,wta,186283,2026-10-04,Alya Naz Altinel,Mariam Bolkvadze,,,,,,,,,,,,,,,,3,3
2026-10-04T02:48:30Z,nfl,401872965,2026-10-04,Washington Commanders,Indianapolis Colts,28.0,26.0,66.0,59.0,8.0,8.0,175,-213,4.5,46.5,4.5,46.5,-110,-110,39324,80,84
2026-10-04T02:48:30Z,wta,184152,2026-10-04,Leolia Jeanjean,Lois Boisson,,,,,,,,,,,,,,,,7,4
2026-10-04T02:48:30Z,nfl,401872971,2026-10-04,Buffalo Bills,New England Patriots,94.0,95.0,61.0,66.0,52.0,51.0,-329,260,-7,49.5,-7.0,49.5,-115,-109,35593,73,81
2026-10-04T02:48:30Z,nfl,401872972,2026-10-04,Chicago Bears,New York Jets,88.0,87.0,55.0,61.0,59.0,56.0,-190,155,-3.5,43,-3.5,43.0,-115,-106,25647,85,78
2026-10-04T02:48:30Z,nfl,401872969,2026-10-04,Cincinnati Bengals,Jacksonville Jaguars,62.0,46.0,35.0,35.0,50.0,63.0,-145,121,-2.5,51.5,-2.5,51.5,-107,-115,38541,70,74
2026-10-04T02:48:30Z,nfl,401872966,2026-10-04,New York Giants,Arizona Cardinals,37.0,26.0,40.0,31.0,50.0,46.0,115,-139,2.5,44.5,2.5,44.5,-105,-113,29196,64,81
2026-10-04T02:48:30Z,nfl,401872970,2026-10-04,Philadelphia Eagles,Los Angeles Rams,22.0,11.0,51.0,43.0,63.0,50.0,160,-196,3.5,42.5,3.5,42.5,-111,-109,36613,81,75
2026-10-04T02:48:30Z,nfl,401872968,2026-10-04,Tampa Bay Buccaneers,Green Bay Packers,23.0,20.0,48.0,56.0,69.0,60.0,142,-173,3,39,3.0,39.0,-110,-110,29964,81,92
2026-10-04T02:48:30Z,nfl,401872973,2026-10-04,Baltimore Ravens,Tennessee Titans,97.0,86.0,68.0,74.0,56.0,58.0,-750,525,-11.5,42.5,-11.5,42.5,-110,-110,27904,62,66
2026-10-04T02:48:30Z,nfl,401872967,2026-10-04,Houston Texans,Dallas Cowboys,45.0,26.0,19.0,17.0,48.0,56.0,-160,-120,-3,48.5,-3.0,48.5,-110,-110,34386,84,84
2026-10-04T02:48:30Z,nhl,401892442,2026-10-04,Detroit Red Wings,Winnipeg Jets,67.0,7.0,37.0,37.0,91.0,95.0,-110,-110,-1.5,5.5,-1.5,5.5,-121,-100,100,91,76
2026-10-04T02:48:30Z,mlb,401908003,2026-10-04,Milwaukee Brewers,San Diego Padres,,,,,,,,,,,,,,,,94,73
2026-10-04T02:48:30Z,nfl,401872974,2026-10-04,Minnesota Vikings,Miami Dolphins,96.0,84.0,70.0,58.0,61.0,44.0,-550,406,-10,38.5,-10.0,38.5,-110,-110,25960,79,75
2026-10-04T02:48:30Z,nfl,401872976,2026-10-04,Las Vegas Raiders,Kansas City Chiefs,11.0,11.0,49.0,44.0,52.0,60.0,185,-225,4.5,47.5,4.5,47.5,-115,-105,30686,71,79
2026-10-04T02:48:30Z,nfl,401872975,2026-10-04,San Francisco 49ers,Denver Broncos,84.0,82.0,60.0,62.0,53.0,53.0,-147,123,-2.5,48.5,-2.5,48.5,-106,-111,28843,85,84
2026-10-04T02:48:30Z,nfl,401872977,2026-10-04,Seattle Seahawks,Los Angeles Chargers,94.0,84.0,52.0,61.0,57.0,57.0,-365,280,-7,42.5,-7.0,42.5,-115,-106,22537,82,81
2026-10-04T02:48:30Z,nhl,401892443,2026-10-04,New York Rangers,Utah Mammoth,84.0,47.0,,,96.0,97.0,-138,110,-1.5,5.5,,5.5,-123,102,166,53,59
2026-10-04T02:48:30Z,nba,401914127,2026-10-04,Denver Nuggets,Utah Jazz,82.0,82.0,79.0,79.0,66.0,77.0,-162,136,-3.5,237.5,-3.5,237.5,-111,-111,80,45,20
2026-10-04T02:48:30Z,nba,401918010,2026-10-04,LA Clippers,Golden State Warriors,24.0,14.0,28.0,25.0,76.0,78.0,118,-144,2.5,223.5,2.5,223.5,-116,-118,80,16,69
2026-10-04T02:48:30Z,mlb,401908014,2026-10-04,Los Angeles Dodgers,Atlanta Braves,87.0,87.0,,,69.0,71.0,-150,125,-1.5,7,,7.0,-118,-107,489,94,92
2026-10-04T02:48:30Z,nhl,401891778,2026-10-04,Anaheim Ducks,Florida Panthers,26.0,16.0,58.0,70.0,84.0,91.0,111,-136,1.5,6.5,1.5,6.5,-118,-102,217,60,88
2026-10-04T02:48:30Z,nhl,401891824,2026-10-04,Seattle Kraken,Calgary Flames,86.0,75.0,,,94.0,96.0,-155,130,-1.5,5.5,,5.5,-120,102,156,60,67
2026-10-04T02:48:30Z,nfl,401872978,2026-10-04,Carolina Panthers,Detroit Lions,11.0,10.0,36.0,37.0,48.0,58.0,164,-200,3.5,51,3.5,51.0,-114,-107,37633,83,69
2026-10-04T02:48:30Z,nhl,401892444,2026-10-04,Vancouver Canucks,Vegas Golden Knights,6.0,10.0,,,,,195,-232,1.5,6.5,,,-100,-120,146,67,62
2026-10-04T02:48:30Z,wta,184327,2026-10-04,Marie Bouzkova,Zheng Qinwen,,,,,,,,,,,,,,,,5,30
2026-10-04T02:48:30Z,wta,184328,2026-10-04,Alina Charaeva,Sonay Kartal,,,,,,,,,,,,,,,,44,15
2026-10-04T02:48:30Z,wta,184329,2026-10-04,Belinda Bencic,Ann Li,,,,,,,,,,,,,,,,5,7
2026-10-04T02:48:30Z,wta,184330,2026-10-04,Iva Jovic,Kamilla Rakhimova,,,,,,,,,,,,,,,,8,10
2026-10-04T02:48:30Z,wta,184331,2026-10-04,Jelena Ostapenko,Elise Mertens,,,,,,,,,,,,,,,,6,8
2026-10-04T02:48:30Z,wta,184332,2026-10-04,Coco Gauff,Xinran Sun,,,,,,,,,,,,,,,,30,24
2026-10-04T02:48:30Z,wta,184333,2026-10-04,Maria Sakkari,Elina Svitolina,,,,,,,,,,,,,,,,9,11
2026-10-04T02:48:30Z,wta,184337,2026-10-04,Donna Vekic,Iga Swiatek,,,,,,,,,,,,,,,,8,23
2026-10-04T02:48:30Z,kbo,kbo-20261005HTLG0,2026-10-04,LG Twins,Kia Tigers,,,,,,,,,,,,,,,,54,43
2026-10-04T02:48:30Z,kbo,kbo-20261005OBSS0,2026-10-04,Samsung Lions,Doosan Bears,,,,,,,,,,,,,,,,51,43
2026-10-04T02:48:30Z,kbo,kbo-20261005LTKT0,2026-10-04,KT Wiz,Lotte Giants,,,,,,,,,,,,,,,,25,25
2026-10-04T02:48:30Z,kbo,kbo-20261005SKNC0,2026-10-04,NC Dinos,SSG Landers,,,,,,,,,,,,,,,,5,5
2026-10-04T02:48:30Z,kbo,kbo-20261005WOHH0,2026-10-04,Hanwha Eagles,Kiwoom Heroes,,,,,,,,,,,,,,,,25,12
