game_id,game_date,season,tipo,team,opp,is_home,player_id,jugador,posicion,abridor,decision,es_goles_contra,es_tiros_contra,goles_contra,paradas,pim,pp_goles_contra,pp_tiros_contra,sh_goles_contra,sh_tiros_contra,sv_pct,tiros_contra,toi_min,x_decision,x_evenStrengthGoalsAgainst,x_evenStrengthShotsAgainst,x_goalsAgainst,x_pim,x_powerPlayGoalsAgainst,x_powerPlayShotsAgainst,x_savePctg,x_saveShotsAgainst,x_saves,x_shorthandedGoalsAgainst,x_shorthandedShotsAgainst,x_shotsAgainst,x_starter
2025021197,2026-04-02,20252026,REG,CBJ,CAR,0,8482982,J. Greaves,G,0,,0,0/0,0,0,0,0,0/0,0,0/0,,0,0.0,,0,0/0,0,0,0,0/0,,0/0,0,0,0/0,0,False
2025021197,2026-04-02,20252026,REG,CBJ,CAR,0,8478007,E. Merzlikins,G,1,L,3,15/18,5,16,0,1,0/1,1,1/2,0.7619,21,59.88,L,3,15/18,5,0,1,0/1,0.761905,16/21,16,1,1/2,21,True
2025021205,2026-04-03,20252026,REG,NYI,PHI,1,8478009,I. Sorokin,G,1,L,4,13/17,4,17,0,0,3/3,0,1/1,0.8095,21,52.83,L,4,13/17,4,0,0,3/3,0.809524,17/21,17,0,1/1,21,True
2025021205,2026-04-03,20252026,REG,NYI,PHI,1,8479496,D. Rittich,G,0,,0,0/0,0,0,0,0,0/0,0,0/0,,0,0.0,,0,0/0,0,0,0,0/0,,0/0,0,0,0/0,0,False
2025021212,2026-04-04,20252026,REG,NJD,MTL,1,8474593,J. Markstrom,G,0,,0,0/0,0,0,0,0,0/0,0,0/0,,0,0.0,,0,0/0,0,0,0,0/0,,0/0,0,0,0/0,0,False
2025021212,2026-04-04,20252026,REG,NJD,MTL,1,8474596,J. Allen,G,1,O,2,23/25,3,26,0,1,3/4,0,0/0,0.8966,29,64.88,O,2,23/25,3,0,1,3/4,0.896552,26/29,26,0,0/0,29,True
2025021213,2026-04-04,20252026,REG,WSH,BUF,1,8480313,L. Thompson,G,1,W,2,29/31,2,37,0,0,8/8,0,0/0,0.9487,39,60.0,W,2,29/31,2,0,0,8/8,0.948718,37/39,37,0,0/0,39,True
2025021213,2026-04-04,20252026,REG,WSH,BUF,1,8479292,C. Lindgren,G,0,,0,0/0,0,0,0,0,0/0,0,0/0,,0,0.0,,0,0/0,0,0,0,0/0,,0/0,0,0,0/0,0,False
2025021214,2026-04-04,20252026,REG,NYI,CAR,0,8478009,I. Sorokin,G,1,L,3,31/34,4,36,0,0,5/5,1,0/1,0.9,40,56.63,L,3,31/34,4,0,0,5/5,0.9,36/40,36,1,0/1,40,True
2025021214,2026-04-04,20252026,REG,NYI,CAR,0,8479496,D. Rittich,G,0,,0,0/0,0,0,0,0,0/0,0,0/0,,0,0.0,,0,0/0,0,0,0,0/0,,0/0,0,0,0/0,0,False
2025021215,2026-04-04,20252026,REG,CBJ,WPG,1,8482982,J. Greaves,G,1,L,2,24/26,2,24,0,0,0/0,0,0/0,0.9231,26,58.55,L,2,24/26,2,0,0,0/0,0.923077,24/26,24,0,0/0,26,True
2025021215,2026-04-04,20252026,REG,CBJ,WPG,1,8478007,E. Merzlikins,G,0,,0,0/0,0,0,0,0,0/0,0,0/0,,0,0.0,,0,0/0,0,0,0,0/0,,0/0,0,0,0/0,0,False
2025021222,2026-04-05,20252026,REG,DET,MIN,1,8476434,J. Gibson,G,0,,0,0/0,0,0,0,0,0/0,0,0/0,,0,0.0,,0,0/0,0,0,0,0/0,,0/0,0,0,0/0,0,False
2025021222,2026-04-05,20252026,REG,DET,MIN,1,8475660,C. Talbot,G,1,L,4,14/18,5,15,0,1,1/2,0,0/0,0.75,20,58.4,L,4,14/18,5,0,1,1/2,0.75,15/20,15,0,0/0,20,True
2025021223,2026-04-05,20252026,REG,FLA,PIT,0,8480193,D. Tarasov,G,1,L,4,8/12,5,18,0,1,10/11,0,0/0,0.7826,23,60.0,L,4,8/12,5,0,1,10/11,0.782609,18/23,18,0,0/0,23,True
2025021223,2026-04-05,20252026,REG,FLA,PIT,0,8475683,S. Bobrovsky,G,0,,0,0/0,0,0,0,0,0/0,0,0/0,,0,0.0,,0,0/0,0,0,0,0/0,,0/0,0,0,0/0,0,False
2025021226,2026-04-05,20252026,REG,NJD,MTL,0,8474593,J. Markstrom,G,1,W,0,13/13,0,18,0,0,3/3,0,2/2,1.0,18,60.0,W,0,13/13,0,0,0,3/3,1.0,18/18,18,0,2/2,18,True
2025021226,2026-04-05,20252026,REG,NJD,MTL,0,8474596,J. Allen,G,0,,0,0/0,0,0,0,0,0/0,0,0/0,,0,0.0,,0,0/0,0,0,0,0/0,,0/0,0,0,0/0,0,False
2025021227,2026-04-05,20252026,REG,WSH,NYR,0,8480313,L. Thompson,G,0,,0,0/0,0,0,0,0,0/0,0,0/0,,0,0.0,,0,0/0,0,0,0,0/0,,0/0,0,0,0/0,0,False
2025021227,2026-04-05,20252026,REG,WSH,NYR,0,8479292,C. Lindgren,G,1,L,6,19/25,8,25,0,2,5/7,0,1/1,0.7576,33,60.0,L,6,19/25,8,0,2,5/7,0.757576,25/33,25,0,1/1,33,True
2025021231,2026-04-06,20252026,REG,CHI,SJS,0,8481519,S. Knight,G,1,L,3,17/20,3,20,0,0,2/2,0,1/1,0.8696,23,58.68,L,3,17/20,3,0,0,2/2,0.869565,20/23,20,0,1/1,23,True
2025021231,2026-04-06,20252026,REG,CHI,SJS,0,8482821,A. Soderblom,G,0,,0,0/0,0,0,0,0,0/0,0,0/0,,0,0.0,,0,0/0,0,0,0,0/0,,0/0,0,0,0/0,0,False
2025021232,2026-04-06,20252026,REG,NSH,LAK,0,8481020,J. Annunen,G,0,,0,0/0,0,0,0,0,0/0,0,0/0,,0,0.0,,0,0/0,0,0,0,0/0,,0/0,0,0,0/0,0,False
2025021232,2026-04-06,20252026,REG,NSH,LAK,0,8477424,J. Saros,G,1,O,2,26/28,2,26,0,0,0/0,0,0/0,0.9286,28,65.0,O,2,26/28,2,0,0,0/0,0.928571,26/28,26,0,0/0,28,True
2025021233,2026-04-07,20252026,REG,FLA,MTL,0,8480193,D. Tarasov,G,1,O,2,20/22,3,29,0,1,9/10,0,0/0,0.9062,32,65.0,O,2,20/22,3,0,1,9/10,0.90625,29/32,29,0,0/0,32,True
2025021233,2026-04-07,20252026,REG,FLA,MTL,0,8475683,S. Bobrovsky,G,0,,0,0/0,0,0,0,0,0/0,0,0/0,,0,0.0,,0,0/0,0,0,0,0/0,,0/0,0,0,0/0,0,False
2025021235,2026-04-07,20252026,REG,CBJ,DET,0,8482982,J. Greaves,G,1,W,2,33/35,3,34,0,1,1/2,0,0/0,0.9189,37,63.97,W,2,33/35,3,0,1,1/2,0.918919,34/37,34,0,0/0,37,True
2025021235,2026-04-07,20252026,REG,CBJ,DET,0,8478007,E. Merzlikins,G,0,,0,0/0,0,0,0,0,0/0,0,0/0,,0,0.0,,0,0/0,0,0,0,0/0,,0/0,0,0,0/0,0,False
2025021235,2026-04-07,20252026,REG,DET,CBJ,1,8476434,J. Gibson,G,1,O,2,30/32,3,32,0,1,2/3,0,0/0,0.9143,35,65.0,O,2,30/32,3,0,1,2/3,0.914286,32/35,32,0,0/0,35,True
2025021235,2026-04-07,20252026,REG,DET,CBJ,1,8475660,C. Talbot,G,0,,0,0/0,0,0,0,0,0/0,0,0/0,,0,0.0,,0,0/0,0,0,0,0/0,,0/0,0,0,0/0,0,False
2025021236,2026-04-07,20252026,REG,NJD,PHI,1,8474593,J. Markstrom,G,1,L,3,11/14,4,15,0,1,4/5,0,0/0,0.7895,19,58.07,L,3,11/14,4,0,1,4/5,0.789474,15/19,15,0,0/0,19,True
2025021236,2026-04-07,20252026,REG,NJD,PHI,1,8474596,J. Allen,G,0,,0,0/0,0,0,0,0,0/0,0,0/0,,0,0.0,,0,0/0,0,0,0,0/0,,0/0,0,0,0/0,0,False
2025021238,2026-04-07,20252026,REG,STL,COL,1,8480981,J. Hofer,G,1,L,2,33/35,3,34,0,0,1/1,1,0/1,0.9189,37,55.85,L,2,33/35,3,0,0,1/1,0.918919,34/37,34,1,0/1,37,True
2025021238,2026-04-07,20252026,REG,STL,COL,1,8476412,J. Binnington,G,0,,0,0/0,0,0,0,0,0/0,0,0/0,,0,0.0,,0,0/0,0,0,0,0/0,,0/0,0,0,0/0,0,False
2025021239,2026-04-07,20252026,REG,CGY,DAL,0,8482445,D. Cooley,G,1,O,3,13/16,4,21,0,1,8/9,0,0/0,0.84,25,63.65,O,3,13/16,4,0,1,8/9,0.84,21/25,21,0,0/0,25,True
2025021239,2026-04-07,20252026,REG,CGY,DAL,0,8481692,D. Wolf,G,0,,0,0/0,0,0,0,0,0/0,0,0/0,,0,0.0,,0,0/0,0,0,0,0/0,,0/0,0,0,0/0,0,False
2025021243,2026-04-07,20252026,REG,NSH,ANA,0,8481020,J. Annunen,G,1,W,0,37/37,0,43,2,0,6/6,0,0/0,1.0,43,59.72,W,0,37/37,0,2,0,6/6,1.0,43/43,43,0,0/0,43,True
2025021243,2026-04-07,20252026,REG,NSH,ANA,0,8477424,J. Saros,G,0,,0,0/0,0,0,0,0,0/0,0,0/0,,0,0.0,,0,0/0,0,0,0,0/0,,0/0,0,0,0/0,0,False
2025021244,2026-04-08,20252026,REG,NYR,BUF,1,8478048,I. Shesterkin,G,1,L,4,18/22,4,22,0,0,4/4,0,0/0,0.8462,26,58.45,L,4,18/22,4,0,0,4/4,0.846154,22/26,22,0,0/0,26,True
2025021244,2026-04-08,20252026,REG,NYR,BUF,1,8471734,J. Quick,G,0,,0,0/0,0,0,0,0,0/0,0,0/0,,0,0.0,,0,0/0,0,0,0,0/0,,0/0,0,0,0/0,0,False
2025021245,2026-04-08,20252026,REG,WSH,TOR,0,8480313,L. Thompson,G,1,W,0,20/20,0,22,0,0,2/2,0,0/0,1.0,22,59.37,W,0,20/20,0,0,0,2/2,1.0,22/22,22,0,0/0,22,True
2025021245,2026-04-08,20252026,REG,WSH,TOR,0,8481064,M. Gibson,G,0,,0,0/0,0,0,0,0,0/0,0,0/0,,0,0.0,,0,0/0,0,0,0,0/0,,0/0,0,0,0/0,0,False
2025021245,2026-04-08,20252026,REG,TOR,WSH,1,8476932,A. Stolarz,G,1,,0,2/2,0,2,0,0,0/0,0,0/0,1.0,2,2.57,,0,2/2,0,0,0,0/0,1.0,2/2,2,0,0/0,2,True
2025021245,2026-04-08,20252026,REG,TOR,WSH,1,8479361,J. Woll,G,0,L,3,10/13,3,14,0,0,3/3,0,1/1,0.8235,17,57.08,L,3,10/13,3,0,0,3/3,0.823529,14/17,14,0,1/1,17,False
2025021246,2026-04-08,20252026,REG,SJS,EDM,1,8482137,Y. Askarov,G,0,,0,0/0,0,0,0,0,0/0,0,0/0,,0,0.0,,0,0/0,0,0,0,0/0,,0/0,0,0,0/0,0,False
2025021246,2026-04-08,20252026,REG,SJS,EDM,1,8477968,A. Nedeljkovic,G,1,L,2,18/20,5,21,0,3,2/5,0,1/1,0.8077,26,59.9,L,2,18/20,5,0,3,2/5,0.807692,21/26,21,0,1/1,26,True
2025021247,2026-04-09,20252026,REG,CBJ,BUF,0,8482982,J. Greaves,G,1,L,4,18/22,4,19,0,0,1/1,0,0/0,0.8261,23,57.87,L,4,18/22,4,0,0,1/1,0.826087,19/23,19,0,0/0,23,True
2025021247,2026-04-09,20252026,REG,CBJ,BUF,0,8478007,E. Merzlikins,G,0,,0,0/0,0,0,0,0,0/0,0,0/0,,0,0.0,,0,0/0,0,0,0,0/0,,0/0,0,0,0/0,0,False
2025021249,2026-04-09,20252026,REG,FLA,OTT,0,8480193,D. Tarasov,G,0,,0,0/0,0,0,0,0,0/0,0,0/0,,0,0.0,,0,0/0,0,0,0,0/0,,0/0,0,0,0/0,0,False
2025021249,2026-04-09,20252026,REG,FLA,OTT,0,8475683,S. Bobrovsky,G,1,L,3,20/23,4,21,0,1,1/2,0,0/0,0.84,25,59.2,L,3,20/23,4,0,1,1/2,0.84,21/25,21,0,0/0,25,True
2025021250,2026-04-09,20252026,REG,DET,PHI,1,8476434,J. Gibson,G,1,W,1,7/8,2,13,0,1,6/7,0,0/0,0.8667,15,30.67,W,1,7/8,2,0,1,6/7,0.866667,13/15,13,0,0/0,15,True
2025021250,2026-04-09,20252026,REG,DET,PHI,1,8475660,C. Talbot,G,0,,1,10/11,1,11,0,0,1/1,0,0/0,0.9167,12,29.33,,1,10/11,1,0,0,1/1,0.916667,11/12,11,0,0/0,12,False
2025021251,2026-04-09,20252026,REG,NJD,PIT,1,8474593,J. Markstrom,G,0,,0,0/0,0,0,0,0,0/0,0,0/0,,0,0.0,,0,0/0,0,0,0,0/0,,0/0,0,0,0/0,0,False
2025021251,2026-04-09,20252026,REG,NJD,PIT,1,8474596,J. Allen,G,1,L,4,24/28,4,25,0,0,1/1,0,0/0,0.8621,29,59.25,L,4,24/28,4,0,0,1/1,0.862069,25/29,25,0,0/0,29,True
2025021252,2026-04-09,20252026,REG,TOR,NYI,0,8479361,J. Woll,G,0,,0,0/0,0,0,0,0,0/0,0,0/0,,0,0.0,,0,0/0,0,0,0,0/0,,0/0,0,0,0/0,0,False
2025021252,2026-04-09,20252026,REG,TOR,NYI,0,8482515,A. Akhtyamov,G,1,L,3,32/35,5,39,0,2,7/9,0,0/0,0.8864,44,56.38,L,3,32/35,5,0,2,7/9,0.886364,39/44,39,0,0/0,44,True
2025021252,2026-04-09,20252026,REG,NYI,TOR,1,8478009,I. Sorokin,G,1,W,2,12/14,3,13,0,1,1/2,0,0/0,0.8125,16,59.53,W,2,12/14,3,0,1,1/2,0.8125,13/16,13,0,0/0,16,True
2025021252,2026-04-09,20252026,REG,NYI,TOR,1,8479496,D. Rittich,G,0,,0,0/0,0,0,0,0,0/0,0,0/0,,0,0.0,,0,0/0,0,0,0,0/0,,0/0,0,0,0/0,0,False
2025021253,2026-04-09,20252026,REG,WPG,STL,0,8477480,E. Comrie,G,0,,0,0/0,0,0,0,0,0/0,0,0/0,,0,0.0,,0,0/0,0,0,0,0/0,,0/0,0,0,0/0,0,False
2025021253,2026-04-09,20252026,REG,WPG,STL,0,8476945,C. Hellebuyck,G,1,W,1,17/18,2,20,0,1,3/4,0,0/0,0.9091,22,60.0,W,1,17/18,2,0,1,3/4,0.909091,20/22,20,0,0/0,22,True
2025021253,2026-04-09,20252026,REG,STL,WPG,1,8480981,J. Hofer,G,0,,0,0/0,0,0,0,0,0/0,0,0/0,,0,0.0,,0,0/0,0,0,0,0/0,,0/0,0,0,0/0,0,False
2025021253,2026-04-09,20252026,REG,STL,WPG,1,8476412,J. Binnington,G,1,L,3,24/27,3,31,0,0,5/5,0,2/2,0.9118,34,58.55,L,3,24/27,3,0,0,5/5,0.911765,31/34,31,0,2/2,34,True
2025021255,2026-04-09,20252026,REG,CHI,CAR,1,8481519,S. Knight,G,1,L,7,14/21,7,15,0,0,0/0,0,1/1,0.6818,22,59.92,L,7,14/21,7,0,0,0/0,0.681818,15/22,15,0,1/1,22,True
2025021255,2026-04-09,20252026,REG,CHI,CAR,1,8482821,A. Soderblom,G,0,,0,0/0,0,0,0,0,0/0,0,0/0,,0,0.0,,0,0/0,0,0,0,0/0,,0/0,0,0,0/0,0,False
2025021256,2026-04-09,20252026,REG,CGY,COL,0,8482445,D. Cooley,G,0,,0,0/0,0,0,0,0,0/0,0,0/0,,0,0.0,,0,0/0,0,0,0,0/0,,0/0,0,0,0/0,0,False
2025021256,2026-04-09,20252026,REG,CGY,COL,0,8481692,D. Wolf,G,1,L,1,34/35,2,38,0,1,2/3,0,2/2,0.95,40,57.63,L,1,34/35,2,0,1,2/3,0.95,38/40,38,0,2/2,40,True
2025021257,2026-04-09,20252026,REG,NSH,UTA,0,8481020,J. Annunen,G,0,,0,0/0,0,0,0,0,0/0,0,0/0,,0,0.0,,0,0/0,0,0,0,0/0,,0/0,0,0,0/0,0,False
2025021257,2026-04-09,20252026,REG,NSH,UTA,0,8477424,J. Saros,G,1,L,3,22/25,4,23,0,1,1/2,0,0/0,0.8519,27,59.7,L,3,22/25,4,0,1,1/2,0.851852,23/27,23,0,0/0,27,True
2025021258,2026-04-09,20252026,REG,SJS,ANA,0,8482137,Y. Askarov,G,1,L,4,22/26,6,24,0,2,2/4,0,0/0,0.8,30,60.0,L,4,22/26,6,0,2,2/4,0.8,24/30,24,0,0/0,30,True
2025021258,2026-04-09,20252026,REG,SJS,ANA,0,8477968,A. Nedeljkovic,G,0,,0,0/0,0,0,0,0,0/0,0,0/0,,0,0.0,,0,0/0,0,0,0,0/0,,0/0,0,0,0/0,0,False
2025021259,2026-04-09,20252026,REG,SEA,VGK,1,8478916,J. Daccord,G,1,W,2,31/33,3,32,0,1,0/1,0,1/1,0.9143,35,65.0,W,2,31/33,3,0,1,0/1,0.914286,32/35,32,0,1/1,35,True
2025021259,2026-04-09,20252026,REG,SEA,VGK,1,8483668,N. Kokko,G,0,,0,0/0,0,0,0,0,0/0,0,0/0,,0,0.0,,0,0/0,0,0,0,0/0,,0/0,0,0,0/0,0,False
2025021260,2026-04-09,20252026,REG,VAN,LAK,0,8480238,J. Patera,G,0,,0,0/0,0,0,0,0,0/0,0,0/0,,0,0.0,,0,0/0,0,0,0,0/0,,0/0,0,0,0/0,0,False
2025021260,2026-04-09,20252026,REG,VAN,LAK,0,8484268,N. Tolopilo,G,1,L,4,22/26,4,22,0,0,0/0,0,0/0,0.8462,26,56.3,L,4,22/26,4,0,0,0/0,0.846154,22/26,22,0,0/0,26,True
2025021262,2026-04-11,20252026,REG,NYI,OTT,1,8478009,I. Sorokin,G,1,L,0,7/7,2,13,0,1,5/6,1,1/2,0.8667,15,56.95,L,0,7/7,2,0,1,5/6,0.866667,13/15,13,1,1/2,15,True
2025021262,2026-04-11,20252026,REG,NYI,OTT,1,8479496,D. Rittich,G,0,,0,0/0,0,0,0,0,0/0,0,0/0,,0,0.0,,0,0/0,0,0,0,0/0,,0/0,0,0,0/0,0,False
2025021263,2026-04-11,20252026,REG,WSH,PIT,0,8480313,L. Thompson,G,1,W,3,8/11,3,8,0,0,0/0,0,0/0,0.7273,11,60.0,W,3,8/11,3,0,0,0/0,0.727273,8/11,8,0,0/0,11,True
2025021263,2026-04-11,20252026,REG,WSH,PIT,0,8481064,M. Gibson,G,0,,0,0/0,0,0,0,0,0/0,0,0/0,,0,0.0,,0,0/0,0,0,0,0/0,,0/0,0,0,0/0,0,False
2025021265,2026-04-11,20252026,REG,NJD,DET,0,8474596,J. Allen,G,1,W,3,21/24,3,25,0,0,4/4,0,0/0,0.8929,28,60.0,W,3,21/24,3,0,0,4/4,0.892857,25/28,25,0,0/0,28,True
2025021265,2026-04-11,20252026,REG,NJD,DET,0,8482076,N. Daws,G,0,,0,0/0,0,0,0,0,0/0,0,0/0,,0,0.0,,0,0/0,0,0,0,0/0,,0/0,0,0,0/0,0,False
2025021265,2026-04-11,20252026,REG,DET,NJD,1,8476434,J. Gibson,G,1,L,4,28/32,4,28,0,0,0/0,0,0/0,0.875,32,58.75,L,4,28/32,4,0,0,0/0,0.875,28/32,28,0,0/0,32,True
2025021265,2026-04-11,20252026,REG,DET,NJD,1,8475660,C. Talbot,G,0,,0,0/0,0,0,0,0,0/0,0,0/0,,0,0.0,,0,0/0,0,0,0,0/0,,0/0,0,0,0/0,0,False
2025021266,2026-04-11,20252026,REG,STL,CHI,0,8480981,J. Hofer,G,1,W,3,26/29,3,31,0,0,5/5,0,0/0,0.9118,34,60.0,W,3,26/29,3,0,0,5/5,0.911765,31/34,31,0,0/0,34,True
2025021266,2026-04-11,20252026,REG,STL,CHI,0,8476412,J. Binnington,G,0,,0,0/0,0,0,0,0,0/0,0,0/0,,0,0.0,,0,0/0,0,0,0,0/0,,0/0,0,0,0/0,0,False
2025021266,2026-04-11,20252026,REG,CHI,STL,1,8481519,S. Knight,G,0,,0,0/0,0,0,0,0,0/0,0,0/0,,0,0.0,,0,0/0,0,0,0,0/0,,0/0,0,0,0/0,0,False
2025021266,2026-04-11,20252026,REG,CHI,STL,1,8482821,A. Soderblom,G,1,L,4,22/26,5,23,0,1,0/1,0,1/1,0.8214,28,57.47,L,4,22/26,5,0,1,0/1,0.821429,23/28,23,0,1/1,28,True
2025021267,2026-04-11,20252026,REG,NSH,MIN,1,8481020,J. Annunen,G,1,W,1,19/20,1,21,0,0,2/2,0,0/0,0.9545,22,60.0,W,1,19/20,1,0,0,2/2,0.954545,21/22,21,0,0/0,22,True
2025021267,2026-04-11,20252026,REG,NSH,MIN,1,8477424,J. Saros,G,0,,0,0/0,0,0,0,0,0/0,0,0/0,,0,0.0,,0,0/0,0,0,0,0/0,,0/0,0,0,0/0,0,False
2025021268,2026-04-11,20252026,REG,NYR,DAL,0,8478048,I. Shesterkin,G,1,L,0,12/12,1,17,0,1,5/6,0,0/0,0.9444,18,59.53,L,0,12/12,1,0,1,5/6,0.944444,17/18,17,0,0/0,18,True
2025021268,2026-04-11,20252026,REG,NYR,DAL,0,8482193,D. Garand,G,0,,0,0/0,0,0,0,0,0/0,0,0/0,,0,0.0,,0,0/0,0,0,0,0/0,,0/0,0,0,0/0,0,False
2025021270,2026-04-11,20252026,REG,FLA,TOR,0,8480193,D. Tarasov,G,1,W,1,14/15,2,17,0,1,2/3,0,1/1,0.8947,19,60.0,W,1,14/15,2,0,1,2/3,0.894737,17/19,17,0,1/1,19,True
2025021270,2026-04-11,20252026,REG,FLA,TOR,0,8475683,S. Bobrovsky,G,0,,0,0/0,0,0,0,0,0/0,0,0/0,,0,0.0,,0,0/0,0,0,0,0/0,,0/0,0,0,0/0,0,False
2025021270,2026-04-11,20252026,REG,TOR,FLA,1,8479361,J. Woll,G,1,L,4,19/23,4,19,0,0,0/0,0,0/0,0.8261,23,57.92,L,4,19/23,4,0,0,0/0,0.826087,19/23,19,0,0/0,23,True
2025021270,2026-04-11,20252026,REG,TOR,FLA,1,8482515,A. Akhtyamov,G,0,,0,0/0,0,0,0,0,0/0,0,0/0,,0,0.0,,0,0/0,0,0,0,0/0,,0/0,0,0,0/0,0,False
2025021271,2026-04-11,20252026,REG,CBJ,MTL,0,8482982,J. Greaves,G,1,W,1,16/17,2,20,0,1,4/5,0,0/0,0.9091,22,60.0,W,1,16/17,2,0,1,4/5,0.909091,20/22,20,0,0/0,22,True
2025021271,2026-04-11,20252026,REG,CBJ,MTL,0,8478007,E. Merzlikins,G,0,,0,0/0,0,0,0,0,0/0,0,0/0,,0,0.0,,0,0/0,0,0,0,0/0,,0/0,0,0,0/0,0,False
2025021272,2026-04-11,20252026,REG,WPG,PHI,1,8477480,E. Comrie,G,0,,2,1/3,2,1,0,0,0/0,0,0/0,0.3333,3,20.0,,2,1/3,2,0,0,0/0,0.333333,1/3,1,0,0/0,3,False
2025021272,2026-04-11,20252026,REG,WPG,PHI,1,8476945,C. Hellebuyck,G,1,L,4,12/16,5,15,0,0,2/2,1,1/2,0.75,20,40.0,L,4,12/16,5,0,0,2/2,0.75,15/20,15,1,1/2,20,True
2025021273,2026-04-11,20252026,REG,CGY,SEA,0,8482445,D. Cooley,G,1,L,3,15/18,3,17,0,0,2/2,0,0/0,0.85,20,58.8,L,3,15/18,3,0,0,2/2,0.85,17/20,17,0,0/0,20,True
2025021273,2026-04-11,20252026,REG,CGY,SEA,0,8481692,D. Wolf,G,0,,0,0/0,0,0,0,0,0/0,0,0/0,,0,0.0,,0,0/0,0,0,0,0/0,,0/0,0,0,0/0,0,False
2025021273,2026-04-11,20252026,REG,SEA,CGY,1,8484910,V. Ostman,G,0,,0,0/0,0,0,0,0,0/0,0,0/0,,0,0.0,,0,0/0,0,0,0,0/0,,0/0,0,0,0/0,0,False
2025021273,2026-04-11,20252026,REG,SEA,CGY,1,8483668,N. Kokko,G,1,W,1,24/25,1,26,0,0,0/0,0,2/2,0.963,27,60.0,W,1,24/25,1,0,0,0/0,0.962963,26/27,26,0,2/2,27,True
2025021275,2026-04-11,20252026,REG,VAN,SJS,0,8480947,K. Lankinen,G,1,W,3,28/31,3,29,0,0,1/1,0,0/0,0.9062,32,64.93,W,3,28/31,3,0,0,1/1,0.90625,29/32,29,0,0/0,32,True
2025021275,2026-04-11,20252026,REG,VAN,SJS,0,8484268,N. Tolopilo,G,0,,0,0/0,0,0,0,0,0/0,0,0/0,,0,0.0,,0,0/0,0,0,0,0/0,,0/0,0,0,0/0,0,False
2025021275,2026-04-11,20252026,REG,SJS,VAN,1,8482137,Y. Askarov,G,1,O,1,28/29,3,38,0,2,9/11,0,1/1,0.9268,41,65.0,O,1,28/29,3,0,2,9/11,0.926829,38/41,38,0,1/1,41,True
2025021275,2026-04-11,20252026,REG,SJS,VAN,1,8477968,A. Nedeljkovic,G,0,,0,0/0,0,0,0,0,0/0,0,0/0,,0,0.0,,0,0/0,0,0,0,0/0,,0/0,0,0,0/0,0,False
2025021276,2026-04-12,20252026,REG,WSH,PIT,1,8483532,C. Stevenson,G,0,,0,0/0,0,0,0,0,0/0,0,0/0,,0,0.0,,0,0/0,0,0,0,0/0,,0/0,0,0,0/0,0,False
2025021276,2026-04-12,20252026,REG,WSH,PIT,1,8480313,L. Thompson,G,1,W,0,22/22,0,24,0,0,2/2,0,0/0,1.0,24,60.0,W,0,22/22,0,0,0,2/2,1.0,24/24,24,0,0/0,24,True
2025021277,2026-04-12,20252026,REG,NYI,MTL,1,8478009,I. Sorokin,G,1,L,3,12/15,4,18,0,1,4/5,0,2/2,0.8182,22,56.95,L,3,12/15,4,0,1,4/5,0.818182,18/22,18,0,2/2,22,True
2025021277,2026-04-12,20252026,REG,NYI,MTL,1,8479496,D. Rittich,G,0,,0,0/0,0,0,0,0,0/0,0,0/0,,0,0.0,,0,0/0,0,0,0,0/0,,0/0,0,0,0/0,0,False
2025021278,2026-04-12,20252026,REG,CBJ,BOS,1,8482982,J. Greaves,G,1,L,3,18/21,3,19,0,0,0/0,0,1/1,0.8636,22,58.63,L,3,18/21,3,0,0,0/0,0.863636,19/22,19,0,1/1,22,True
2025021278,2026-04-12,20252026,REG,CBJ,BOS,1,8478007,E. Merzlikins,G,0,,0,0/0,0,0,0,0,0/0,0,0/0,,0,0.0,,0,0/0,0,0,0,0/0,,0/0,0,0,0/0,0,False
2025021279,2026-04-12,20252026,REG,OTT,NJD,0,8476999,L. Ullmark,G,0,,0,0/0,0,0,0,0,0/0,0,0/0,,0,0.0,,0,0/0,0,0,0,0/0,,0/0,0,0,0/0,0,False
2025021279,2026-04-12,20252026,REG,OTT,NJD,0,8473503,J. Reimer,G,1,O,1,16/17,4,26,0,1,9/10,2,1/3,0.8667,30,63.3,O,1,16/17,4,0,1,9/10,0.866667,26/30,26,2,1/3,30,True
2025021279,2026-04-12,20252026,REG,NJD,OTT,1,8474596,J. Allen,G,0,,0,0/0,0,0,0,0,0/0,0,0/0,,0,0.0,,0,0/0,0,0,0,0/0,,0/0,0,0,0/0,0,False
2025021279,2026-04-12,20252026,REG,NJD,OTT,1,8482076,N. Daws,G,1,W,2,20/22,3,27,0,1,7/8,0,0/0,0.9,30,63.27,W,2,20/22,3,0,1,7/8,0.9,27/30,27,0,0/0,30,True
2025021280,2026-04-12,20252026,REG,VAN,ANA,0,8480947,K. Lankinen,G,0,,0,0/0,0,0,0,0,0/0,0,0/0,,0,0.0,,0,0/0,0,0,0,0/0,,0/0,0,0,0/0,0,False
2025021280,2026-04-12,20252026,REG,VAN,ANA,0,8484268,N. Tolopilo,G,1,W,2,22/24,3,24,0,1,2/3,0,0/0,0.8889,27,64.83,W,2,22/24,3,0,1,2/3,0.888889,24/27,24,0,0/0,27,True
2025021281,2026-04-12,20252026,REG,CGY,UTA,1,8482445,D. Cooley,G,0,,0,0/0,0,0,0,0,0/0,0,0/0,,0,0.0,,0,0/0,0,0,0,0/0,,0/0,0,0,0/0,0,False
2025021281,2026-04-12,20252026,REG,CGY,UTA,1,8481692,D. Wolf,G,1,W,1,22/23,1,28,0,0,4/4,0,2/2,0.9655,29,59.98,W,1,22/23,1,0,0,4/4,0.965517,28/29,28,0,2/2,29,True
2025021282,2026-04-13,20252026,REG,DET,TBL,0,8476434,J. Gibson,G,0,,0,0/0,0,0,0,0,0/0,0,0/0,,0,0.0,,0,0/0,0,0,0,0/0,,0/0,0,0,0/0,0,False
2025021282,2026-04-13,20252026,REG,DET,TBL,0,8475660,C. Talbot,G,1,O,4,17/21,4,18,0,0,1/1,0,0/0,0.8182,22,60.45,O,4,17/21,4,0,0,1/1,0.818182,18/22,18,0,0/0,22,True
2025021283,2026-04-13,20252026,REG,NYR,FLA,0,8478048,I. Shesterkin,G,0,,0,0/0,0,0,0,0,0/0,0,0/0,,0,0.0,,0,0/0,0,0,0,0/0,,0/0,0,0,0/0,0,False
2025021283,2026-04-13,20252026,REG,NYR,FLA,0,8471734,J. Quick,G,1,L,3,12/15,3,13,0,0,0/0,0,1/1,0.8125,16,58.28,L,3,12/15,3,0,0,0/0,0.8125,13/16,13,0,1/1,16,True
2025021283,2026-04-13,20252026,REG,FLA,NYR,1,8480193,D. Tarasov,G,1,W,2,21/23,2,25,0,0,3/3,0,1/1,0.9259,27,60.0,W,2,21/23,2,0,0,3/3,0.925926,25/27,25,0,1/1,27,True
2025021283,2026-04-13,20252026,REG,FLA,NYR,1,8475683,S. Bobrovsky,G,0,,0,0/0,0,0,0,0,0/0,0,0/0,,0,0.0,,0,0/0,0,0,0,0/0,,0/0,0,0,0/0,0,False
2025021285,2026-04-13,20252026,REG,TOR,DAL,1,8479361,J. Woll,G,0,,0,0/0,0,0,0,0,0/0,0,0/0,,0,0.0,,0,0/0,0,0,0,0/0,,0/0,0,0,0/0,0,False
2025021285,2026-04-13,20252026,REG,TOR,DAL,1,8482515,A. Akhtyamov,G,1,L,5,21/25,6,27,0,1,5/6,0,1/1,0.8438,32,59.08,L,5,21/25,6,0,1,5/6,0.84375,27/32,27,0,1/1,32,True
2025021286,2026-04-13,20252026,REG,STL,MIN,1,8480981,J. Hofer,G,1,W,1,21/22,3,28,0,1,5/6,1,2/3,0.9032,31,59.83,W,1,21/22,3,0,1,5/6,0.903226,28/31,28,1,2/3,31,True
2025021286,2026-04-13,20252026,REG,STL,MIN,1,8476412,J. Binnington,G,0,,0,0/0,0,0,0,0,0/0,0,0/0,,0,0.0,,0,0/0,0,0,0,0/0,,0/0,0,0,0/0,0,False
2025021287,2026-04-13,20252026,REG,SJS,NSH,0,8482137,Y. Askarov,G,0,,0,0/0,0,0,0,0,0/0,0,0/0,,0,0.0,,0,0/0,0,0,0,0/0,,0/0,0,0,0/0,0,False
2025021287,2026-04-13,20252026,REG,SJS,NSH,0,8477968,A. Nedeljkovic,G,1,W,2,25/27,2,26,0,0,1/1,0,0/0,0.9286,28,59.88,W,2,25/27,2,0,0,1/1,0.928571,26/28,26,0,0/0,28,True
2025021287,2026-04-13,20252026,REG,NSH,SJS,1,8481020,J. Annunen,G,1,L,1,20/21,2,20,0,1,0/1,0,0/0,0.9091,22,58.13,L,1,20/21,2,0,1,0/1,0.909091,20/22,20,0,0/0,22,True
2025021287,2026-04-13,20252026,REG,NSH,SJS,1,8477424,J. Saros,G,0,,0,0/0,0,0,0,0,0/0,0,0/0,,0,0.0,,0,0/0,0,0,0,0/0,,0/0,0,0,0/0,0,False
2025021288,2026-04-13,20252026,REG,CHI,BUF,1,8481519,S. Knight,G,1,L,5,19/24,5,21,0,0,2/2,0,0/0,0.8077,26,59.68,L,5,19/24,5,0,0,2/2,0.807692,21/26,21,0,0/0,26,True
2025021288,2026-04-13,20252026,REG,CHI,BUF,1,8482821,A. Soderblom,G,0,,0,0/0,0,0,0,0,0/0,0,0/0,,0,0.0,,0,0/0,0,0,0,0/0,,0/0,0,0,0/0,0,False
2025021290,2026-04-13,20252026,REG,WPG,VGK,0,8477480,E. Comrie,G,0,,0,0/0,0,0,0,0,0/0,0,0/0,,0,0.0,,0,0/0,0,0,0,0/0,,0/0,0,0,0/0,0,False
2025021290,2026-04-13,20252026,REG,WPG,VGK,0,8476945,C. Hellebuyck,G,1,L,3,18/21,6,32,0,2,13/15,1,1/2,0.8421,38,60.0,L,3,18/21,6,0,2,13/15,0.842105,32/38,32,1,1/2,38,True
2025021291,2026-04-13,20252026,REG,LAK,SEA,0,8476341,A. Forsberg,G,1,W,3,28/31,3,30,0,0,0/0,0,2/2,0.9091,33,60.0,W,3,28/31,3,0,0,0/0,0.909091,30/33,30,0,2/2,33,True
2025021291,2026-04-13,20252026,REG,LAK,SEA,0,8475311,D. Kuemper,G,0,,0,0/0,0,0,0,0,0/0,0,0/0,,0,0.0,,0,0/0,0,0,0,0/0,,0/0,0,0,0/0,0,False
2025021291,2026-04-13,20252026,REG,SEA,LAK,1,8484910,V. Ostman,G,0,,0,0/0,0,0,0,0,0/0,0,0/0,,0,0.0,,0,0/0,0,0,0,0/0,,0/0,0,0,0/0,0,False
2025021291,2026-04-13,20252026,REG,SEA,LAK,1,8483668,N. Kokko,G,1,L,4,23/27,4,25,0,0,2/2,0,0/0,0.8621,29,57.68,L,4,23/27,4,0,0,2/2,0.862069,25/29,25,0,0/0,29,True
2025021292,2026-04-14,20252026,REG,NJD,BOS,0,8474596,J. Allen,G,0,,0,0/0,0,0,0,0,0/0,0,0/0,,0,0.0,,0,0/0,0,0,0,0/0,,0/0,0,0,0/0,0,False
2025021292,2026-04-14,20252026,REG,NJD,BOS,0,8482076,N. Daws,G,1,L,4,22/26,4,22,0,0,0/0,0,0/0,0.8462,26,60.0,L,4,22/26,4,0,0,0/0,0.846154,22/26,22,0,0/0,26,True
2025021293,2026-04-14,20252026,REG,NYI,CAR,1,8478009,I. Sorokin,G,0,,0,0/0,0,0,0,0,0/0,0,0/0,,0,0.0,,0,0/0,0,0,0,0/0,,0/0,0,0,0/0,0,False
2025021293,2026-04-14,20252026,REG,NYI,CAR,1,8479496,D. Rittich,G,1,L,2,18/20,2,19,0,0,1/1,0,0/0,0.9048,21,56.48,L,2,18/20,2,0,0,1/1,0.904762,19/21,19,0,0/0,21,True
2025021295,2026-04-14,20252026,REG,WSH,CBJ,0,8483532,C. Stevenson,G,1,W,1,22/23,1,27,0,0,4/4,0,1/1,0.9643,28,59.62,W,1,22/23,1,0,0,4/4,0.964286,27/28,27,0,1/1,28,True
2025021295,2026-04-14,20252026,REG,WSH,CBJ,0,8480313,L. Thompson,G,0,,0,0/0,0,0,0,0,0/0,0,0/0,,0,0.0,,0,0/0,0,0,0,0/0,,0/0,0,0,0/0,0,False
2025021295,2026-04-14,20252026,REG,CBJ,WSH,1,8482982,J. Greaves,G,1,L,1,12/13,2,19,0,1,7/8,0,0/0,0.9048,21,58.4,L,1,12/13,2,0,1,7/8,0.904762,19/21,19,0,0/0,21,True
2025021295,2026-04-14,20252026,REG,CBJ,WSH,1,8478007,E. Merzlikins,G,0,,0,0/0,0,0,0,0,0/0,0,0/0,,0,0.0,,0,0/0,0,0,0,0/0,,0/0,0,0,0/0,0,False
2025021297,2026-04-14,20252026,REG,WPG,UTA,0,8477480,E. Comrie,G,1,L,2,24/26,4,31,0,2,6/8,0,1/1,0.8857,35,59.43,L,2,24/26,4,0,2,6/8,0.885714,31/35,31,0,1/1,35,True
2025021297,2026-04-14,20252026,REG,WPG,UTA,0,8476945,C. Hellebuyck,G,0,,0,0/0,0,0,0,0,0/0,0,0/0,,0,0.0,,0,0/0,0,0,0,0/0,,0/0,0,0,0/0,0,False
2025021298,2026-04-14,20252026,REG,CGY,COL,1,8482445,D. Cooley,G,0,,0,0/0,0,0,0,0,0/0,0,0/0,,0,0.0,,0,0/0,0,0,0,0/0,,0/0,0,0,0/0,0,False
2025021298,2026-04-14,20252026,REG,CGY,COL,1,8481692,D. Wolf,G,1,L,2,30/32,2,35,0,0,4/4,0,1/1,0.9459,37,59.42,L,2,30/32,2,0,0,4/4,0.945946,35/37,35,0,1/1,37,True
2025021299,2026-04-14,20252026,REG,STL,PIT,1,8480981,J. Hofer,G,0,,0,0/0,0,0,0,0,0/0,0,0/0,,0,0.0,,0,0/0,0,0,0,0/0,,0/0,0,0,0/0,0,False
2025021299,2026-04-14,20252026,REG,STL,PIT,1,8476412,J. Binnington,G,1,W,5,17/22,5,18,0,0,1/1,0,0/0,0.7826,23,60.0,W,5,17/22,5,0,0,1/1,0.782609,18/23,18,0,0/0,23,True
2025021300,2026-04-14,20252026,REG,LAK,VAN,0,8476341,A. Forsberg,G,0,,0,0/0,0,0,0,0,0/0,0,0/0,,0,0.0,,0,0/0,0,0,0,0/0,,0/0,0,0,0/0,0,False
2025021300,2026-04-14,20252026,REG,LAK,VAN,0,8475311,D. Kuemper,G,1,O,3,16/19,4,21,0,1,3/4,0,2/2,0.84,25,62.57,O,3,16/19,4,0,1,3/4,0.84,21/25,21,0,2/2,25,True
2025021300,2026-04-14,20252026,REG,VAN,LAK,1,8480947,K. Lankinen,G,1,W,3,29/32,3,31,0,0,2/2,0,0/0,0.9118,34,62.97,W,3,29/32,3,0,0,2/2,0.911765,31/34,31,0,0/0,34,True
2025021300,2026-04-14,20252026,REG,VAN,LAK,1,8484268,N. Tolopilo,G,0,,0,0/0,0,0,0,0,0/0,0,0/0,,0,0.0,,0,0/0,0,0,0,0/0,,0/0,0,0,0/0,0,False
2025021302,2026-04-15,20252026,REG,NYR,TBL,0,8478048,I. Shesterkin,G,0,,0,0/0,0,0,0,0,0/0,0,0/0,,0,0.0,,0,0/0,0,0,0,0/0,,0/0,0,0,0/0,0,False
2025021302,2026-04-15,20252026,REG,NYR,TBL,0,8482193,D. Garand,G,1,W,2,22/24,2,29,0,0,7/7,0,0/0,0.9355,31,60.0,W,2,22/24,2,0,0,7/7,0.935484,29/31,29,0,0/0,31,True
2025021303,2026-04-15,20252026,REG,DET,FLA,0,8476434,J. Gibson,G,1,L,3,10/13,4,11,0,1,1/2,0,0/0,0.7333,15,31.9,L,3,10/13,4,0,1,1/2,0.733333,11/15,11,0,0/0,15,True
2025021303,2026-04-15,20252026,REG,DET,FLA,0,8475660,C. Talbot,G,0,,4,9/13,4,9,0,0,0/0,0,0/0,0.6923,13,28.1,,4,9/13,4,0,0,0/0,0.692308,9/13,9,0,0/0,13,False
2025021303,2026-04-15,20252026,REG,FLA,DET,1,8480193,D. Tarasov,G,1,W,1,19/20,1,25,0,0,5/5,0,1/1,0.9615,26,60.0,W,1,19/20,1,0,0,5/5,0.961538,25/26,25,0,1/1,26,True
2025021303,2026-04-15,20252026,REG,FLA,DET,1,8475683,S. Bobrovsky,G,0,,0,0/0,0,0,0,0,0/0,0,0/0,,0,0.0,,0,0/0,0,0,0,0/0,,0/0,0,0,0/0,0,False
2025021304,2026-04-15,20252026,REG,TOR,OTT,0,8483710,D. Hildeby,G,1,L,0,28/28,2,35,0,2,5/7,0,2/2,0.9459,37,58.13,L,0,28/28,2,0,2,5/7,0.945946,35/37,35,0,2/2,37,True
2025021304,2026-04-15,20252026,REG,TOR,OTT,0,8479361,J. Woll,G,0,,0,0/0,0,0,0,0,0/0,0,0/0,,0,0.0,,0,0/0,0,0,0,0/0,,0/0,0,0,0/0,0,False
2025021304,2026-04-15,20252026,REG,OTT,TOR,1,8476999,L. Ullmark,G,0,,0,0/0,0,0,0,0,0/0,0,0/0,,0,0.0,,0,0/0,0,0,0,0/0,,0/0,0,0,0/0,0,False
2025021304,2026-04-15,20252026,REG,OTT,TOR,1,8473503,J. Reimer,G,1,W,1,18/19,1,19,0,0,1/1,0,0/0,0.95,20,60.0,W,1,18/19,1,0,0,1/1,0.95,19/20,19,0,0/0,20,True
2025021305,2026-04-15,20252026,REG,SJS,CHI,0,8482137,Y. Askarov,G,1,L,5,14/19,5,19,0,0,5/5,0,0/0,0.7917,24,59.65,L,5,14/19,5,0,0,5/5,0.791667,19/24,19,0,0/0,24,True
2025021305,2026-04-15,20252026,REG,SJS,CHI,0,8477968,A. Nedeljkovic,G,0,,0,0/0,0,0,0,0,0/0,0,0/0,,0,0.0,,0,0/0,0,0,0,0/0,,0/0,0,0,0/0,0,False
2025021305,2026-04-15,20252026,REG,CHI,SJS,1,8481519,S. Knight,G,1,W,1,15/16,2,15,0,1,0/1,0,0/0,0.8824,17,60.0,W,1,15/16,2,0,1,0/1,0.882353,15/17,15,0,0/0,17,True
2025021305,2026-04-15,20252026,REG,CHI,SJS,1,8482821,A. Soderblom,G,0,,0,0/0,0,0,0,0,0/0,0,0/0,,0,0.0,,0,0/0,0,0,0,0/0,,0/0,0,0,0/0,0,False
2025021306,2026-04-15,20252026,REG,SEA,VGK,0,8484910,V. Ostman,G,0,,0,0/0,0,0,0,0,0/0,0,0/0,,0,0.0,,0,0/0,0,0,0,0/0,,0/0,0,0,0/0,0,False
2025021306,2026-04-15,20252026,REG,SEA,VGK,0,8483668,N. Kokko,G,1,L,4,21/25,4,22,0,0,1/1,0,0/0,0.8462,26,60.0,L,4,21/25,4,0,0,1/1,0.846154,22/26,22,0,0/0,26,True
2025021307,2026-04-16,20252026,REG,NSH,ANA,1,8481020,J. Annunen,G,0,,0,0/0,0,0,0,0,0/0,0,0/0,,0,0.0,,0,0/0,0,0,0,0/0,,0/0,0,0,0/0,0,False
2025021307,2026-04-16,20252026,REG,NSH,ANA,1,8477424,J. Saros,G,1,L,4,25/29,5,35,0,1,10/11,0,0/0,0.875,40,59.42,L,4,25/29,5,0,1,10/11,0.875,35/40,35,0,0/0,40,True
2025021308,2026-04-16,20252026,REG,SJS,WPG,0,8482137,Y. Askarov,G,0,,0,0/0,0,0,0,0,0/0,0,0/0,,0,0.0,,0,0/0,0,0,0,0/0,,0/0,0,0,0/0,0,False
2025021308,2026-04-16,20252026,REG,SJS,WPG,0,8477968,A. Nedeljkovic,G,1,W,1,19/20,1,26,0,0,5/5,0,2/2,0.963,27,60.0,W,1,19/20,1,0,0,5/5,0.962963,26/27,26,0,2/2,27,True
2025021308,2026-04-16,20252026,REG,WPG,SJS,1,8477480,E. Comrie,G,1,L,5,25/30,6,27,0,1,2/3,0,0/0,0.8182,33,60.0,L,5,25/30,6,0,1,2/3,0.818182,27/33,27,0,0/0,33,True
2025021308,2026-04-16,20252026,REG,WPG,SJS,1,8476945,C. Hellebuyck,G,0,,0,0/0,0,0,0,0,0/0,0,0/0,,0,0.0,,0,0/0,0,0,0,0/0,,0/0,0,0,0/0,0,False
2025021309,2026-04-16,20252026,REG,STL,UTA,0,8480981,J. Hofer,G,1,W,3,20/23,3,20,0,0,0/0,0,0/0,0.8696,23,60.0,W,3,20/23,3,0,0,0/0,0.869565,20/23,20,0,0/0,23,True
2025021309,2026-04-16,20252026,REG,STL,UTA,0,8476412,J. Binnington,G,0,,0,0/0,0,0,0,0,0/0,0,0/0,,0,0.0,,0,0/0,0,0,0,0/0,,0/0,0,0,0/0,0,False
2025021310,2026-04-16,20252026,REG,LAK,CGY,0,8476341,A. Forsberg,G,1,L,1,13/14,2,17,0,1,3/4,0,1/1,0.8947,19,58.58,L,1,13/14,2,0,1,3/4,0.894737,17/19,17,0,1/1,19,True
2025021310,2026-04-16,20252026,REG,LAK,CGY,0,8475311,D. Kuemper,G,0,,0,0/0,0,0,0,0,0/0,0,0/0,,0,0.0,,0,0/0,0,0,0,0/0,,0/0,0,0,0/0,0,False
2025021310,2026-04-16,20252026,REG,CGY,LAK,1,8481692,D. Wolf,G,0,,0,0/0,0,0,0,0,0/0,0,0/0,,0,0.0,,0,0/0,0,0,0,0/0,,0/0,0,0,0/0,0,False
2025021310,2026-04-16,20252026,REG,CGY,LAK,1,8482949,A. Sergeev,G,1,W,1,25/26,1,27,0,0,2/2,0,0/0,0.9643,28,60.0,W,1,25/26,1,0,0,2/2,0.964286,27/28,27,0,0/0,28,True
2025021311,2026-04-16,20252026,REG,VAN,EDM,0,8480947,K. Lankinen,G,1,L,4,21/25,6,29,0,2,7/9,0,1/1,0.8286,35,60.0,L,4,21/25,6,0,2,7/9,0.828571,29/35,29,0,1/1,35,True
2025021311,2026-04-16,20252026,REG,VAN,EDM,0,8484268,N. Tolopilo,G,0,,0,0/0,0,0,0,0,0/0,0,0/0,,0,0.0,,0,0/0,0,0,0,0/0,,0/0,0,0,0/0,0,False
2025021312,2026-04-16,20252026,REG,SEA,COL,0,8484910,V. Ostman,G,1,L,2,28/30,2,33,0,0,5/5,0,0/0,0.9429,35,57.17,L,2,28/30,2,0,0,5/5,0.942857,33/35,33,0,0/0,35,True
2025021312,2026-04-16,20252026,REG,SEA,COL,0,8483668,N. Kokko,G,0,,0,0/0,0,0,0,0,0/0,0,0/0,,0,0.0,,0,0/0,0,0,0,0/0,,0/0,0,0,0/0,0,False
2025030131,2026-04-18,20252026,POST,OTT,CAR,0,8476999,L. Ullmark,G,1,L,2,17/19,2,27,0,0,9/9,0,1/1,0.931,29,56.82,L,2,17/19,2,0,0,9/9,0.931034,27/29,27,0,1/1,29,True
2025030131,2026-04-18,20252026,POST,OTT,CAR,0,8473503,J. Reimer,G,0,,0,0/0,0,0,0,0,0/0,0,0/0,,0,0.0,,0,0/0,0,0,0,0/0,,0/0,0,0,0/0,0,False
2025030161,2026-04-18,20252026,POST,DAL,MIN,1,8479193,C. DeSmith,G,0,,0,0/0,0,0,0,0,0/0,0,0/0,,0,0.0,,0,0/0,0,0,0,0/0,,0/0,0,0,0/0,0,False
2025030161,2026-04-18,20252026,POST,DAL,MIN,1,8479979,J. Oettinger,G,1,L,3,18/21,5,23,0,2,5/7,0,0/0,0.8214,28,58.57,L,3,18/21,5,0,2,5/7,0.821429,23/28,23,0,0/0,28,True
2025030151,2026-04-19,20252026,POST,LAK,COL,0,8476341,A. Forsberg,G,1,L,2,25/27,2,30,0,0,5/5,0,0/0,0.9375,32,58.7,L,2,25/27,2,0,0,5/5,0.9375,30/32,30,0,0/0,32,True
2025030151,2026-04-19,20252026,POST,LAK,COL,0,8475311,D. Kuemper,G,0,,0,0/0,0,0,0,0,0/0,0,0/0,,0,0.0,,0,0/0,0,0,0,0/0,,0/0,0,0,0/0,0,False
2025030132,2026-04-20,20252026,POST,OTT,CAR,0,8476999,L. Ullmark,G,1,L,2,42/44,3,46,0,1,2/3,0,2/2,0.9388,49,93.57,L,2,42/44,3,0,1,2/3,0.938776,46/49,46,0,2/2,49,True
2025030132,2026-04-20,20252026,POST,OTT,CAR,0,8473503,J. Reimer,G,0,,0,0/0,0,0,0,0,0/0,0,0/0,,0,0.0,,0,0/0,0,0,0,0/0,,0/0,0,0,0/0,0,False
2025030142,2026-04-20,20252026,POST,PIT,PHI,1,8481668,A. Silovs,G,0,,0,0/0,0,0,0,0,0/0,0,0/0,,0,0.0,,0,0/0,0,0,0,0/0,,0/0,0,0,0/0,0,False
2025030142,2026-04-20,20252026,POST,PIT,PHI,1,8479973,S. Skinner,G,1,L,1,13/14,2,21,0,0,6/6,1,2/3,0.913,23,59.52,L,1,13/14,2,0,0,6/6,0.913043,21/23,21,1,2/3,23,True
2025030162,2026-04-20,20252026,POST,DAL,MIN,1,8479193,C. DeSmith,G,0,,0,0/0,0,0,0,0,0/0,0,0/0,,0,0.0,,0,0/0,0,0,0,0/0,,0/0,0,0,0/0,0,False
2025030162,2026-04-20,20252026,POST,DAL,MIN,1,8479979,J. Oettinger,G,1,W,2,21/23,2,28,0,0,5/5,0,2/2,0.9333,30,60.0,W,2,21/23,2,0,0,5/5,0.933333,28/30,28,0,2/2,30,True
2025030181,2026-04-20,20252026,POST,EDM,ANA,1,8477465,T. Jarry,G,0,,0,0/0,0,0,0,0,0/0,0,0/0,,0,0.0,,0,0/0,0,0,0,0/0,,0/0,0,0,0/0,0,False
2025030181,2026-04-20,20252026,POST,EDM,ANA,1,8478971,C. Ingram,G,1,W,2,23/25,3,25,0,1,2/3,0,0/0,0.8929,28,60.0,W,2,23/25,3,0,1,2/3,0.892857,25/28,25,0,0/0,28,True
2025030122,2026-04-21,20252026,POST,TBL,MTL,1,8477992,J. Johansson,G,0,,0,0/0,0,0,0,0,0/0,0,0/0,,0,0.0,,0,0/0,0,0,0,0/0,,0/0,0,0,0/0,0,False
2025030122,2026-04-21,20252026,POST,TBL,MTL,1,8476883,A. Vasilevskiy,G,1,W,1,18/19,2,25,0,1,6/7,0,1/1,0.9259,27,72.23,W,1,18/19,2,0,1,6/7,0.925926,25/27,25,0,1/1,27,True
2025030152,2026-04-21,20252026,POST,LAK,COL,0,8476341,A. Forsberg,G,1,L,2,27/29,2,34,0,0,5/5,0,2/2,0.9444,36,67.73,L,2,27/29,2,0,0,5/5,0.944444,34/36,34,0,2/2,36,True
2025030152,2026-04-21,20252026,POST,LAK,COL,0,8475311,D. Kuemper,G,0,,0,0/0,0,0,0,0,0/0,0,0/0,,0,0.0,,0,0/0,0,0,0,0/0,,0/0,0,0,0/0,0,False
2025030172,2026-04-21,20252026,POST,UTA,VGK,0,8477970,V. Vanecek,G,0,,0,0/0,0,0,0,0,0/0,0,0/0,,0,0.0,,0,0/0,0,0,0,0/0,,0/0,0,0,0/0,0,False
2025030172,2026-04-21,20252026,POST,UTA,VGK,0,8478872,K. Vejmelka,G,1,W,1,15/16,2,19,0,1,3/4,0,1/1,0.9048,21,59.5,W,1,15/16,2,0,1,3/4,0.904762,19/21,19,0,1/1,21,True
2025030143,2026-04-22,20252026,POST,PIT,PHI,0,8481668,A. Silovs,G,0,,0,0/0,0,0,0,0,0/0,0,0/0,,0,0.0,,0,0/0,0,0,0,0/0,,0/0,0,0,0/0,0,False
2025030143,2026-04-22,20252026,POST,PIT,PHI,0,8479973,S. Skinner,G,1,L,2,16/18,4,24,0,2,7/9,0,1/1,0.8571,28,58.02,L,2,16/18,4,0,2,7/9,0.857143,24/28,24,0,1/1,28,True
2025030163,2026-04-22,20252026,POST,DAL,MIN,0,8479193,C. DeSmith,G,0,,0,0/0,0,0,0,0,0/0,0,0/0,,0,0.0,,0,0/0,0,0,0,0/0,,0/0,0,0,0/0,0,False
2025030163,2026-04-22,20252026,POST,DAL,MIN,0,8479979,J. Oettinger,G,1,W,2,21/23,3,29,0,1,6/7,0,2/2,0.9062,32,92.17,W,2,21/23,3,0,1,6/7,0.90625,29/32,29,0,2/2,32,True
2025030182,2026-04-22,20252026,POST,EDM,ANA,1,8477465,T. Jarry,G,0,,0,0/0,0,0,0,0,0/0,0,0/0,,0,0.0,,0,0/0,0,0,0,0/0,,0/0,0,0,0/0,0,False
2025030182,2026-04-22,20252026,POST,EDM,ANA,1,8478971,C. Ingram,G,1,L,2,17/19,5,22,0,2,5/7,1,0/1,0.8148,27,59.25,L,2,17/19,5,0,2,5/7,0.814815,22/27,22,1,0/1,27,True
2025030113,2026-04-23,20252026,POST,BOS,BUF,1,8480280,J. Swayman,G,1,L,2,16/18,2,27,0,0,9/9,0,2/2,0.931,29,58.23,L,2,16/18,2,0,0,9/9,0.931034,27/29,27,0,2/2,29,True
2025030113,2026-04-23,20252026,POST,BOS,BUF,1,8476914,J. Korpisalo,G,0,,0,0/0,0,0,0,0,0/0,0,0/0,,0,0.0,,0,0/0,0,0,0,0/0,,0/0,0,0,0/0,0,False
2025030133,2026-04-23,20252026,POST,OTT,CAR,1,8476999,L. Ullmark,G,1,L,2,20/22,2,25,0,0,3/3,0,2/2,0.9259,27,58.02,L,2,20/22,2,0,0,3/3,0.925926,25/27,25,0,2/2,27,True
2025030133,2026-04-23,20252026,POST,OTT,CAR,1,8473503,J. Reimer,G,0,,0,0/0,0,0,0,0,0/0,0,0/0,,0,0.0,,0,0/0,0,0,0,0/0,,0/0,0,0,0/0,0,False
2025030153,2026-04-23,20252026,POST,LAK,COL,1,8476341,A. Forsberg,G,1,L,2,17/19,3,19,0,0,2/2,1,0/1,0.8636,22,57.93,L,2,17/19,3,0,0,2/2,0.863636,19/22,19,1,0/1,22,True
2025030153,2026-04-23,20252026,POST,LAK,COL,1,8475311,D. Kuemper,G,0,,0,0/0,0,0,0,0,0/0,0,0/0,,0,0.0,,0,0/0,0,0,0,0/0,,0/0,0,0,0/0,0,False
2025030123,2026-04-24,20252026,POST,TBL,MTL,0,8477992,J. Johansson,G,0,,0,0/0,0,0,0,0,0/0,0,0/0,,0,0.0,,0,0/0,0,0,0,0/0,,0/0,0,0,0/0,0,False
2025030123,2026-04-24,20252026,POST,TBL,MTL,0,8476883,A. Vasilevskiy,G,1,L,3,19/22,3,26,0,0,5/5,0,2/2,0.8966,29,62.15,L,3,19/22,3,0,0,5/5,0.896552,26/29,26,0,2/2,29,True
2025030173,2026-04-24,20252026,POST,UTA,VGK,1,8477970,V. Vanecek,G,0,,0,0/0,0,0,0,0,0/0,0,0/0,,0,0.0,,0,0/0,0,0,0,0/0,,0/0,0,0,0/0,0,False
2025030173,2026-04-24,20252026,POST,UTA,VGK,1,8478872,K. Vejmelka,G,1,W,2,23/25,2,30,0,0,7/7,0,0/0,0.9375,32,60.0,W,2,23/25,2,0,0,7/7,0.9375,30/32,30,0,0/0,32,True
2025030183,2026-04-24,20252026,POST,EDM,ANA,0,8477465,T. Jarry,G,0,,0,0/0,0,0,0,0,0/0,0,0/0,,0,0.0,,0,0/0,0,0,0,0/0,,0/0,0,0,0/0,0,False
2025030183,2026-04-24,20252026,POST,EDM,ANA,0,8478971,C. Ingram,G,1,L,5,25/30,6,32,0,1,7/8,0,0/0,0.8421,38,59.4,L,5,25/30,6,0,1,7/8,0.842105,32/38,32,0,0/0,38,True
2025030134,2026-04-25,20252026,POST,OTT,CAR,1,8476999,L. Ullmark,G,1,L,1,16/17,2,26,0,1,6/7,0,4/4,0.9286,28,58.02,L,1,16/17,2,0,1,6/7,0.928571,26/28,26,0,4/4,28,True
2025030134,2026-04-25,20252026,POST,OTT,CAR,1,8473503,J. Reimer,G,0,,0,0/0,0,0,0,0,0/0,0,0/0,,0,0.0,,0,0/0,0,0,0,0/0,,0/0,0,0,0/0,0,False
2025030144,2026-04-25,20252026,POST,PIT,PHI,0,8481668,A. Silovs,G,1,W,2,21/23,2,28,0,0,4/4,0,3/3,0.9333,30,59.93,W,2,21/23,2,0,0,4/4,0.933333,28/30,28,0,3/3,30,True
2025030144,2026-04-25,20252026,POST,PIT,PHI,0,8479973,S. Skinner,G,0,,0,0/0,0,0,0,0,0/0,0,0/0,,0,0.0,,0,0/0,0,0,0,0/0,,0/0,0,0,0/0,0,False
2025030164,2026-04-25,20252026,POST,DAL,MIN,0,8479193,C. DeSmith,G,0,,0,0/0,0,0,0,0,0/0,0,0/0,,0,0.0,,0,0/0,0,0,0,0/0,,0/0,0,0,0/0,0,False
2025030164,2026-04-25,20252026,POST,DAL,MIN,0,8479979,J. Oettinger,G,1,L,3,36/39,3,39,0,0,3/3,0,0/0,0.9286,42,79.52,L,3,36/39,3,0,0,3/3,0.928571,39/42,39,0,0/0,42,True
2025030114,2026-04-26,20252026,POST,BOS,BUF,1,8480280,J. Swayman,G,1,L,6,21/27,6,23,0,0,2/2,0,0/0,0.7931,29,46.68,L,6,21/27,6,0,0,2/2,0.793103,23/29,23,0,0/0,29,True
2025030114,2026-04-26,20252026,POST,BOS,BUF,1,8476914,J. Korpisalo,G,0,,0,3/3,0,6,0,0,3/3,0,0/0,1.0,6,13.32,,0,3/3,0,0,0,3/3,1.0,6/6,6,0,0/0,6,False
2025030124,2026-04-26,20252026,POST,TBL,MTL,0,8477992,J. Johansson,G,0,,0,0/0,0,0,0,0,0/0,0,0/0,,0,0.0,,0,0/0,0,0,0,0/0,,0/0,0,0,0/0,0,False
2025030124,2026-04-26,20252026,POST,TBL,MTL,0,8476883,A. Vasilevskiy,G,1,W,1,8/9,2,16,0,1,8/9,0,0/0,0.8889,18,60.0,W,1,8/9,2,0,1,8/9,0.888889,16/18,16,0,0/0,18,True
2025030154,2026-04-26,20252026,POST,LAK,COL,1,8476341,A. Forsberg,G,1,L,3,23/26,4,27,0,1,1/2,0,3/3,0.871,31,59.83,L,3,23/26,4,0,1,1/2,0.870968,27/31,27,0,3/3,31,True
2025030154,2026-04-26,20252026,POST,LAK,COL,1,8475311,D. Kuemper,G,0,,0,0/0,0,0,0,0,0/0,0,0/0,,0,0.0,,0,0/0,0,0,0,0/0,,0/0,0,0,0/0,0,False
2025030184,2026-04-26,20252026,POST,EDM,ANA,0,8477465,T. Jarry,G,1,L,2,27/29,4,34,0,2,6/8,0,1/1,0.8947,38,62.48,L,2,27/29,4,0,2,6/8,0.894737,34/38,34,0,1/1,38,True
2025030184,2026-04-26,20252026,POST,EDM,ANA,0,8478971,C. Ingram,G,0,,0,0/0,0,0,0,0,0/0,0,0/0,,0,0.0,,0,0/0,0,0,0,0/0,,0/0,0,0,0/0,0,False
2025030145,2026-04-27,20252026,POST,PIT,PHI,1,8481668,A. Silovs,G,1,W,2,16/18,2,18,0,0,1/1,0,1/1,0.9,20,59.8,W,2,16/18,2,0,0,1/1,0.9,18/20,18,0,1/1,20,True
2025030145,2026-04-27,20252026,POST,PIT,PHI,1,8479973,S. Skinner,G,0,,0,0/0,0,0,0,0,0/0,0,0/0,,0,0.0,,0,0/0,0,0,0,0/0,,0/0,0,0,0/0,0,False
2025030174,2026-04-27,20252026,POST,UTA,VGK,1,8477970,V. Vanecek,G,0,,0,0/0,0,0,0,0,0/0,0,0/0,,0,0.0,,0,0/0,0,0,0,0/0,,0/0,0,0,0/0,0,False
2025030174,2026-04-27,20252026,POST,UTA,VGK,1,8478872,K. Vejmelka,G,1,L,4,24/28,5,31,0,0,6/6,1,1/2,0.8611,36,79.13,L,4,24/28,5,0,0,6/6,0.861111,31/36,31,1,1/2,36,True
2025030115,2026-04-28,20252026,POST,BOS,BUF,0,8480280,J. Swayman,G,1,W,0,20/20,1,25,0,1,5/6,0,0/0,0.9615,26,69.23,W,0,20/20,1,0,1,5/6,0.961538,25/26,25,0,0/0,26,True
2025030115,2026-04-28,20252026,POST,BOS,BUF,0,8476914,J. Korpisalo,G,0,,0,0/0,0,0,0,0,0/0,0,0/0,,0,0.0,,0,0/0,0,0,0,0/0,,0/0,0,0,0/0,0,False
2025030165,2026-04-28,20252026,POST,DAL,MIN,1,8479193,C. DeSmith,G,0,,0,0/0,0,0,0,0,0/0,0,0/0,,0,0.0,,0,0/0,0,0,0,0/0,,0/0,0,0,0/0,0,False
2025030165,2026-04-28,20252026,POST,DAL,MIN,1,8479979,J. Oettinger,G,1,L,2,13/15,3,24,0,1,11/12,0,0/0,0.8889,27,55.47,L,2,13/15,3,0,1,11/12,0.888889,24/27,24,0,0/0,27,True
2025030185,2026-04-28,20252026,POST,EDM,ANA,1,8477465,T. Jarry,G,0,,0,0/0,0,0,0,0,0/0,0,0/0,,0,0.0,,0,0/0,0,0,0,0/0,,0/0,0,0,0/0,0,False
2025030185,2026-04-28,20252026,POST,EDM,ANA,1,8478971,C. Ingram,G,1,W,0,26/26,1,29,0,1,2/3,0,1/1,0.9667,30,60.0,W,0,26/26,1,0,1,2/3,0.966667,29/30,29,0,1/1,30,True
2025030125,2026-04-29,20252026,POST,TBL,MTL,1,8477992,J. Johansson,G,0,,0,0/0,0,0,0,0,0/0,0,0/0,,0,0.0,,0,0/0,0,0,0,0/0,,0/0,0,0,0/0,0,False
2025030125,2026-04-29,20252026,POST,TBL,MTL,1,8476883,A. Vasilevskiy,G,1,L,3,18/21,3,21,0,0,1/1,0,2/2,0.875,24,57.45,L,3,18/21,3,0,0,1/1,0.875,21/24,21,0,2/2,24,True
2025030146,2026-04-29,20252026,POST,PIT,PHI,0,8481668,A. Silovs,G,1,L,1,27/28,1,31,0,0,2/2,0,2/2,0.9688,32,77.53,L,1,27/28,1,0,0,2/2,0.96875,31/32,31,0,2/2,32,True
2025030146,2026-04-29,20252026,POST,PIT,PHI,0,8479973,S. Skinner,G,0,,0,0/0,0,0,0,0,0/0,0,0/0,,0,0.0,,0,0/0,0,0,0,0/0,,0/0,0,0,0/0,0,False
2025030175,2026-04-29,20252026,POST,UTA,VGK,0,8477970,V. Vanecek,G,0,,0,0/0,0,0,0,0,0/0,0,0/0,,0,0.0,,0,0/0,0,0,0,0/0,,0/0,0,0,0/0,0,False
2025030175,2026-04-29,20252026,POST,UTA,VGK,0,8478872,K. Vejmelka,G,1,L,3,28/31,5,33,0,1,2/3,1,3/4,0.8684,38,85.47,L,3,28/31,5,0,1,2/3,0.868421,33/38,33,1,3/4,38,True
2025030166,2026-04-30,20252026,POST,DAL,MIN,0,8479193,C. DeSmith,G,0,,0,0/0,0,0,0,0,0/0,0,0/0,,0,0.0,,0,0/0,0,0,0,0/0,,0/0,0,0,0/0,0,False
2025030166,2026-04-30,20252026,POST,DAL,MIN,0,8479979,J. Oettinger,G,1,L,3,12/15,3,16,0,0,4/4,0,0/0,0.8421,19,57.5,L,3,12/15,3,0,0,4/4,0.842105,16/19,16,0,0/0,19,True
2025030166,2026-04-30,20252026,POST,MIN,DAL,1,8482661,J. Wallstedt,G,1,W,1,20/21,2,21,0,1,0/1,0,1/1,0.913,23,59.12,W,1,20/21,2,0,1,0/1,0.913043,21/23,21,0,1/1,23,True
2025030166,2026-04-30,20252026,POST,MIN,DAL,1,8479406,F. Gustavsson,G,0,,0,0/0,0,0,0,0,0/0,0,0/0,,0,0.0,,0,0/0,0,0,0,0/0,,0/0,0,0,0/0,0,False
2025030186,2026-04-30,20252026,POST,EDM,ANA,0,8477465,T. Jarry,G,0,,0,0/0,0,0,0,0,0/0,0,0/0,,0,0.0,,0,0/0,0,0,0,0/0,,0/0,0,0,0/0,0,False
2025030186,2026-04-30,20252026,POST,EDM,ANA,0,8478971,C. Ingram,G,1,L,3,24/27,4,26,0,1,2/3,0,0/0,0.8667,30,56.52,L,3,24/27,4,0,1,2/3,0.866667,26/30,26,0,0/0,30,True
2025030116,2026-05-01,20252026,POST,BOS,BUF,1,8480280,J. Swayman,G,1,L,3,16/19,3,22,0,0,6/6,0,0/0,0.88,25,58.13,L,3,16/19,3,0,0,6/6,0.88,22/25,22,0,0/0,25,True
2025030116,2026-05-01,20252026,POST,BOS,BUF,1,8476914,J. Korpisalo,G,0,,0,0/0,0,0,0,0,0/0,0,0/0,,0,0.0,,0,0/0,0,0,0,0/0,,0/0,0,0,0/0,0,False
2025030126,2026-05-01,20252026,POST,TBL,MTL,0,8477992,J. Johansson,G,0,,0,0/0,0,0,0,0,0/0,0,0/0,,0,0.0,,0,0/0,0,0,0,0/0,,0/0,0,0,0/0,0,False
2025030126,2026-05-01,20252026,POST,TBL,MTL,0,8476883,A. Vasilevskiy,G,1,W,0,25/25,0,30,0,0,4/4,0,1/1,1.0,30,69.05,W,0,25/25,0,0,0,4/4,1.0,30/30,30,0,1/1,30,True
2025030176,2026-05-01,20252026,POST,UTA,VGK,1,8477970,V. Vanecek,G,0,,0,0/0,0,0,0,0,0/0,0,0/0,,0,0.0,,0,0/0,0,0,0,0/0,,0/0,0,0,0/0,0,False
2025030176,2026-05-01,20252026,POST,UTA,VGK,1,8478872,K. Vejmelka,G,1,L,3,20/23,4,21,0,1,1/2,0,0/0,0.84,25,59.35,L,3,20/23,4,0,1,1/2,0.84,21/25,21,0,0/0,25,True
2025030221,2026-05-02,20252026,POST,PHI,CAR,0,8481035,S. Ersson,G,0,,0,0/0,0,0,0,0,0/0,0,0/0,,0,0.0,,0,0/0,0,0,0,0/0,,0/0,0,0,0/0,0,False
2025030221,2026-05-02,20252026,POST,PHI,CAR,0,8478435,D. Vladar,G,1,L,3,12/15,3,20,0,0,5/5,0,3/3,0.8696,23,55.2,L,3,12/15,3,0,0,5/5,0.869565,20/23,20,0,3/3,23,True
2025030127,2026-05-03,20252026,POST,TBL,MTL,1,8477992,J. Johansson,G,0,,0,0/0,0,0,0,0,0/0,0,0/0,,0,0.0,,0,0/0,0,0,0,0/0,,0/0,0,0,0/0,0,False
2025030127,2026-05-03,20252026,POST,TBL,MTL,1,8476883,A. Vasilevskiy,G,1,L,2,7/9,2,7,0,0,0/0,0,0/0,0.7778,9,57.5,L,2,7/9,2,0,0,0/0,0.777778,7/9,7,0,0/0,9,True
2025030231,2026-05-03,20252026,POST,MIN,COL,0,8482661,J. Wallstedt,G,1,L,7,32/39,8,34,0,1,2/3,0,0/0,0.8095,42,59.47,L,7,32/39,8,0,1,2/3,0.809524,34/42,34,0,0/0,42,True
2025030231,2026-05-03,20252026,POST,MIN,COL,0,8479406,F. Gustavsson,G,0,,0,0/0,0,0,0,0,0/0,0,0/0,,0,0.0,,0,0/0,0,0,0,0/0,,0/0,0,0,0/0,0,False
2025030222,2026-05-04,20252026,POST,PHI,CAR,0,8481035,S. Ersson,G,0,,0,0/0,0,0,0,0,0/0,0,0/0,,0,0.0,,0,0/0,0,0,0,0/0,,0/0,0,0,0/0,0,False
2025030222,2026-05-04,20252026,POST,PHI,CAR,0,8478435,D. Vladar,G,1,L,2,27/29,3,39,2,1,7/8,0,5/5,0.9286,42,78.9,L,2,27/29,3,2,1,7/8,0.928571,39/42,39,0,5/5,42,True
2025030241,2026-05-04,20252026,POST,ANA,VGK,0,8480843,L. Dostal,G,1,L,2,15/17,2,19,0,0,4/4,0,0/0,0.9048,21,58.17,L,2,15/17,2,0,0,4/4,0.904762,19/21,19,0,0/0,21,True
2025030241,2026-05-04,20252026,POST,ANA,VGK,0,8478024,V. Husso,G,0,,0,0/0,0,0,0,0,0/0,0,0/0,,0,0.0,,0,0/0,0,0,0,0/0,,0/0,0,0,0/0,0,False
2025030232,2026-05-05,20252026,POST,MIN,COL,0,8482661,J. Wallstedt,G,0,,0,0/0,0,0,0,0,0/0,0,0/0,,0,0.0,,0,0/0,0,0,0,0/0,,0/0,0,0,0/0,0,False
2025030232,2026-05-05,20252026,POST,MIN,COL,0,8479406,F. Gustavsson,G,1,L,2,11/13,4,18,0,2,6/8,0,1/1,0.8182,22,57.13,L,2,11/13,4,0,2,6/8,0.818182,18/22,18,0,1/1,22,True
2025030242,2026-05-06,20252026,POST,ANA,VGK,0,8480843,L. Dostal,G,1,W,0,16/16,1,21,0,1,5/6,0,0/0,0.9545,22,60.0,W,0,16/16,1,0,1,5/6,0.954545,21/22,21,0,0/0,22,True
2025030242,2026-05-06,20252026,POST,ANA,VGK,0,8478024,V. Husso,G,0,,0,0/0,0,0,0,0,0/0,0,0/0,,0,0.0,,0,0/0,0,0,0,0/0,,0/0,0,0,0/0,0,False
2025030223,2026-05-07,20252026,POST,PHI,CAR,1,8481035,S. Ersson,G,0,,0,0/0,0,0,0,0,0/0,0,0/0,,0,0.0,,0,0/0,0,0,0,0/0,,0/0,0,0,0/0,0,False
2025030223,2026-05-07,20252026,POST,PHI,CAR,1,8478435,D. Vladar,G,1,L,1,21/22,4,27,0,2,6/8,1,0/1,0.871,31,59.9,L,1,21/22,4,0,2,6/8,0.870968,27/31,27,1,0/1,31,True
2025030212,2026-05-08,20252026,POST,BUF,MTL,1,8480045,U. Luukkonen,G,0,,0,0/0,0,0,0,0,0/0,0,0/0,,0,0.0,,0,0/0,0,0,0,0/0,,0/0,0,0,0/0,0,False
2025030212,2026-05-08,20252026,POST,BUF,MTL,1,8479312,A. Lyon,G,1,L,4,14/18,4,23,0,0,7/7,0,2/2,0.8519,27,58.22,L,4,14/18,4,0,0,7/7,0.851852,23/27,23,0,2/2,27,True
2025030243,2026-05-08,20252026,POST,ANA,VGK,1,8480843,L. Dostal,G,1,L,1,3/4,3,5,0,1,1/2,1,1/2,0.625,8,20.0,L,1,3/4,3,0,1,1/2,0.625,5/8,5,1,1/2,8,True
2025030243,2026-05-08,20252026,POST,ANA,VGK,1,8478024,V. Husso,G,0,,2,14/16,2,17,2,0,3/3,0,0/0,0.8947,19,37.82,,2,14/16,2,2,0,3/3,0.894737,17/19,17,0,0/0,19,False
2025030224,2026-05-09,20252026,POST,PHI,CAR,1,8481035,S. Ersson,G,0,,0,0/0,0,0,0,0,0/0,0,0/0,,0,0.0,,0,0/0,0,0,0,0/0,,0/0,0,0,0/0,0,False
2025030224,2026-05-09,20252026,POST,PHI,CAR,1,8478435,D. Vladar,G,1,L,3,34/37,3,37,0,0,3/3,0,0/0,0.925,40,65.52,L,3,34/37,3,0,0,3/3,0.925,37/40,37,0,0/0,40,True
2025030233,2026-05-09,20252026,POST,MIN,COL,1,8482661,J. Wallstedt,G,1,W,0,29/29,1,35,0,1,6/7,0,0/0,0.9722,36,59.95,W,0,29/29,1,0,1,6/7,0.972222,35/36,35,0,0/0,36,True
2025030233,2026-05-09,20252026,POST,MIN,COL,1,8479406,F. Gustavsson,G,0,,0,0/0,0,0,0,0,0/0,0,0/0,,0,0.0,,0,0/0,0,0,0,0/0,,0/0,0,0,0/0,0,False
2025030213,2026-05-10,20252026,POST,BUF,MTL,0,8480045,U. Luukkonen,G,0,,0,0/0,0,0,0,0,0/0,0,0/0,,0,0.0,,0,0/0,0,0,0,0/0,,0/0,0,0,0/0,0,False
2025030213,2026-05-10,20252026,POST,BUF,MTL,0,8479312,A. Lyon,G,1,L,3,23/26,5,31,0,2,7/9,0,1/1,0.8611,36,58.65,L,3,23/26,5,0,2,7/9,0.861111,31/36,31,0,1/1,36,True
2025030244,2026-05-10,20252026,POST,ANA,VGK,1,8480843,L. Dostal,G,1,W,2,11/13,3,18,0,1,6/7,0,1/1,0.8571,21,59.88,W,2,11/13,3,0,1,6/7,0.857143,18/21,18,0,1/1,21,True
2025030244,2026-05-10,20252026,POST,ANA,VGK,1,8478024,V. Husso,G,0,,0,0/0,0,0,0,0,0/0,0,0/0,,0,0.0,,0,0/0,0,0,0,0/0,,0/0,0,0,0/0,0,False
2025030234,2026-05-11,20252026,POST,COL,MIN,0,8478406,M. Blackwood,G,1,W,1,15/16,2,19,0,1,4/5,0,0/0,0.9048,21,60.0,W,1,15/16,2,0,1,4/5,0.904762,19/21,19,0,0/0,21,True
2025030234,2026-05-11,20252026,POST,COL,MIN,0,8475809,S. Wedgewood,G,0,,0,0/0,0,0,0,0,0/0,0,0/0,,0,0.0,,0,0/0,0,0,0,0/0,,0/0,0,0,0/0,0,False
2025030234,2026-05-11,20252026,POST,MIN,COL,1,8482661,J. Wallstedt,G,1,L,2,26/28,3,29,0,1,2/3,0,1/1,0.9062,32,58.5,L,2,26/28,3,0,1,2/3,0.90625,29/32,29,0,1/1,32,True
2025030234,2026-05-11,20252026,POST,MIN,COL,1,8479406,F. Gustavsson,G,0,,0,0/0,0,0,0,0,0/0,0,0/0,,0,0.0,,0,0/0,0,0,0,0/0,,0/0,0,0,0/0,0,False
2025030214,2026-05-12,20252026,POST,BUF,MTL,0,8480045,U. Luukkonen,G,1,W,1,20/21,2,29,0,1,9/10,0,0/0,0.9355,31,60.0,W,1,20/21,2,0,1,9/10,0.935484,29/31,29,0,0/0,31,True
2025030214,2026-05-12,20252026,POST,BUF,MTL,0,8479312,A. Lyon,G,0,,0,0/0,0,0,0,0,0/0,0,0/0,,0,0.0,,0,0/0,0,0,0,0/0,,0/0,0,0,0/0,0,False
2025030245,2026-05-12,20252026,POST,ANA,VGK,0,8480843,L. Dostal,G,1,L,2,27/29,3,29,0,1,2/3,0,0/0,0.9062,32,64.17,L,2,27/29,3,0,1,2/3,0.90625,29/32,29,0,0/0,32,True
2025030245,2026-05-12,20252026,POST,ANA,VGK,0,8478024,V. Husso,G,0,,0,0/0,0,0,0,0,0/0,0,0/0,,0,0.0,,0,0/0,0,0,0,0/0,,0/0,0,0,0/0,0,False
2025030235,2026-05-13,20252026,POST,MIN,COL,0,8482661,J. Wallstedt,G,1,L,4,27/31,4,30,0,0,3/3,0,0/0,0.8824,34,63.35,L,4,27/31,4,0,0,3/3,0.882353,30/34,30,0,0/0,34,True
2025030235,2026-05-13,20252026,POST,MIN,COL,0,8479406,F. Gustavsson,G,0,,0,0/0,0,0,0,0,0/0,0,0/0,,0,0.0,,0,0/0,0,0,0,0/0,,0/0,0,0,0/0,0,False
2025030235,2026-05-13,20252026,POST,COL,MIN,1,8478406,M. Blackwood,G,1,,3,6/9,3,10,0,0,4/4,0,0/0,0.7692,13,20.0,,3,6/9,3,0,0,4/4,0.769231,10/13,10,0,0/0,13,True
2025030235,2026-05-13,20252026,POST,COL,MIN,1,8475809,S. Wedgewood,G,0,W,0,7/7,0,7,0,0,0/0,0,0/0,1.0,7,43.23,W,0,7/7,0,0,0,0/0,1.0,7/7,7,0,0/0,7,False
2025030215,2026-05-14,20252026,POST,BUF,MTL,1,8480045,U. Luukkonen,G,1,L,4,18/22,5,18,0,1,0/1,0,0/0,0.7826,23,40.0,L,4,18/22,5,0,1,0/1,0.782609,18/23,18,0,0/0,23,True
2025030215,2026-05-14,20252026,POST,BUF,MTL,1,8479312,A. Lyon,G,0,,0,2/2,1,2,0,1,0/1,0,0/0,0.6667,3,13.65,,0,2/2,1,0,1,0/1,0.666667,2/3,2,0,0/0,3,False
2025030246,2026-05-14,20252026,POST,ANA,VGK,1,8480843,L. Dostal,G,1,L,3,15/18,5,16,0,1,1/2,1,0/1,0.7619,21,55.52,L,3,15/18,5,0,1,1/2,0.761905,16/21,16,1,0/1,21,True
2025030246,2026-05-14,20252026,POST,ANA,VGK,1,8478024,V. Husso,G,0,,0,0/0,0,0,0,0,0/0,0,0/0,,0,0.0,,0,0/0,0,0,0,0/0,,0/0,0,0,0/0,0,False
2025030216,2026-05-16,20252026,POST,BUF,MTL,0,8480045,U. Luukkonen,G,0,W,0,15/15,0,18,0,0,3/3,0,0/0,1.0,18,49.68,W,0,15/15,0,0,0,3/3,1.0,18/18,18,0,0/0,18,False
2025030216,2026-05-16,20252026,POST,BUF,MTL,0,8479312,A. Lyon,G,1,,1,1/2,3,1,0,1,0/1,1,0/1,0.25,4,10.23,,1,1/2,3,0,1,0/1,0.25,1/4,1,1,0/1,4,True
2025030217,2026-05-18,20252026,POST,MTL,BUF,0,8484170,J. Fowler,G,0,,0,0/0,0,0,0,0,0/0,0,0/0,,0,0.0,,0,0/0,0,0,0,0/0,,0/0,0,0,0/0,0,False
2025030217,2026-05-18,20252026,POST,MTL,BUF,0,8482487,J. Dobes,G,1,W,2,36/38,2,37,0,0,1/1,0,0/0,0.9487,39,71.37,W,2,36/38,2,0,0,1/1,0.948718,37/39,37,0,0/0,39,True
2025030217,2026-05-18,20252026,POST,BUF,MTL,1,8480045,U. Luukkonen,G,1,L,2,22/24,3,22,0,1,0/1,0,0/0,0.88,25,71.37,L,2,22/24,3,0,1,0/1,0.88,22/25,22,0,0/0,25,True
2025030217,2026-05-18,20252026,POST,BUF,MTL,1,8479312,A. Lyon,G,0,,0,0/0,0,0,0,0,0/0,0,0/0,,0,0.0,,0,0/0,0,0,0,0/0,,0/0,0,0,0/0,0,False
2025030321,2026-05-20,20252026,POST,COL,VGK,1,8478406,M. Blackwood,G,0,,0,0/0,0,0,0,0,0/0,0,0/0,,0,0.0,,0,0/0,0,0,0,0/0,,0/0,0,0,0/0,0,False
2025030321,2026-05-20,20252026,POST,COL,VGK,1,8475809,S. Wedgewood,G,1,L,2,24/26,3,24,0,1,0/1,0,0/0,0.8889,27,57.25,L,2,24/26,3,0,1,0/1,0.888889,24/27,24,0,0/0,27,True
2025030311,2026-05-21,20252026,POST,MTL,CAR,0,8484170,J. Fowler,G,0,,0,0/0,0,0,0,0,0/0,0,0/0,,0,0.0,,0,0/0,0,0,0,0/0,,0/0,0,0,0/0,0,False
2025030311,2026-05-21,20252026,POST,MTL,CAR,0,8482487,J. Dobes,G,1,W,2,26/28,2,26,0,0,0/0,0,0/0,0.9286,28,60.0,W,2,26/28,2,0,0,0/0,0.928571,26/28,26,0,0/0,28,True
2025030322,2026-05-22,20252026,POST,COL,VGK,1,8478406,M. Blackwood,G,0,,0,0/0,0,0,0,0,0/0,0,0/0,,0,0.0,,0,0/0,0,0,0,0/0,,0/0,0,0,0/0,0,False
2025030322,2026-05-22,20252026,POST,COL,VGK,1,8475809,S. Wedgewood,G,1,L,2,20/22,2,22,0,0,2/2,0,0/0,0.9167,24,55.53,L,2,20/22,2,0,0,2/2,0.916667,22/24,22,0,0/0,24,True
2025030312,2026-05-23,20252026,POST,MTL,CAR,0,8484170,J. Fowler,G,0,,0,0/0,0,0,0,0,0/0,0,0/0,,0,0.0,,0,0/0,0,0,0,0/0,,0/0,0,0,0/0,0,False
2025030312,2026-05-23,20252026,POST,MTL,CAR,0,8482487,J. Dobes,G,1,L,3,18/21,3,23,2,0,4/4,0,1/1,0.8846,26,63.48,L,3,18/21,3,2,0,4/4,0.884615,23/26,23,0,1/1,26,True
2025030323,2026-05-24,20252026,POST,COL,VGK,0,8478406,M. Blackwood,G,0,,0,0/0,0,0,0,0,0/0,0,0/0,,0,0.0,,0,0/0,0,0,0,0/0,,0/0,0,0,0/0,0,False
2025030323,2026-05-24,20252026,POST,COL,VGK,0,8475809,S. Wedgewood,G,1,L,3,11/14,4,18,0,1,6/7,0,1/1,0.8182,22,58.25,L,3,11/14,4,0,1,6/7,0.818182,18/22,18,0,1/1,22,True
2025030313,2026-05-25,20252026,POST,MTL,CAR,1,8484170,J. Fowler,G,0,,0,0/0,0,0,0,0,0/0,0,0/0,,0,0.0,,0,0/0,0,0,0,0/0,,0/0,0,0,0/0,0,False
2025030313,2026-05-25,20252026,POST,MTL,CAR,1,8482487,J. Dobes,G,1,L,3,29/32,3,36,0,0,7/7,0,0/0,0.9231,39,74.1,L,3,29/32,3,0,0,7/7,0.923077,36/39,36,0,0/0,39,True
2025030324,2026-05-26,20252026,POST,COL,VGK,0,8478406,M. Blackwood,G,1,L,2,17/19,2,24,0,0,7/7,0,0/0,0.9231,26,57.9,L,2,17/19,2,0,0,7/7,0.923077,24/26,24,0,0/0,26,True
2025030324,2026-05-26,20252026,POST,COL,VGK,0,8475809,S. Wedgewood,G,0,,0,0/0,0,0,0,0,0/0,0,0/0,,0,0.0,,0,0/0,0,0,0,0/0,,0/0,0,0,0/0,0,False
2025030314,2026-05-27,20252026,POST,MTL,CAR,1,8484170,J. Fowler,G,0,,0,0/0,0,0,0,0,0/0,0,0/0,,0,0.0,,0,0/0,0,0,0,0/0,,0/0,0,0,0/0,0,False
2025030314,2026-05-27,20252026,POST,MTL,CAR,1,8482487,J. Dobes,G,1,L,2,34/36,3,40,0,1,5/6,0,1/1,0.9302,43,59.02,L,2,34/36,3,0,1,5/6,0.930233,40/43,40,0,1/1,43,True
2025030315,2026-05-29,20252026,POST,MTL,CAR,0,8484170,J. Fowler,G,0,,0,0/0,0,0,0,0,0/0,0,0/0,,0,0.0,,0,0/0,0,0,0,0/0,,0/0,0,0,0/0,0,False
2025030315,2026-05-29,20252026,POST,MTL,CAR,0,8482487,J. Dobes,G,1,L,4,19/23,5,24,0,1,4/5,0,1/1,0.8276,29,58.37,L,4,19/23,5,0,1,4/5,0.827586,24/29,24,0,1/1,29,True
2025030412,2026-06-04,20252026,POST,VGK,CAR,0,8478499,A. Hill,G,0,,0,0/0,0,0,0,0,0/0,0,0/0,,0,0.0,,0,0/0,0,0,0,0/0,,0/0,0,0,0/0,0,False
2025030412,2026-06-04,20252026,POST,VGK,CAR,0,8479394,C. Hart,G,1,L,2,19/21,4,22,0,2,1/3,0,2/2,0.8462,26,63.53,L,2,19/21,4,0,2,1/3,0.846154,22/26,22,0,2/2,26,True
2025030412,2026-06-04,20252026,POST,CAR,VGK,1,8475883,F. Andersen,G,1,W,3,22/25,3,23,0,0,1/1,0,0/0,0.8846,26,63.93,W,3,22/25,3,0,0,1/1,0.884615,23/26,23,0,0/0,26,True
2025030412,2026-06-04,20252026,POST,CAR,VGK,1,8483548,B. Bussi,G,0,,0,0/0,0,0,0,0,0/0,0,0/0,,0,0.0,,0,0/0,0,0,0,0/0,,0/0,0,0,0/0,0,False
2025030413,2026-06-06,20252026,POST,CAR,VGK,0,8475883,F. Andersen,G,1,,3,11/14,4,12,0,1,1/2,0,0/0,0.75,16,40.0,,3,11/14,4,0,1,1/2,0.75,12/16,12,0,0/0,16,True
2025030413,2026-06-06,20252026,POST,CAR,VGK,0,8483548,B. Bussi,G,0,L,1,16/17,1,18,0,0,1/1,0,1/1,0.9474,19,45.43,L,1,16/17,1,0,0,1/1,0.947368,18/19,18,0,1/1,19,False
2025030413,2026-06-06,20252026,POST,VGK,CAR,1,8478499,A. Hill,G,0,,0,0/0,0,0,0,0,0/0,0,0/0,,0,0.0,,0,0/0,0,0,0,0/0,,0/0,0,0,0/0,0,False
2025030413,2026-06-06,20252026,POST,VGK,CAR,1,8479394,C. Hart,G,1,W,3,23/26,4,29,0,1,5/6,0,1/1,0.8788,33,85.63,W,3,23/26,4,0,1,5/6,0.878788,29/33,29,0,1/1,33,True
2025030414,2026-06-09,20252026,POST,CAR,VGK,0,8483548,B. Bussi,G,1,W,3,12/15,3,18,0,0,5/5,0,1/1,0.8571,21,60.0,W,3,12/15,3,0,0,5/5,0.857143,18/21,18,0,1/1,21,True
2025030414,2026-06-09,20252026,POST,CAR,VGK,0,8481611,P. Kochetkov,G,0,,0,0/0,0,0,0,0,0/0,0,0/0,,0,0.0,,0,0/0,0,0,0,0/0,,0/0,0,0,0/0,0,False
2025030414,2026-06-09,20252026,POST,VGK,CAR,1,8478499,A. Hill,G,0,,0,0/0,0,0,0,0,0/0,0,0/0,,0,0.0,,0,0/0,0,0,0,0/0,,0/0,0,0,0/0,0,False
2025030414,2026-06-09,20252026,POST,VGK,CAR,1,8479394,C. Hart,G,1,L,3,20/23,4,23,0,1,3/4,0,0/0,0.8519,27,58.25,L,3,20/23,4,0,1,3/4,0.851852,23/27,23,0,0/0,27,True
2025030415,2026-06-11,20252026,POST,VGK,CAR,0,8478499,A. Hill,G,0,,0,0/0,0,0,0,0,0/0,0,0/0,,0,0.0,,0,0/0,0,0,0,0/0,,0/0,0,0,0/0,0,False
2025030415,2026-06-11,20252026,POST,VGK,CAR,0,8479394,C. Hart,G,1,L,2,14/16,4,20,0,2,6/8,0,0/0,0.8333,24,57.12,L,2,14/16,4,0,2,6/8,0.833333,20/24,20,0,0/0,24,True
2025030415,2026-06-11,20252026,POST,CAR,VGK,1,8483548,B. Bussi,G,1,W,1,19/20,2,23,0,1,4/5,0,0/0,0.92,25,60.0,W,1,19/20,2,0,1,4/5,0.92,23/25,23,0,0/0,25,True
2025030415,2026-06-11,20252026,POST,CAR,VGK,1,8481611,P. Kochetkov,G,0,,0,0/0,0,0,0,0,0/0,0,0/0,,0,0.0,,0,0/0,0,0,0,0/0,,0/0,0,0,0/0,0,False
2025030416,2026-06-14,20252026,POST,CAR,VGK,0,8483548,B. Bussi,G,1,W,0,15/15,0,22,0,0,7/7,0,0/0,1.0,22,60.0,W,0,15/15,0,0,0,7/7,1.0,22/22,22,0,0/0,22,True
2025030416,2026-06-14,20252026,POST,CAR,VGK,0,8481611,P. Kochetkov,G,0,,0,0/0,0,0,0,0,0/0,0,0/0,,0,0.0,,0,0/0,0,0,0,0/0,,0/0,0,0,0/0,0,False
2025030416,2026-06-14,20252026,POST,VGK,CAR,1,8478499,A. Hill,G,0,,0,0/0,0,0,0,0,0/0,0,0/0,,0,0.0,,0,0/0,0,0,0,0/0,,0/0,0,0,0/0,0,False
2025030416,2026-06-14,20252026,POST,VGK,CAR,1,8479394,C. Hart,G,1,L,2,17/19,2,20,0,0,2/2,0,1/1,0.9091,22,58.03,L,2,17/19,2,0,0,2/2,0.909091,20/22,20,0,1/1,22,True
2026020001,2026-09-29,20262027,REG,FLA,CAR,0,8474593,J. Markstrom,G,1,W,0,7/7,0,15,0,0,7/7,0,1/1,1.0,15,64.92,W,0,7/7,0,0,0,7/7,1.0,15/15,15,0,1/1,15,True
2026020001,2026-09-29,20262027,REG,FLA,CAR,0,8481033,A. Schmid,G,0,,0,0/0,0,0,0,0,0/0,0,0/0,,0,0.0,,0,0/0,0,0,0,0/0,,0/0,0,0,0/0,0,False
2026020001,2026-09-29,20262027,REG,CAR,FLA,1,8483548,B. Bussi,G,1,O,1,13/14,1,19,0,0,4/4,0,2/2,0.95,20,64.92,O,1,13/14,1,0,0,4/4,0.95,19/20,19,0,2/2,20,True
2026020001,2026-09-29,20262027,REG,CAR,FLA,1,8481611,P. Kochetkov,G,0,,0,0/0,0,0,0,0,0/0,0,0/0,,0,0.0,,0,0/0,0,0,0,0/0,,0/0,0,0,0/0,0,False
2026020002,2026-09-29,20262027,REG,MTL,TOR,0,8478470,S. Montembeault,G,0,,0,0/0,0,0,0,0,0/0,0,0/0,,0,0.0,,0,0/0,0,0,0,0/0,,0/0,0,0,0/0,0,False
2026020002,2026-09-29,20262027,REG,MTL,TOR,0,8482487,J. Dobes,G,1,W,2,22/24,2,26,0,0,4/4,0,0/0,0.9286,28,59.6,W,2,22/24,2,0,0,4/4,0.928571,26/28,26,0,0/0,28,True
2026020002,2026-09-29,20262027,REG,TOR,MTL,1,8476932,A. Stolarz,G,0,,0,0/0,0,0,0,0,0/0,0,0/0,,0,0.0,,0,0/0,0,0,0,0/0,,0/0,0,0,0/0,0,False
2026020002,2026-09-29,20262027,REG,TOR,MTL,1,8475683,S. Bobrovsky,G,1,L,3,18/21,3,21,0,0,3/3,0,0/0,0.875,24,58.75,L,3,18/21,3,0,0,3/3,0.875,21/24,21,0,0/0,24,True
2026020003,2026-09-29,20262027,REG,NYR,BOS,0,8478048,I. Shesterkin,G,1,L,2,19/21,2,20,0,0,1/1,0,0/0,0.9091,22,59.38,L,2,19/21,2,0,0,1/1,0.909091,20/22,20,0,0/0,22,True
2026020003,2026-09-29,20262027,REG,NYR,BOS,0,8476914,J. Korpisalo,G,0,,0,0/0,0,0,0,0,0/0,0,0/0,,0,0.0,,0,0/0,0,0,0,0/0,,0/0,0,0,0/0,0,False
2026020003,2026-09-29,20262027,REG,BOS,NYR,1,8480280,J. Swayman,G,1,W,0,22/22,0,24,0,0,1/1,0,1/1,1.0,24,60.0,W,0,22/22,0,0,0,1/1,1.0,24/24,24,0,1/1,24,True
2026020003,2026-09-29,20262027,REG,BOS,NYR,1,8480022,M. DiPietro,G,0,,0,0/0,0,0,0,0,0/0,0,0/0,,0,0.0,,0,0/0,0,0,0,0/0,,0/0,0,0,0/0,0,False
2026020004,2026-09-29,20262027,REG,VAN,EDM,0,8482447,L. Meriläinen,G,0,,0,0/0,0,0,0,0,0/0,0,0/0,,0,0.0,,0,0/0,0,0,0,0/0,,0/0,0,0,0/0,0,False
2026020004,2026-09-29,20262027,REG,VAN,EDM,0,8480947,K. Lankinen,G,1,W,4,27/31,5,32,0,1,5/6,0,0/0,0.8649,37,61.72,W,4,27/31,5,0,1,5/6,0.864865,32/37,32,0,0/0,37,True
2026020004,2026-09-29,20262027,REG,EDM,VAN,1,8482221,D. Levi,G,0,,0,0/0,0,0,0,0,0/0,0,0/0,,0,0.0,,0,0/0,0,0,0,0/0,,0/0,0,0,0/0,0,False
2026020004,2026-09-29,20262027,REG,EDM,VAN,1,8477465,T. Jarry,G,1,O,4,16/20,6,17,0,1,1/2,1,0/1,0.7391,23,61.55,O,4,16/20,6,0,1,1/2,0.73913,17/23,17,1,0/1,23,True
2026020005,2026-09-29,20262027,REG,CHI,VGK,0,8481519,S. Knight,G,1,L,3,28/31,4,32,0,1,3/4,0,1/1,0.8889,36,59.78,L,3,28/31,4,0,1,3/4,0.888889,32/36,32,0,1/1,36,True
2026020005,2026-09-29,20262027,REG,CHI,VGK,0,8482821,A. Soderblom,G,0,,0,0/0,0,0,0,0,0/0,0,0/0,,0,0.0,,0,0/0,0,0,0,0/0,,0/0,0,0,0/0,0,False
2026020005,2026-09-29,20262027,REG,VGK,CHI,1,8478499,A. Hill,G,0,,0,0/0,0,0,0,0,0/0,0,0/0,,0,0.0,,0,0/0,0,0,0,0/0,,0/0,0,0,0/0,0,False
2026020005,2026-09-29,20262027,REG,VGK,CHI,1,8479394,C. Hart,G,1,W,2,20/22,2,24,0,0,2/2,0,2/2,0.9231,26,59.95,W,2,20/22,2,0,0,2/2,0.923077,24/26,24,0,2/2,26,True
2026020006,2026-09-30,20262027,REG,PIT,PHI,0,8483703,S. Murashov,G,0,,0,0/0,0,0,0,0,0/0,0,0/0,,0,0.0,,0,0/0,0,0,0,0/0,,0/0,0,0,0/0,0,False
2026020006,2026-09-30,20262027,REG,PIT,PHI,0,8481668,A. Silovs,G,1,W,0,11/11,0,19,0,0,6/6,0,2/2,1.0,19,60.0,W,0,11/11,0,0,0,6/6,1.0,19/19,19,0,2/2,19,True
2026020006,2026-09-30,20262027,REG,PHI,PIT,1,8479361,J. Woll,G,0,,0,0/0,0,0,0,0,0/0,0,0/0,,0,0.0,,0,0/0,0,0,0,0/0,,0/0,0,0,0/0,0,False
2026020006,2026-09-30,20262027,REG,PHI,PIT,1,8478435,D. Vladar,G,1,L,4,27/31,7,31,0,2,4/6,1,0/1,0.8158,38,59.68,L,4,27/31,7,0,2,4/6,0.815789,31/38,31,1,0/1,38,True
2026020007,2026-09-30,20262027,REG,LAK,COL,0,8476341,A. Forsberg,G,0,,0,0/0,0,0,0,0,0/0,0,0/0,,0,0.0,,0,0/0,0,0,0,0/0,,0/0,0,0,0/0,0,False
2026020007,2026-09-30,20262027,REG,LAK,COL,0,8475311,D. Kuemper,G,1,L,4,18/22,8,21,0,4,3/7,0,0/0,0.7241,29,59.42,L,4,18/22,8,0,4,3/7,0.724138,21/29,21,0,0/0,29,True
2026020007,2026-09-30,20262027,REG,COL,LAK,1,8478406,M. Blackwood,G,1,W,2,23/25,4,27,0,0,4/4,2,0/2,0.871,31,60.0,W,2,23/25,4,0,0,4/4,0.870968,27/31,27,2,0/2,31,True
2026020007,2026-09-30,20262027,REG,COL,LAK,1,8475809,S. Wedgewood,G,0,,0,0/0,0,0,0,0,0/0,0,0/0,,0,0.0,,0,0/0,0,0,0,0/0,,0/0,0,0,0/0,0,False
2026020008,2026-09-30,20262027,REG,NYI,TOR,0,8478009,I. Sorokin,G,1,L,1,19/20,2,24,0,1,5/6,0,0/0,0.9231,26,57.93,L,1,19/20,2,0,1,5/6,0.923077,24/26,24,0,0/0,26,True
2026020008,2026-09-30,20262027,REG,NYI,TOR,0,8473575,S. Varlamov,G,0,,0,0/0,0,0,0,0,0/0,0,0/0,,0,0.0,,0,0/0,0,0,0,0/0,,0/0,0,0,0/0,0,False
2026020008,2026-09-30,20262027,REG,TOR,NYI,1,8476932,A. Stolarz,G,1,W,0,23/23,1,26,0,0,2/2,1,1/2,0.963,27,58.37,W,0,23/23,1,0,0,2/2,0.962963,26/27,26,1,1/2,27,True
2026020008,2026-09-30,20262027,REG,TOR,NYI,1,8475683,S. Bobrovsky,G,0,,0,0/0,0,0,0,0,0/0,0,0/0,,0,0.0,,0,0/0,0,0,0,0/0,,0/0,0,0,0/0,0,False
2026020009,2026-10-01,20262027,REG,PHI,NJD,0,8479361,J. Woll,G,1,O,3,33/36,3,41,0,0,8/8,0,0/0,0.9318,44,62.82,O,3,33/36,3,0,0,8/8,0.931818,41/44,41,0,0/0,44,True
2026020009,2026-10-01,20262027,REG,PHI,NJD,0,8478435,D. Vladar,G,0,,0,0/0,0,0,0,0,0/0,0,0/0,,0,0.0,,0,0/0,0,0,0,0/0,,0/0,0,0,0/0,0,False
2026020009,2026-10-01,20262027,REG,NJD,PHI,1,8474596,J. Allen,G,1,W,2,22/24,2,23,0,0,1/1,0,0/0,0.92,25,63.38,W,2,22/24,2,0,0,1/1,0.92,23/25,23,0,0/0,25,True
2026020009,2026-10-01,20262027,REG,NJD,PHI,1,8482076,N. Daws,G,0,,0,0/0,0,0,0,0,0/0,0,0/0,,0,0.0,,0,0/0,0,0,0,0/0,,0/0,0,0,0/0,0,False
2026020010,2026-10-01,20262027,REG,TBL,NYR,0,8483710,D. Hildeby,G,0,,0,0/0,0,0,0,0,0/0,0,0/0,,0,0.0,,0,0/0,0,0,0,0/0,,0/0,0,0,0/0,0,False
2026020010,2026-10-01,20262027,REG,TBL,NYR,0,8476883,A. Vasilevskiy,G,1,L,3,18/21,4,20,0,1,2/3,0,0/0,0.8333,24,55.87,L,3,18/21,4,0,1,2/3,0.833333,20/24,20,0,0/0,24,True
2026020010,2026-10-01,20262027,REG,NYR,TBL,1,8478048,I. Shesterkin,G,1,W,1,16/17,1,24,0,0,8/8,0,0/0,0.96,25,60.0,W,1,16/17,1,0,0,8/8,0.96,24/25,24,0,0/0,25,True
2026020010,2026-10-01,20262027,REG,NYR,TBL,1,8482193,D. Garand,G,0,,0,0/0,0,0,0,0,0/0,0,0/0,,0,0.0,,0,0/0,0,0,0,0/0,,0/0,0,0,0/0,0,False
2026020011,2026-10-01,20262027,REG,BUF,CBJ,0,8480045,U. Luukkonen,G,1,L,3,12/15,5,17,0,2,4/6,0,1/1,0.7727,22,59.13,L,3,12/15,5,0,2,4/6,0.772727,17/22,17,0,1/1,22,True
2026020011,2026-10-01,20262027,REG,BUF,CBJ,0,8481551,C. Ellis,G,0,,0,0/0,0,0,0,0,0/0,0,0/0,,0,0.0,,0,0/0,0,0,0,0/0,,0/0,0,0,0/0,0,False
2026020011,2026-10-01,20262027,REG,CBJ,BUF,1,8475660,C. Talbot,G,0,,0,0/0,0,0,0,0,0/0,0,0/0,,0,0.0,,0,0/0,0,0,0,0/0,,0/0,0,0,0/0,0,False
2026020011,2026-10-01,20262027,REG,CBJ,BUF,1,8482982,J. Greaves,G,1,W,3,17/20,3,23,0,0,5/5,0,1/1,0.8846,26,60.0,W,3,17/20,3,0,0,5/5,0.884615,23/26,23,0,1/1,26,True
2026020012,2026-10-01,20262027,REG,MIN,NSH,0,8482661,J. Wallstedt,G,0,W,1,14/15,1,19,,0,5/5,0,0/0,0.95,20,59.23,W,1,14/15,1,,0,5/5,0.95,19/20,19,0,0/0,20,
2026020012,2026-10-01,20262027,REG,MIN,NSH,0,8475717,C. Pickard,G,0,,0,0/0,0,0,,0,0/0,0,0/0,,0,0.0,,0,0/0,0,,0,0/0,0.0,0/0,0,0,0/0,0,
2026020012,2026-10-01,20262027,REG,NSH,MIN,1,8481020,J. Annunen,G,0,,0,0/0,0,0,,0,0/0,0,0/0,,0,0.0,,0,0/0,0,,0,0/0,0.0,0/0,0,0,0/0,0,
2026020012,2026-10-01,20262027,REG,NSH,MIN,1,8477424,J. Saros,G,0,L,2,18/20,3,27,,1,7/8,0,2/2,0.9,30,58.32,L,2,18/20,3,,1,7/8,0.9,27/30,27,0,2/2,30,
2026020013,2026-10-01,20262027,REG,CHI,UTA,0,8481519,S. Knight,G,0,,0,0/0,0,0,0,0,0/0,0,0/0,,0,0.0,,0,0/0,0,0,0,0/0,,0/0,0,0,0/0,0,False
2026020013,2026-10-01,20262027,REG,CHI,UTA,0,8482821,A. Soderblom,G,1,L,4,24/28,6,26,0,2,1/3,0,1/1,0.8125,32,60.0,L,4,24/28,6,0,2,1/3,0.8125,26/32,26,0,1/1,32,True
2026020013,2026-10-01,20262027,REG,UTA,CHI,1,8482657,S. Cossa,G,0,,0,0/0,0,0,0,0,0/0,0,0/0,,0,0.0,,0,0/0,0,0,0,0/0,,0/0,0,0,0/0,0,False
2026020013,2026-10-01,20262027,REG,UTA,CHI,1,8478872,K. Vejmelka,G,1,W,0,14/14,0,15,0,0,1/1,0,0/0,1.0,15,60.0,W,0,14/14,0,0,0,1/1,1.0,15/15,15,0,0/0,15,True
2026020014,2026-10-01,20262027,REG,SEA,CGY,0,8475831,P. Grubauer,G,0,,0,0/0,0,0,0,0,0/0,0,0/0,,0,0.0,,0,0/0,0,0,0,0/0,,0/0,0,0,0/0,0,False
2026020014,2026-10-01,20262027,REG,SEA,CGY,0,8478916,J. Daccord,G,1,W,1,22/23,1,24,0,0,0/0,0,2/2,0.96,25,59.5,W,1,22/23,1,0,0,0/0,0.96,24/25,24,0,2/2,25,True
2026020014,2026-10-01,20262027,REG,CGY,SEA,1,8482445,D. Cooley,G,0,,0,0/0,0,0,0,0,0/0,0,0/0,,0,0.0,,0,0/0,0,0,0,0/0,,0/0,0,0,0/0,0,False
2026020014,2026-10-01,20262027,REG,CGY,SEA,1,8481692,D. Wolf,G,1,L,5,21/26,6,26,0,1,5/6,0,0/0,0.8125,32,59.83,L,5,21/26,6,0,1,5/6,0.8125,26/32,26,0,0/0,32,True
2026020015,2026-10-01,20262027,REG,EDM,VAN,0,8482221,D. Levi,G,1,W,6,12/18,7,15,0,1,3/4,0,0/0,0.6818,22,59.85,W,6,12/18,7,0,1,3/4,0.681818,15/22,15,0,0/0,22,True
2026020015,2026-10-01,20262027,REG,EDM,VAN,0,8477465,T. Jarry,G,0,,0,0/0,0,0,0,0,0/0,0,0/0,,0,0.0,,0,0/0,0,0,0,0/0,,0/0,0,0,0/0,0,False
2026020015,2026-10-01,20262027,REG,VAN,EDM,1,8482447,L. Meriläinen,G,0,,0,6/6,1,10,0,1,4/5,0,0/0,0.9091,11,30.68,,0,6/6,1,0,1,4/5,0.909091,10/11,10,0,0/0,11,False
2026020015,2026-10-01,20262027,REG,VAN,EDM,1,8480947,K. Lankinen,G,1,L,5,10/14,8,13,0,1,3/4,2,0/2,0.65,20,28.38,L,5,10/14,8,0,1,3/4,0.65,13/20,13,2,0/2,20,True
2026020016,2026-10-01,20262027,REG,FLA,SJS,0,8474593,J. Markstrom,G,0,,0,0/0,0,0,0,0,0/0,0,0/0,,0,0.0,,0,0/0,0,0,0,0/0,,0/0,0,0,0/0,0,False
2026020016,2026-10-01,20262027,REG,FLA,SJS,0,8481033,A. Schmid,G,1,O,2,19/21,4,28,0,1,7/8,1,2/3,0.875,32,63.23,O,2,19/21,4,0,1,7/8,0.875,28/32,28,1,2/3,32,True
2026020016,2026-10-01,20262027,REG,SJS,FLA,1,8482137,Y. Askarov,G,1,W,2,15/17,3,23,0,1,8/9,0,0/0,0.8846,26,63.23,W,2,15/17,3,0,1,8/9,0.884615,23/26,23,0,0/0,26,True
2026020016,2026-10-01,20262027,REG,SJS,FLA,1,8477968,A. Nedeljkovic,G,0,,0,0/0,0,0,0,0,0/0,0,0/0,,0,0.0,,0,0/0,0,0,0,0/0,,0/0,0,0,0/0,0,False
2026020017,2026-10-02,20262027,REG,NYR,DET,0,8478048,I. Shesterkin,G,0,,0,0/0,0,0,0,0,0/0,0,0/0,,0,0.0,,0,0/0,0,0,0,0/0,,0/0,0,0,0/0,0,False
2026020017,2026-10-02,20262027,REG,NYR,DET,0,8482193,D. Garand,G,1,W,0,19/19,0,22,0,0,2/2,0,1/1,1.0,22,60.0,W,0,19/19,0,0,0,2/2,1.0,22/22,22,0,1/1,22,True
2026020017,2026-10-02,20262027,REG,DET,NYR,1,8476434,J. Gibson,G,1,L,0,16/16,1,19,0,1,3/4,0,0/0,0.95,20,59.03,L,0,16/16,1,0,1,3/4,0.95,19/20,19,0,0/0,20,True
2026020017,2026-10-02,20262027,REG,DET,NYR,1,8480193,D. Tarasov,G,0,,0,0/0,0,0,0,0,0/0,0,0/0,,0,0.0,,0,0/0,0,0,0,0/0,,0/0,0,0,0/0,0,False
2026020018,2026-10-02,20262027,REG,WSH,CAR,0,8480313,L. Thompson,G,1,W,1,17/18,2,31,0,1,14/15,0,0/0,0.9394,33,59.88,W,1,17/18,2,0,1,14/15,0.939394,31/33,31,0,0/0,33,True
2026020018,2026-10-02,20262027,REG,WSH,CAR,0,8479292,C. Lindgren,G,0,,0,0/0,0,0,0,0,0/0,0,0/0,,0,0.0,,0,0/0,0,0,0,0/0,,0/0,0,0,0/0,0,False
2026020018,2026-10-02,20262027,REG,CAR,WSH,1,8483548,B. Bussi,G,1,L,4,20/24,5,22,0,1,1/2,0,1/1,0.8148,27,60.0,L,4,20/24,5,0,1,1/2,0.814815,22/27,22,0,1/1,27,True
2026020018,2026-10-02,20262027,REG,CAR,WSH,1,8481611,P. Kochetkov,G,0,,0,0/0,0,0,0,0,0/0,0,0/0,,0,0.0,,0,0/0,0,0,0,0/0,,0/0,0,0,0/0,0,False
2026020019,2026-10-02,20262027,REG,BOS,WPG,0,8480280,J. Swayman,G,1,W,2,23/25,3,30,0,1,6/7,0,1/1,0.9091,33,62.42,W,2,23/25,3,0,1,6/7,0.909091,30/33,30,0,1/1,33,True
2026020019,2026-10-02,20262027,REG,BOS,WPG,0,8480022,M. DiPietro,G,0,,0,0/0,0,0,0,0,0/0,0,0/0,,0,0.0,,0,0/0,0,0,0,0/0,,0/0,0,0,0/0,0,False
2026020019,2026-10-02,20262027,REG,WPG,BOS,1,8483532,C. Stevenson,G,0,,0,0/0,0,0,0,0,0/0,0,0/0,,0,0.0,,0,0/0,0,0,0,0/0,,0/0,0,0,0/0,0,False
2026020019,2026-10-02,20262027,REG,WPG,BOS,1,8479973,S. Skinner,G,1,O,4,25/29,4,26,0,0,1/1,0,0/0,0.8667,30,63.35,O,4,25/29,4,0,0,1/1,0.866667,26/30,26,0,0/0,30,True
2026020020,2026-10-02,20262027,REG,STL,DAL,0,8480981,J. Hofer,G,1,W,0,20/20,0,25,0,0,4/4,0,1/1,1.0,25,60.0,W,0,20/20,0,0,0,4/4,1.0,25/25,25,0,1/1,25,True
2026020020,2026-10-02,20262027,REG,STL,DAL,0,8476412,J. Binnington,G,0,,0,0/0,0,0,0,0,0/0,0,0/0,,0,0.0,,0,0/0,0,0,0,0/0,,0/0,0,0,0/0,0,False
2026020020,2026-10-02,20262027,REG,DAL,STL,1,8479193,C. DeSmith,G,0,,0,0/0,0,0,0,0,0/0,0,0/0,,0,0.0,,0,0/0,0,0,0,0/0,,0/0,0,0,0/0,0,False
2026020020,2026-10-02,20262027,REG,DAL,STL,1,8479979,J. Oettinger,G,1,L,2,14/16,2,20,0,0,3/3,0,3/3,0.9091,22,58.28,L,2,14/16,2,0,0,3/3,0.909091,20/22,20,0,3/3,22,True
2026020021,2026-10-02,20262027,REG,ANA,VGK,0,8480843,L. Dostal,G,1,W,2,24/26,3,27,0,1,3/4,0,0/0,0.9,30,60.0,W,2,24/26,3,0,1,3/4,0.9,27/30,27,0,0/0,30,True
2026020021,2026-10-02,20262027,REG,ANA,VGK,0,8478024,V. Husso,G,0,,0,0/0,0,0,0,0,0/0,0,0/0,,0,0.0,,0,0/0,0,0,0,0/0,,0/0,0,0,0/0,0,False
2026020021,2026-10-02,20262027,REG,VGK,ANA,1,8478499,A. Hill,G,0,,0,0/0,0,0,0,0,0/0,0,0/0,,0,0.0,,0,0/0,0,0,0,0/0,,0/0,0,0,0/0,0,False
2026020021,2026-10-02,20262027,REG,VGK,ANA,1,8479394,C. Hart,G,1,L,4,14/18,4,16,0,0,2/2,0,0/0,0.8,20,57.67,L,4,14/18,4,0,0,2/2,0.8,16/20,16,0,0/0,20,True
2026020022,2026-10-03,20262027,REG,CHI,BUF,0,8481519,S. Knight,G,1,L,4,23/27,4,24,0,0,1/1,0,0/0,0.8571,28,59.02,L,4,23/27,4,0,0,1/1,0.857143,24/28,24,0,0/0,28,True
2026020022,2026-10-03,20262027,REG,CHI,BUF,0,8482821,A. Soderblom,G,0,,0,0/0,0,0,0,0,0/0,0,0/0,,0,0.0,,0,0/0,0,0,0,0/0,,0/0,0,0,0/0,0,False
2026020022,2026-10-03,20262027,REG,BUF,CHI,1,8480045,U. Luukkonen,G,1,W,3,11/14,3,12,0,0,0/0,0,1/1,0.8,15,60.0,W,3,11/14,3,0,0,0/0,0.8,12/15,12,0,1/1,15,True
2026020022,2026-10-03,20262027,REG,BUF,CHI,1,8481551,C. Ellis,G,0,,0,0/0,0,0,0,0,0/0,0,0/0,,0,0.0,,0,0/0,0,0,0,0/0,,0/0,0,0,0/0,0,False
2026020023,2026-10-03,20262027,REG,OTT,TOR,0,8481035,S. Ersson,G,0,,0,0/0,0,0,0,0,0/0,0,0/0,,0,0.0,,0,0/0,0,0,0,0/0,,0/0,0,0,0/0,0,False
2026020023,2026-10-03,20262027,REG,OTT,TOR,0,8476999,L. Ullmark,G,1,W,1,24/25,2,27,0,1,2/3,0,1/1,0.931,29,60.0,W,1,24/25,2,0,1,2/3,0.931034,27/29,27,0,1/1,29,True
2026020023,2026-10-03,20262027,REG,TOR,OTT,1,8476932,A. Stolarz,G,0,,0,0/0,0,0,0,0,0/0,0,0/0,,0,0.0,,0,0/0,0,0,0,0/0,,0/0,0,0,0/0,0,False
2026020023,2026-10-03,20262027,REG,TOR,OTT,1,8475683,S. Bobrovsky,G,1,L,3,18/21,3,26,0,0,7/7,0,1/1,0.8966,29,58.83,L,3,18/21,3,0,0,7/7,0.896552,26/29,26,0,1/1,29,True
2026020024,2026-10-03,20262027,REG,WSH,TBL,0,8480313,L. Thompson,G,0,,0,0/0,0,0,0,0,0/0,0,0/0,,0,0.0,,0,0/0,0,0,0,0/0,,0/0,0,0,0/0,0,False
2026020024,2026-10-03,20262027,REG,WSH,TBL,0,8479292,C. Lindgren,G,1,L,2,24/26,2,27,0,0,3/3,0,0/0,0.931,29,57.6,L,2,24/26,2,0,0,3/3,0.931034,27/29,27,0,0/0,29,True
2026020024,2026-10-03,20262027,REG,TBL,WSH,1,8483710,D. Hildeby,G,0,,0,0/0,0,0,0,0,0/0,0,0/0,,0,0.0,,0,0/0,0,0,0,0/0,,0/0,0,0,0/0,0,False
2026020024,2026-10-03,20262027,REG,TBL,WSH,1,8476883,A. Vasilevskiy,G,1,W,1,17/18,1,20,0,0,2/2,0,1/1,0.9524,21,60.0,W,1,17/18,1,0,0,2/2,0.952381,20/21,20,0,1/1,21,True
2026020025,2026-10-03,20262027,REG,CAR,PHI,0,8483548,B. Bussi,G,0,,0,0/0,0,0,0,0,0/0,0,0/0,,0,0.0,,0,0/0,0,0,0,0/0,,0/0,0,0,0/0,0,False
2026020025,2026-10-03,20262027,REG,CAR,PHI,0,8481611,P. Kochetkov,G,1,W,2,13/15,2,16,0,0,3/3,0,0/0,0.8889,18,62.85,W,2,13/15,2,0,0,3/3,0.888889,16/18,16,0,0/0,18,True
2026020025,2026-10-03,20262027,REG,PHI,CAR,1,8479361,J. Woll,G,1,O,1,30/31,3,37,0,2,5/7,0,2/2,0.925,40,62.8,O,1,30/31,3,0,2,5/7,0.925,37/40,37,0,2/2,40,True
2026020025,2026-10-03,20262027,REG,PHI,CAR,1,8478435,D. Vladar,G,0,,0,0/0,0,0,0,0,0/0,0,0/0,,0,0.0,,0,0/0,0,0,0,0/0,,0/0,0,0,0/0,0,False
2026020026,2026-10-03,20262027,REG,MTL,PIT,0,8478470,S. Montembeault,G,0,,0,0/0,0,0,0,0,0/0,0,0/0,,0,0.0,,0,0/0,0,0,0,0/0,,0/0,0,0,0/0,0,False
2026020026,2026-10-03,20262027,REG,MTL,PIT,0,8482487,J. Dobes,G,1,O,4,17/21,6,24,0,2,6/8,0,1/1,0.8,30,59.07,O,4,17/21,6,0,2,6/8,0.8,24/30,24,0,1/1,30,True
2026020026,2026-10-03,20262027,REG,PIT,MTL,1,8483703,S. Murashov,G,0,,0,0/0,0,0,0,0,0/0,0,0/0,,0,0.0,,0,0/0,0,0,0,0/0,,0/0,0,0,0/0,0,False
2026020026,2026-10-03,20262027,REG,PIT,MTL,1,8481668,A. Silovs,G,1,W,5,18/23,5,20,0,0,2/2,0,0/0,0.8,25,61.55,W,5,18/23,5,0,0,2/2,0.8,20/25,20,0,0/0,25,True
2026020027,2026-10-03,20262027,REG,UTA,CBJ,0,8482657,S. Cossa,G,1,W,1,15/16,1,17,0,0,2/2,0,0/0,0.9444,18,60.0,W,1,15/16,1,0,0,2/2,0.944444,17/18,17,0,0/0,18,True
2026020027,2026-10-03,20262027,REG,UTA,CBJ,0,8478872,K. Vejmelka,G,0,,0,0/0,0,0,0,0,0/0,0,0/0,,0,0.0,,0,0/0,0,0,0,0/0,,0/0,0,0,0/0,0,False
2026020027,2026-10-03,20262027,REG,CBJ,UTA,1,8475660,C. Talbot,G,0,,0,0/0,0,0,0,0,0/0,0,0/0,,0,0.0,,0,0/0,0,0,0,0/0,,0/0,0,0,0/0,0,False
2026020027,2026-10-03,20262027,REG,CBJ,UTA,1,8482982,J. Greaves,G,1,L,1,21/22,4,27,0,3,5/8,0,1/1,0.871,31,60.0,L,1,21/22,4,0,3,5/8,0.870968,27/31,27,0,1/1,31,True
2026020028,2026-10-03,20262027,REG,SEA,EDM,0,8475831,P. Grubauer,G,1,L,2,15/17,2,22,2,0,6/6,0,1/1,0.9167,24,59.1,L,2,15/17,2,2,0,6/6,0.916667,22/24,22,0,1/1,24,True
2026020028,2026-10-03,20262027,REG,SEA,EDM,0,8478916,J. Daccord,G,0,,0,0/0,0,0,0,0,0/0,0,0/0,,0,0.0,,0,0/0,0,0,0,0/0,,0/0,0,0,0/0,0,False
2026020028,2026-10-03,20262027,REG,EDM,SEA,1,8482221,D. Levi,G,1,W,0,16/16,1,19,0,1,1/2,0,2/2,0.95,20,59.63,W,0,16/16,1,0,1,1/2,0.95,19/20,19,0,2/2,20,True
2026020028,2026-10-03,20262027,REG,EDM,SEA,1,8477465,T. Jarry,G,0,,0,0/0,0,0,0,0,0/0,0,0/0,,0,0.0,,0,0/0,0,0,0,0/0,,0/0,0,0,0/0,0,False
2026020029,2026-10-03,20262027,REG,NJD,NYI,0,8474596,J. Allen,G,0,,0,0/0,0,0,0,0,0/0,0,0/0,,0,0.0,,0,0/0,0,0,0,0/0,,0/0,0,0,0/0,0,False
2026020029,2026-10-03,20262027,REG,NJD,NYI,0,8482076,N. Daws,G,1,L,4,18/22,6,26,0,1,5/6,1,3/4,0.8125,32,59.87,L,4,18/22,6,0,1,5/6,0.8125,26/32,26,1,3/4,32,True
2026020029,2026-10-03,20262027,REG,NYI,NJD,1,8478009,I. Sorokin,G,1,W,0,30/30,0,37,0,0,5/5,0,2/2,1.0,37,60.0,W,0,30/30,0,0,0,5/5,1.0,37/37,37,0,2/2,37,True
2026020029,2026-10-03,20262027,REG,NYI,NJD,1,8473575,S. Varlamov,G,0,,0,0/0,0,0,0,0,0/0,0,0/0,,0,0.0,,0,0/0,0,0,0,0/0,,0/0,0,0,0/0,0,False
2026020030,2026-10-03,20262027,REG,DAL,NSH,0,8479193,C. DeSmith,G,1,L,0,23/23,2,24,0,2,1/3,0,0/0,0.9231,26,58.4,L,0,23/23,2,0,2,1/3,0.923077,24/26,24,0,0/0,26,True
2026020030,2026-10-03,20262027,REG,DAL,NSH,0,8479979,J. Oettinger,G,0,,0,0/0,0,0,0,0,0/0,0,0/0,,0,0.0,,0,0/0,0,0,0,0/0,,0/0,0,0,0/0,0,False
2026020030,2026-10-03,20262027,REG,NSH,DAL,1,8483575,M. Murray,G,0,,0,0/0,0,0,0,0,0/0,0,0/0,,0,0.0,,0,0/0,0,0,0,0/0,,0/0,0,0,0/0,0,False
2026020030,2026-10-03,20262027,REG,NSH,DAL,1,8477424,J. Saros,G,1,W,1,23/24,1,29,0,0,5/5,0,1/1,0.9667,30,59.95,W,1,23/24,1,0,0,5/5,0.966667,29/30,29,0,1/1,30,True
2026020031,2026-10-03,20262027,REG,BOS,MIN,0,8480280,J. Swayman,G,0,,0,0/0,0,0,0,0,0/0,0,0/0,,0,0.0,,0,0/0,0,0,0,0/0,,0/0,0,0,0/0,0,False
2026020031,2026-10-03,20262027,REG,BOS,MIN,0,8480022,M. DiPietro,G,1,L,1,21/22,3,26,0,2,4/6,0,1/1,0.8966,29,57.88,L,1,21/22,3,0,2,4/6,0.896552,26/29,26,0,1/1,29,True
2026020031,2026-10-03,20262027,REG,MIN,BOS,1,8482661,J. Wallstedt,G,1,W,1,21/22,1,26,0,0,5/5,0,0/0,0.963,27,60.0,W,1,21/22,1,0,0,5/5,0.962963,26/27,26,0,0/0,27,True
2026020031,2026-10-03,20262027,REG,MIN,BOS,1,8475717,C. Pickard,G,0,,0,0/0,0,0,0,0,0/0,0,0/0,,0,0.0,,0,0/0,0,0,0,0/0,,0/0,0,0,0/0,0,False
2026020032,2026-10-03,20262027,REG,STL,COL,0,8480981,J. Hofer,G,0,,0,0/0,0,0,0,0,0/0,0,0/0,,0,0.0,,0,0/0,0,0,0,0/0,,0/0,0,0,0/0,0,False
2026020032,2026-10-03,20262027,REG,STL,COL,0,8476412,J. Binnington,G,1,L,6,22/28,6,30,0,0,8/8,0,0/0,0.8333,36,60.0,L,6,22/28,6,0,0,8/8,0.833333,30/36,30,0,0/0,36,True
2026020032,2026-10-03,20262027,REG,COL,STL,1,8478406,M. Blackwood,G,1,W,1,21/22,1,25,0,0,3/3,0,1/1,0.9615,26,60.0,W,1,21/22,1,0,0,3/3,0.961538,25/26,25,0,1/1,26,True
2026020032,2026-10-03,20262027,REG,COL,STL,1,8475809,S. Wedgewood,G,0,,0,0/0,0,0,0,0,0/0,0,0/0,,0,0.0,,0,0/0,0,0,0,0/0,,0/0,0,0,0/0,0,False
2026020033,2026-10-03,20262027,REG,CGY,VAN,0,8482445,D. Cooley,G,1,L,3,19/22,3,22,0,0,3/3,0,0/0,0.88,25,59.77,L,3,19/22,3,0,0,3/3,0.88,22/25,22,0,0/0,25,True
2026020033,2026-10-03,20262027,REG,CGY,VAN,0,8481692,D. Wolf,G,0,,0,0/0,0,0,0,0,0/0,0,0/0,,0,0.0,,0,0/0,0,0,0,0/0,,0/0,0,0,0/0,0,False
2026020033,2026-10-03,20262027,REG,VAN,CGY,1,8482447,L. Meriläinen,G,1,W,0,22/22,1,23,0,1,1/2,0,0/0,0.9583,24,60.0,W,0,22/22,1,0,1,1/2,0.958333,23/24,23,0,0/0,24,True
2026020033,2026-10-03,20262027,REG,VAN,CGY,1,8480947,K. Lankinen,G,0,,0,0/0,0,0,0,0,0/0,0,0/0,,0,0.0,,0,0/0,0,0,0,0/0,,0/0,0,0,0/0,0,False
2026020034,2026-10-03,20262027,REG,LAK,SJS,0,8476341,A. Forsberg,G,1,O,4,17/21,5,20,0,1,3/4,0,0/0,0.8,25,62.87,O,4,17/21,5,0,1,3/4,0.8,20/25,20,0,0/0,25,True
2026020034,2026-10-03,20262027,REG,LAK,SJS,0,8475311,D. Kuemper,G,0,,0,0/0,0,0,0,0,0/0,0,0/0,,0,0.0,,0,0/0,0,0,0,0/0,,0/0,0,0,0/0,0,False
2026020034,2026-10-03,20262027,REG,SJS,LAK,1,8482137,Y. Askarov,G,1,W,2,29/31,4,31,0,2,1/3,0,1/1,0.8857,35,63.3,W,2,29/31,4,0,2,1/3,0.885714,31/35,31,0,1/1,35,True
2026020034,2026-10-03,20262027,REG,SJS,LAK,1,8477968,A. Nedeljkovic,G,0,,0,0/0,0,0,0,0,0/0,0,0/0,,0,0.0,,0,0/0,0,0,0,0/0,,0/0,0,0,0/0,0,False
2026020035,2026-10-04,20262027,REG,WPG,DET,0,8483532,C. Stevenson,G,0,,0,0/0,0,0,0,0,0/0,0,0/0,,0,0.0,,0,0/0,0,0,0,0/0,,0/0,0,0,0/0,0,False
2026020035,2026-10-04,20262027,REG,WPG,DET,0,8479973,S. Skinner,G,1,W,1,24/25,2,33,0,1,8/9,0,1/1,0.9429,35,60.0,W,1,24/25,2,0,1,8/9,0.942857,33/35,33,0,1/1,35,True
2026020035,2026-10-04,20262027,REG,DET,WPG,1,8476434,J. Gibson,G,1,L,0,18/18,3,24,0,3,5/8,0,1/1,0.8889,27,57.18,L,0,18/18,3,0,3,5/8,0.888889,24/27,24,0,1/1,27,True
2026020035,2026-10-04,20262027,REG,DET,WPG,1,8480193,D. Tarasov,G,0,,0,0/0,0,0,0,0,0/0,0,0/0,,0,0.0,,0,0/0,0,0,0,0/0,,0/0,0,0,0/0,0,False
2026020036,2026-10-04,20262027,REG,UTA,NYR,0,8482657,S. Cossa,G,0,,0,0/0,0,0,0,0,0/0,0,0/0,,0,0.0,,0,0/0,0,0,0,0/0,,0/0,0,0,0/0,0,False
2026020036,2026-10-04,20262027,REG,UTA,NYR,0,8478872,K. Vejmelka,G,1,L,3,15/18,3,18,0,0,2/2,0,1/1,0.8571,21,58.67,L,3,15/18,3,0,0,2/2,0.857143,18/21,18,0,1/1,21,True
2026020036,2026-10-04,20262027,REG,NYR,UTA,1,8478048,I. Shesterkin,G,1,W,1,27/28,2,28,0,1,1/2,0,0/0,0.9333,30,59.97,W,1,27/28,2,0,1,1/2,0.933333,28/30,28,0,0/0,30,True
2026020036,2026-10-04,20262027,REG,NYR,UTA,1,8482193,D. Garand,G,0,,0,0/0,0,0,0,0,0/0,0,0/0,,0,0.0,,0,0/0,0,0,0,0/0,,0/0,0,0,0/0,0,False
2026020037,2026-10-04,20262027,REG,FLA,ANA,0,8474593,J. Markstrom,G,1,O,0,14/14,3,18,0,3,3/6,0,1/1,0.8571,21,63.72,O,0,14/14,3,0,3,3/6,0.857143,18/21,18,0,1/1,21,True
2026020037,2026-10-04,20262027,REG,FLA,ANA,0,8481033,A. Schmid,G,0,,0,0/0,0,0,0,0,0/0,0,0/0,,0,0.0,,0,0/0,0,0,0,0/0,,0/0,0,0,0/0,0,False
2026020037,2026-10-04,20262027,REG,ANA,FLA,1,8480843,L. Dostal,G,1,W,2,21/23,2,29,0,0,7/7,0,1/1,0.9355,31,63.72,W,2,21/23,2,0,0,7/7,0.935484,29/31,29,0,1/1,31,True
2026020037,2026-10-04,20262027,REG,ANA,FLA,1,8478024,V. Husso,G,0,,0,0/0,0,0,0,0,0/0,0,0/0,,0,0.0,,0,0/0,0,0,0,0/0,,0/0,0,0,0/0,0,False
2026020038,2026-10-04,20262027,REG,CGY,SEA,0,8482445,D. Cooley,G,0,,0,0/0,0,0,0,0,0/0,0,0/0,,0,0.0,,0,0/0,0,0,0,0/0,,0/0,0,0,0/0,0,False
2026020038,2026-10-04,20262027,REG,CGY,SEA,0,8481692,D. Wolf,G,1,L,6,21/27,6,21,0,0,0/0,0,0/0,0.7778,27,60.0,L,6,21/27,6,0,0,0/0,0.777778,21/27,21,0,0/0,27,True
2026020038,2026-10-04,20262027,REG,SEA,CGY,1,8475831,P. Grubauer,G,0,,0,0/0,0,0,0,0,0/0,0,0/0,,0,0.0,,0,0/0,0,0,0,0/0,,0/0,0,0,0/0,0,False
2026020038,2026-10-04,20262027,REG,SEA,CGY,1,8478916,J. Daccord,G,1,W,0,29/29,1,32,0,1,3/4,0,0/0,0.9697,33,60.0,W,0,29/29,1,0,1,3/4,0.969697,32/33,32,0,0/0,33,True
2026020039,2026-10-04,20262027,REG,VGK,VAN,0,8478499,A. Hill,G,1,W,1,15/16,2,18,0,1,1/2,0,2/2,0.9,20,60.0,W,1,15/16,2,0,1,1/2,0.9,18/20,18,0,2/2,20,True
2026020039,2026-10-04,20262027,REG,VGK,VAN,0,8479394,C. Hart,G,0,,0,0/0,0,0,0,0,0/0,0,0/0,,0,0.0,,0,0/0,0,0,0,0/0,,0/0,0,0,0/0,0,False
2026020039,2026-10-04,20262027,REG,VAN,VGK,1,8482447,L. Meriläinen,G,0,,0,0/0,0,0,0,0,0/0,0,0/0,,0,0.0,,0,0/0,0,0,0,0/0,,0/0,0,0,0/0,0,False
2026020039,2026-10-04,20262027,REG,VAN,VGK,1,8480947,K. Lankinen,G,1,L,2,18/20,3,25,0,1,7/8,0,0/0,0.8929,28,57.48,L,2,18/20,3,0,1,7/8,0.892857,25/28,25,0,0/0,28,True
2026020040,2026-10-05,20262027,REG,PHI,TBL,0,8479361,J. Woll,G,0,,0,0/0,0,0,0,0,0/0,0,0/0,,0,0.0,,0,0/0,0,0,0,0/0,,0/0,0,0,0/0,0,False
2026020040,2026-10-05,20262027,REG,PHI,TBL,0,8478435,D. Vladar,G,1,L,3,28/31,3,32,0,0,4/4,0,0/0,0.9143,35,57.4,L,3,28/31,3,0,0,4/4,0.914286,32/35,32,0,0/0,35,True
2026020040,2026-10-05,20262027,REG,TBL,PHI,1,8483710,D. Hildeby,G,0,,0,0/0,0,0,0,0,0/0,0,0/0,,0,0.0,,0,0/0,0,0,0,0/0,,0/0,0,0,0/0,0,False
2026020040,2026-10-05,20262027,REG,TBL,PHI,1,8476883,A. Vasilevskiy,G,1,W,1,10/11,1,13,0,0,3/3,0,0/0,0.9286,14,60.0,W,1,10/11,1,0,0,3/3,0.928571,13/14,13,0,0/0,14,True
2026020041,2026-10-05,20262027,REG,OTT,BOS,0,8481035,S. Ersson,G,0,,1,8/9,1,8,0,0,0/0,0,0/0,0.8889,9,20.0,,1,8/9,1,0,0,0/0,0.888889,8/9,8,0,0/0,9,False
2026020041,2026-10-05,20262027,REG,OTT,BOS,0,8476999,L. Ullmark,G,1,W,0,7/7,0,10,0,0,3/3,0,0/0,1.0,10,40.0,W,0,7/7,0,0,0,3/3,1.0,10/10,10,0,0/0,10,True
2026020041,2026-10-05,20262027,REG,BOS,OTT,1,8480280,J. Swayman,G,1,L,3,20/23,4,20,0,0,0/0,1,0/1,0.8333,24,60.0,L,3,20/23,4,0,0,0/0,0.833333,20/24,20,1,0/1,24,True
2026020041,2026-10-05,20262027,REG,BOS,OTT,1,8480022,M. DiPietro,G,0,,0,0/0,0,0,0,0,0/0,0,0/0,,0,0.0,,0,0/0,0,0,0,0/0,,0/0,0,0,0/0,0,False
2026020042,2026-10-05,20262027,REG,WPG,PIT,0,8483532,C. Stevenson,G,1,W,2,28/30,2,30,0,0,2/2,0,0/0,0.9375,32,60.0,W,2,28/30,2,0,0,2/2,0.9375,30/32,30,0,0/0,32,True
2026020042,2026-10-05,20262027,REG,WPG,PIT,0,8479973,S. Skinner,G,0,,0,0/0,0,0,0,0,0/0,0,0/0,,0,0.0,,0,0/0,0,0,0,0/0,,0/0,0,0,0/0,0,False
2026020042,2026-10-05,20262027,REG,PIT,WPG,1,8483703,S. Murashov,G,1,L,3,29/32,3,31,0,0,1/1,0,1/1,0.9118,34,57.38,L,3,29/32,3,0,0,1/1,0.911765,31/34,31,0,1/1,34,True
2026020042,2026-10-05,20262027,REG,PIT,WPG,1,8481668,A. Silovs,G,0,,0,0/0,0,0,0,0,0/0,0,0/0,,0,0.0,,0,0/0,0,0,0,0/0,,0/0,0,0,0/0,0,False
2026020043,2026-10-05,20262027,REG,SJS,DAL,0,8482137,Y. Askarov,G,1,L,5,14/19,5,21,0,0,6/6,0,1/1,0.8077,26,59.82,L,5,14/19,5,0,0,6/6,0.807692,21/26,21,0,1/1,26,True
2026020043,2026-10-05,20262027,REG,SJS,DAL,0,8477968,A. Nedeljkovic,G,0,,0,0/0,0,0,0,0,0/0,0,0/0,,0,0.0,,0,0/0,0,0,0,0/0,,0/0,0,0,0/0,0,False
2026020043,2026-10-05,20262027,REG,DAL,SJS,1,8479193,C. DeSmith,G,0,,0,0/0,0,0,0,0,0/0,0,0/0,,0,0.0,,0,0/0,0,0,0,0/0,,0/0,0,0,0/0,0,False
2026020043,2026-10-05,20262027,REG,DAL,SJS,1,8479979,J. Oettinger,G,1,W,0,9/9,0,13,0,0,3/3,0,1/1,1.0,13,60.0,W,0,9/9,0,0,0,3/3,1.0,13/13,13,0,1/1,13,True
2026020044,2026-10-06,20262027,REG,NSH,TOR,0,8483575,M. Murray,G,0,,0,0/0,0,0,0,0,0/0,0,0/0,,0,0.0,,0,0/0,0,0,0,0/0,,0/0,0,0,0/0,0,False
2026020044,2026-10-06,20262027,REG,NSH,TOR,0,8477424,J. Saros,G,1,O,4,27/31,5,32,0,1,5/6,0,0/0,0.8649,37,64.58,O,4,27/31,5,0,1,5/6,0.864865,32/37,32,0,0/0,37,True
2026020044,2026-10-06,20262027,REG,TOR,NSH,1,8476932,A. Stolarz,G,1,W,3,20/23,4,21,0,1,1/2,0,0/0,0.84,25,64.77,W,3,20/23,4,0,1,1/2,0.84,21/25,21,0,0/0,25,True
2026020044,2026-10-06,20262027,REG,TOR,NSH,1,8475683,S. Bobrovsky,G,0,,0,0/0,0,0,0,0,0/0,0,0/0,,0,0.0,,0,0/0,0,0,0,0/0,,0/0,0,0,0/0,0,False
2026020045,2026-10-06,20262027,REG,CAR,MTL,0,8483548,B. Bussi,G,1,W,3,11/14,4,16,0,1,4/5,0,1/1,0.8,20,60.0,W,3,11/14,4,0,1,4/5,0.8,16/20,16,0,1/1,20,True
2026020045,2026-10-06,20262027,REG,CAR,MTL,0,8481611,P. Kochetkov,G,0,,0,0/0,0,0,0,0,0/0,0,0/0,,0,0.0,,0,0/0,0,0,0,0/0,,0/0,0,0,0/0,0,False
2026020045,2026-10-06,20262027,REG,MTL,CAR,1,8478470,S. Montembeault,G,0,,0,0/0,0,0,0,0,0/0,0,0/0,,0,0.0,,0,0/0,0,0,0,0/0,,0/0,0,0,0/0,0,False
2026020045,2026-10-06,20262027,REG,MTL,CAR,1,8482487,J. Dobes,G,1,L,4,22/26,5,28,0,1,2/3,0,4/4,0.8485,33,57.22,L,4,22/26,5,0,1,2/3,0.848485,28/33,28,0,4/4,33,True
2026020046,2026-10-06,20262027,REG,OTT,DET,0,8481035,S. Ersson,G,1,L,3,23/26,4,31,0,1,6/7,0,2/2,0.8857,35,57.93,L,3,23/26,4,0,1,6/7,0.885714,31/35,31,0,2/2,35,True
2026020046,2026-10-06,20262027,REG,OTT,DET,0,8477992,J. Johansson,G,0,,0,0/0,0,0,0,0,0/0,0,0/0,,0,0.0,,0,0/0,0,0,0,0/0,,0/0,0,0,0/0,0,False
2026020046,2026-10-06,20262027,REG,DET,OTT,1,8476434,J. Gibson,G,1,W,2,16/18,3,22,0,1,4/5,0,2/2,0.88,25,59.9,W,2,16/18,3,0,1,4/5,0.88,22/25,22,0,2/2,25,True
2026020046,2026-10-06,20262027,REG,DET,OTT,1,8480193,D. Tarasov,G,0,,0,0/0,0,0,0,0,0/0,0,0/0,,0,0.0,,0,0/0,0,0,0,0/0,,0/0,0,0,0/0,0,False
2026020047,2026-10-06,20262027,REG,UTA,NJD,0,8482657,S. Cossa,G,0,,0,0/0,0,0,0,0,0/0,0,0/0,,0,0.0,,0,0/0,0,0,0,0/0,,0/0,0,0,0/0,0,False
2026020047,2026-10-06,20262027,REG,UTA,NJD,0,8478872,K. Vejmelka,G,1,W,2,21/23,3,30,0,1,9/10,0,0/0,0.9091,33,59.77,W,2,21/23,3,0,1,9/10,0.909091,30/33,30,0,0/0,33,True
2026020047,2026-10-06,20262027,REG,NJD,UTA,1,8474596,J. Allen,G,1,L,3,18/21,5,26,0,2,8/10,0,0/0,0.8387,31,57.48,L,3,18/21,5,0,2,8/10,0.83871,26/31,26,0,0/0,31,True
2026020047,2026-10-06,20262027,REG,NJD,UTA,1,8482076,N. Daws,G,0,,0,0/0,0,0,0,0,0/0,0,0/0,,0,0.0,,0,0/0,0,0,0,0/0,,0/0,0,0,0/0,0,False
2026020048,2026-10-06,20262027,REG,NYI,NYR,0,8478009,I. Sorokin,G,0,,0,0/0,0,0,0,0,0/0,0,0/0,,0,0.0,,0,0/0,0,0,0,0/0,,0/0,0,0,0/0,0,False
2026020048,2026-10-06,20262027,REG,NYI,NYR,0,8473575,S. Varlamov,G,1,L,2,15/17,3,19,0,1,4/5,0,0/0,0.8636,22,59.43,L,2,15/17,3,0,1,4/5,0.863636,19/22,19,0,0/0,22,True
2026020048,2026-10-06,20262027,REG,NYR,NYI,1,8478048,I. Shesterkin,G,1,W,1,15/16,2,17,0,1,2/3,0,0/0,0.8947,19,60.0,W,1,15/16,2,0,1,2/3,0.894737,17/19,17,0,0/0,19,True
2026020048,2026-10-06,20262027,REG,NYR,NYI,1,8482193,D. Garand,G,0,,0,0/0,0,0,0,0,0/0,0,0/0,,0,0.0,,0,0/0,0,0,0,0/0,,0/0,0,0,0/0,0,False
2026020049,2026-10-06,20262027,REG,MIN,BUF,0,8482661,J. Wallstedt,G,1,O,3,21/24,3,25,0,0,2/2,0,2/2,0.8929,28,64.37,O,3,21/24,3,0,0,2/2,0.892857,25/28,25,0,2/2,28,True
2026020049,2026-10-06,20262027,REG,MIN,BUF,0,8475717,C. Pickard,G,0,,0,0/0,0,0,0,0,0/0,0,0/0,,0,0.0,,0,0/0,0,0,0,0/0,,0/0,0,0,0/0,0,False
2026020049,2026-10-06,20262027,REG,BUF,MIN,1,8480045,U. Luukkonen,G,0,,0,0/0,0,0,0,0,0/0,0,0/0,,0,0.0,,0,0/0,0,0,0,0/0,,0/0,0,0,0/0,0,False
2026020049,2026-10-06,20262027,REG,BUF,MIN,1,8481551,C. Ellis,G,1,W,1,18/19,2,18,0,1,0/1,0,0/0,0.9,20,64.37,W,1,18/19,2,0,1,0/1,0.9,18/20,18,0,0/0,20,True
2026020050,2026-10-06,20262027,REG,STL,CHI,0,8480981,J. Hofer,G,1,L,1,13/14,2,17,0,1,3/4,0,1/1,0.8947,19,58.23,L,1,13/14,2,0,1,3/4,0.894737,17/19,17,0,1/1,19,True
2026020050,2026-10-06,20262027,REG,STL,CHI,0,8476412,J. Binnington,G,0,,0,0/0,0,0,0,0,0/0,0,0/0,,0,0.0,,0,0/0,0,0,0,0/0,,0/0,0,0,0/0,0,False
2026020050,2026-10-06,20262027,REG,CHI,STL,1,8481519,S. Knight,G,1,W,1,21/22,2,26,0,1,5/6,0,0/0,0.9286,28,60.0,W,1,21/22,2,0,1,5/6,0.928571,26/28,26,0,0/0,28,True
2026020050,2026-10-06,20262027,REG,CHI,STL,1,8482821,A. Soderblom,G,0,,0,0/0,0,0,0,0,0/0,0,0/0,,0,0.0,,0,0/0,0,0,0,0/0,,0/0,0,0,0/0,0,False
2026020051,2026-10-06,20262027,REG,VGK,SEA,0,8478499,A. Hill,G,0,,0,0/0,0,0,0,0,0/0,0,0/0,,0,0.0,,0,0/0,0,0,0,0/0,,0/0,0,0,0/0,0,False
2026020051,2026-10-06,20262027,REG,VGK,SEA,0,8479394,C. Hart,G,1,W,1,18/19,2,25,0,1,7/8,0,0/0,0.9259,27,60.0,W,1,18/19,2,0,1,7/8,0.925926,25/27,25,0,0/0,27,True
2026020051,2026-10-06,20262027,REG,SEA,VGK,1,8475831,P. Grubauer,G,0,,0,3/3,1,6,0,1,3/4,0,0/0,0.8571,7,20.0,,0,3/3,1,0,1,3/4,0.857143,6/7,6,0,0/0,7,False
2026020051,2026-10-06,20262027,REG,SEA,VGK,1,8478916,J. Daccord,G,1,L,3,14/17,5,16,0,1,2/3,1,0/1,0.7619,21,39.88,L,3,14/17,5,0,1,2/3,0.761905,16/21,16,1,0/1,21,True
2026020052,2026-10-06,20262027,REG,FLA,LAK,0,8474593,J. Markstrom,G,1,W,1,10/11,1,19,0,0,5/5,0,4/4,0.95,20,60.0,W,1,10/11,1,0,0,5/5,0.95,19/20,19,0,4/4,20,True
2026020052,2026-10-06,20262027,REG,FLA,LAK,0,8481033,A. Schmid,G,0,,0,0/0,0,0,0,0,0/0,0,0/0,,0,0.0,,0,0/0,0,0,0,0/0,,0/0,0,0,0/0,0,False
2026020052,2026-10-06,20262027,REG,LAK,FLA,1,8476341,A. Forsberg,G,0,,0,0/0,0,0,0,0,0/0,0,0/0,,0,0.0,,0,0/0,0,0,0,0/0,,0/0,0,0,0/0,0,False
2026020052,2026-10-06,20262027,REG,LAK,FLA,1,8475311,D. Kuemper,G,1,L,2,16/18,2,26,0,0,9/9,0,1/1,0.9286,28,57.93,L,2,16/18,2,0,0,9/9,0.928571,26/28,26,0,1/1,28,True
2026020053,2026-10-07,20262027,REG,PIT,WSH,0,8483703,S. Murashov,G,0,,0,0/0,0,0,0,0,0/0,0,0/0,,0,0.0,,0,0/0,0,0,0,0/0,,0/0,0,0,0/0,0,False
2026020053,2026-10-07,20262027,REG,PIT,WSH,0,8481668,A. Silovs,G,1,L,4,15/19,5,22,0,1,5/6,0,2/2,0.8148,27,56.07,L,4,15/19,5,0,1,5/6,0.814815,22/27,22,0,2/2,27,True
2026020053,2026-10-07,20262027,REG,WSH,PIT,1,8480313,L. Thompson,G,1,W,3,22/25,3,27,0,0,3/3,0,2/2,0.9,30,60.0,W,3,22/25,3,0,0,3/3,0.9,27/30,27,0,2/2,30,True
2026020053,2026-10-07,20262027,REG,WSH,PIT,1,8479292,C. Lindgren,G,0,,0,0/0,0,0,0,0,0/0,0,0/0,,0,0.0,,0,0/0,0,0,0,0/0,,0/0,0,0,0/0,0,False
2026020054,2026-10-07,20262027,REG,COL,WPG,0,8478406,M. Blackwood,G,1,L,3,16/19,3,16,0,0,0/0,0,0/0,0.8421,19,59.22,L,3,16/19,3,0,0,0/0,0.842105,16/19,16,0,0/0,19,True
2026020054,2026-10-07,20262027,REG,COL,WPG,0,8475809,S. Wedgewood,G,0,,0,0/0,0,0,0,0,0/0,0,0/0,,0,0.0,,0,0/0,0,0,0,0/0,,0/0,0,0,0/0,0,False
2026020054,2026-10-07,20262027,REG,WPG,COL,1,8483532,C. Stevenson,G,0,,0,0/0,0,0,0,0,0/0,0,0/0,,0,0.0,,0,0/0,0,0,0,0/0,,0/0,0,0,0/0,0,False
2026020054,2026-10-07,20262027,REG,WPG,COL,1,8479973,S. Skinner,G,1,W,2,26/28,2,32,0,0,5/5,0,1/1,0.9412,34,60.0,W,2,26/28,2,0,0,5/5,0.941176,32/34,32,0,1/1,34,True
2026020055,2026-10-07,20262027,REG,EDM,ANA,0,8482221,D. Levi,G,1,W,0,19/19,2,29,0,2,9/11,0,1/1,0.9355,31,59.82,W,0,19/19,2,0,2,9/11,0.935484,29/31,29,0,1/1,31,True
2026020055,2026-10-07,20262027,REG,EDM,ANA,0,8477465,T. Jarry,G,0,,0,0/0,0,0,0,0,0/0,0,0/0,,0,0.0,,0,0/0,0,0,0,0/0,,0/0,0,0,0/0,0,False
2026020055,2026-10-07,20262027,REG,ANA,EDM,1,8480843,L. Dostal,G,1,L,4,11/15,5,12,0,1,1/2,0,0/0,0.7059,17,39.68,L,4,11/15,5,0,1,1/2,0.705882,12/17,12,0,0/0,17,True
2026020055,2026-10-07,20262027,REG,ANA,EDM,1,8478024,V. Husso,G,0,,0,1/1,0,2,0,0,1/1,0,0/0,1.0,2,15.97,,0,1/1,0,0,0,1/1,1.0,2/2,2,0,0/0,2,False
2026020056,2026-10-08,20262027,REG,UTA,BOS,0,8482657,S. Cossa,G,1,L,2,5/7,3,5,0,1,0/1,0,0/0,0.625,8,15.85,L,2,5/7,3,0,1,0/1,0.625,5/8,5,0,0/0,8,True
2026020056,2026-10-08,20262027,REG,UTA,BOS,0,8478872,K. Vejmelka,G,0,,1,11/12,3,11,0,2,0/2,0,0/0,0.7857,14,43.82,,1,11/12,3,0,2,0/2,0.785714,11/14,11,0,0/0,14,False
2026020056,2026-10-08,20262027,REG,BOS,UTA,1,8480280,J. Swayman,G,1,W,1,25/26,1,36,0,0,11/11,0,0/0,0.973,37,60.0,W,1,25/26,1,0,0,11/11,0.972973,36/37,36,0,0/0,37,True
2026020056,2026-10-08,20262027,REG,BOS,UTA,1,8480022,M. DiPietro,G,0,,0,0/0,0,0,0,0,0/0,0,0/0,,0,0.0,,0,0/0,0,0,0,0/0,,0/0,0,0,0/0,0,False
2026020057,2026-10-08,20262027,REG,DAL,BUF,0,8479193,C. DeSmith,G,0,,0,0/0,0,0,0,0,0/0,0,0/0,,0,0.0,,0,0/0,0,0,0,0/0,,0/0,0,0,0/0,0,False
2026020057,2026-10-08,20262027,REG,DAL,BUF,0,8479979,J. Oettinger,G,1,W,0,22/22,0,26,0,0,4/4,0,0/0,1.0,26,60.0,W,0,22/22,0,0,0,4/4,1.0,26/26,26,0,0/0,26,True
2026020057,2026-10-08,20262027,REG,BUF,DAL,1,8480045,U. Luukkonen,G,1,L,3,10/13,4,14,0,1,3/4,0,1/1,0.7778,18,59.9,L,3,10/13,4,0,1,3/4,0.777778,14/18,14,0,1/1,18,True
2026020057,2026-10-08,20262027,REG,BUF,DAL,1,8481551,C. Ellis,G,0,,0,0/0,0,0,0,0,0/0,0,0/0,,0,0.0,,0,0/0,0,0,0,0/0,,0/0,0,0,0/0,0,False
2026020058,2026-10-08,20262027,REG,NSH,MTL,0,8483575,M. Murray,G,0,,0,0/0,0,0,0,0,0/0,0,0/0,,0,0.0,,0,0/0,0,0,0,0/0,,0/0,0,0,0/0,0,False
2026020058,2026-10-08,20262027,REG,NSH,MTL,0,8477424,J. Saros,G,1,W,2,30/32,2,32,0,0,1/1,0,1/1,0.9412,34,60.0,W,2,30/32,2,0,0,1/1,0.941176,32/34,32,0,1/1,34,True
2026020058,2026-10-08,20262027,REG,MTL,NSH,1,8484170,J. Fowler,G,1,L,1,9/10,3,15,0,2,6/8,0,0/0,0.8333,18,58.88,L,1,9/10,3,0,2,6/8,0.833333,15/18,15,0,0/0,18,True
2026020058,2026-10-08,20262027,REG,MTL,NSH,1,8482487,J. Dobes,G,0,,0,0/0,0,0,0,0,0/0,0,0/0,,0,0.0,,0,0/0,0,0,0,0/0,,0/0,0,0,0/0,0,False
2026020059,2026-10-08,20262027,REG,PHI,OTT,0,8479361,J. Woll,G,1,L,1,18/19,2,24,0,1,5/6,0,1/1,0.9231,26,58.25,L,1,18/19,2,0,1,5/6,0.923077,24/26,24,0,1/1,26,True
2026020059,2026-10-08,20262027,REG,PHI,OTT,0,8478435,D. Vladar,G,0,,0,0/0,0,0,0,0,0/0,0,0/0,,0,0.0,,0,0/0,0,0,0,0/0,,0/0,0,0,0/0,0,False
2026020059,2026-10-08,20262027,REG,OTT,PHI,1,8481035,S. Ersson,G,0,,0,0/0,0,0,0,0,0/0,0,0/0,,0,0.0,,0,0/0,0,0,0,0/0,,0/0,0,0,0/0,0,False
2026020059,2026-10-08,20262027,REG,OTT,PHI,1,8476999,L. Ullmark,G,1,W,0,22/22,1,28,0,1,4/5,0,2/2,0.9655,29,60.0,W,0,22/22,1,0,1,4/5,0.965517,28/29,28,0,2/2,29,True
2026020060,2026-10-08,20262027,REG,MIN,TBL,0,8482661,J. Wallstedt,G,1,L,2,27/29,3,32,0,1,3/4,0,2/2,0.9143,35,59.05,L,2,27/29,3,0,1,3/4,0.914286,32/35,32,0,2/2,35,True
2026020060,2026-10-08,20262027,REG,MIN,TBL,0,8475717,C. Pickard,G,0,,0,0/0,0,0,0,0,0/0,0,0/0,,0,0.0,,0,0/0,0,0,0,0/0,,0/0,0,0,0/0,0,False
2026020060,2026-10-08,20262027,REG,TBL,MIN,1,8483710,D. Hildeby,G,1,W,1,31/32,2,34,0,1,3/4,0,0/0,0.9444,36,59.62,W,1,31/32,2,0,1,3/4,0.944444,34/36,34,0,0/0,36,True
2026020060,2026-10-08,20262027,REG,TBL,MIN,1,8476883,A. Vasilevskiy,G,0,,0,0/0,0,0,0,0,0/0,0,0/0,,0,0.0,,0,0/0,0,0,0,0/0,,0/0,0,0,0/0,0,False
2026020061,2026-10-08,20262027,REG,VAN,CAR,0,8482447,L. Meriläinen,G,0,,1,15/16,1,15,0,0,0/0,0,0/0,0.9375,16,20.0,,1,15/16,1,0,0,0/0,0.9375,15/16,15,0,0/0,16,False
2026020061,2026-10-08,20262027,REG,VAN,CAR,0,8480947,K. Lankinen,G,1,L,2,9/11,6,12,0,3,3/6,1,0/1,0.6667,18,39.7,L,2,9/11,6,0,3,3/6,0.666667,12/18,12,1,0/1,18,True
2026020061,2026-10-08,20262027,REG,CAR,VAN,1,8483548,B. Bussi,G,0,,0,0/0,0,0,0,0,0/0,0,0/0,,0,0.0,,0,0/0,0,0,0,0/0,,0/0,0,0,0/0,0,False
2026020061,2026-10-08,20262027,REG,CAR,VAN,1,8481611,P. Kochetkov,G,1,W,2,11/13,2,18,0,0,7/7,0,0/0,0.9,20,60.0,W,2,11/13,2,0,0,7/7,0.9,18/20,18,0,0/0,20,True
2026020062,2026-10-08,20262027,REG,CHI,NYI,0,8481519,S. Knight,G,0,,0,0/0,0,0,0,0,0/0,0,0/0,,0,0.0,,0,0/0,0,0,0,0/0,,0/0,0,0,0/0,0,False
2026020062,2026-10-08,20262027,REG,CHI,NYI,0,8482821,A. Soderblom,G,1,L,2,10/12,3,15,0,1,4/5,0,1/1,0.8333,18,57.85,L,2,10/12,3,0,1,4/5,0.833333,15/18,15,0,1/1,18,True
2026020062,2026-10-08,20262027,REG,NYI,CHI,1,8478009,I. Sorokin,G,1,W,1,19/20,1,22,0,0,2/2,0,1/1,0.9565,23,60.0,W,1,19/20,1,0,0,2/2,0.956522,22/23,22,0,1/1,23,True
2026020062,2026-10-08,20262027,REG,NYI,CHI,1,8473575,S. Varlamov,G,0,,0,0/0,0,0,0,0,0/0,0,0/0,,0,0.0,,0,0/0,0,0,0,0/0,,0/0,0,0,0/0,0,False
2026020063,2026-10-08,20262027,REG,SJS,STL,0,8482137,Y. Askarov,G,0,,0,0/0,0,0,0,0,0/0,0,0/0,,0,0.0,,0,0/0,0,0,0,0/0,,0/0,0,0,0/0,0,False
2026020063,2026-10-08,20262027,REG,SJS,STL,0,8477968,A. Nedeljkovic,G,1,W,1,19/20,2,24,0,0,2/2,1,3/4,0.9231,26,61.05,W,1,19/20,2,0,0,2/2,0.923077,24/26,24,1,3/4,26,True
2026020063,2026-10-08,20262027,REG,STL,SJS,1,8480981,J. Hofer,G,1,O,3,19/22,3,24,2,0,5/5,0,0/0,0.8889,27,60.87,O,3,19/22,3,2,0,5/5,0.888889,24/27,24,0,0/0,27,True
2026020063,2026-10-08,20262027,REG,STL,SJS,1,8476412,J. Binnington,G,0,,0,0/0,0,0,0,0,0/0,0,0/0,,0,0.0,,0,0/0,0,0,0,0/0,,0/0,0,0,0/0,0,False
2026020064,2026-10-08,20262027,REG,COL,CGY,0,8478406,M. Blackwood,G,0,,0,0/0,0,0,0,0,0/0,0,0/0,,0,0.0,,0,0/0,0,0,0,0/0,,0/0,0,0,0/0,0,False
2026020064,2026-10-08,20262027,REG,COL,CGY,0,8475809,S. Wedgewood,G,1,W,3,22/25,3,26,0,0,1/1,0,3/3,0.8966,29,60.0,W,3,22/25,3,0,0,1/1,0.896552,26/29,26,0,3/3,29,True
2026020064,2026-10-08,20262027,REG,CGY,COL,1,8482445,D. Cooley,G,1,L,7,21/28,7,23,0,0,1/1,0,1/1,0.7667,30,60.0,L,7,21/28,7,0,0,1/1,0.766667,23/30,23,0,1/1,30,True
2026020064,2026-10-08,20262027,REG,CGY,COL,1,8481692,D. Wolf,G,0,,0,0/0,0,0,0,0,0/0,0,0/0,,0,0.0,,0,0/0,0,0,0,0/0,,0/0,0,0,0/0,0,False
2026020065,2026-10-08,20262027,REG,TOR,VGK,0,8476932,A. Stolarz,G,0,,0,0/0,0,0,0,0,0/0,0,0/0,,0,0.0,,0,0/0,0,0,0,0/0,,0/0,0,0,0/0,0,False
2026020065,2026-10-08,20262027,REG,TOR,VGK,0,8475683,S. Bobrovsky,G,1,O,3,33/36,3,40,0,0,7/7,0,0/0,0.9302,43,65.0,O,3,33/36,3,0,0,7/7,0.930233,40/43,40,0,0/0,43,True
2026020065,2026-10-08,20262027,REG,VGK,TOR,1,8478499,A. Hill,G,1,W,3,19/22,3,21,0,0,1/1,0,1/1,0.875,24,64.67,W,3,19/22,3,0,0,1/1,0.875,21/24,21,0,1/1,24,True
2026020065,2026-10-08,20262027,REG,VGK,TOR,1,8479394,C. Hart,G,0,,0,0/0,0,0,0,0,0/0,0,0/0,,0,0.0,,0,0/0,0,0,0,0/0,,0/0,0,0,0/0,0,False
2026020066,2026-10-09,20262027,REG,SEA,DET,0,8475831,P. Grubauer,G,1,W,2,35/37,3,37,0,1,1/2,0,1/1,0.925,40,59.92,W,2,35/37,3,0,1,1/2,0.925,37/40,37,0,1/1,40,True
2026020066,2026-10-09,20262027,REG,SEA,DET,0,8478916,J. Daccord,G,0,,0,0/0,0,0,0,0,0/0,0,0/0,,0,0.0,,0,0/0,0,0,0,0/0,,0/0,0,0,0/0,0,False
2026020066,2026-10-09,20262027,REG,DET,SEA,1,8476434,J. Gibson,G,1,L,5,9/14,5,10,0,0,1/1,0,0/0,0.6667,15,34.08,L,5,9/14,5,0,0,1/1,0.666667,10/15,10,0,0/0,15,True
2026020066,2026-10-09,20262027,REG,DET,SEA,1,8480193,D. Tarasov,G,0,,0,5/5,1,8,0,1,3/4,0,0/0,0.8889,9,25.92,,0,5/5,1,0,1,3/4,0.888889,8/9,8,0,0/0,9,False
2026020067,2026-10-09,20262027,REG,NYR,WSH,0,8478048,I. Shesterkin,G,1,,1,10/11,1,13,0,0,2/2,0,1/1,0.9286,14,28.33,,1,10/11,1,0,0,2/2,0.928571,13/14,13,0,1/1,14,True
2026020067,2026-10-09,20262027,REG,NYR,WSH,0,8482193,D. Garand,G,0,L,1,7/8,1,11,0,0,2/2,0,2/2,0.9167,12,29.75,L,1,7/8,1,0,0,2/2,0.916667,11/12,11,0,2/2,12,False
2026020067,2026-10-09,20262027,REG,WSH,NYR,1,8480313,L. Thompson,G,1,W,0,15/15,1,21,0,1,5/6,0,1/1,0.9545,22,60.0,W,0,15/15,1,0,1,5/6,0.954545,21/22,21,0,1/1,22,True
2026020067,2026-10-09,20262027,REG,WSH,NYR,1,8479292,C. Lindgren,G,0,,0,0/0,0,0,0,0,0/0,0,0/0,,0,0.0,,0,0/0,0,0,0,0/0,,0/0,0,0,0/0,0,False
2026020068,2026-10-09,20262027,REG,PIT,CBJ,0,8483703,S. Murashov,G,1,O,2,35/37,2,43,0,0,6/6,0,2/2,0.9556,45,65.0,O,2,35/37,2,0,0,6/6,0.955556,43/45,43,0,2/2,45,True
2026020068,2026-10-09,20262027,REG,PIT,CBJ,0,8481668,A. Silovs,G,0,,0,0/0,0,0,0,0,0/0,0,0/0,,0,0.0,,0,0/0,0,0,0,0/0,,0/0,0,0,0/0,0,False
2026020068,2026-10-09,20262027,REG,CBJ,PIT,1,8475660,C. Talbot,G,1,W,2,20/22,2,20,0,0,0/0,0,0/0,0.9091,22,65.0,W,2,20/22,2,0,0,0/0,0.909091,20/22,20,0,0/0,22,True
2026020068,2026-10-09,20262027,REG,CBJ,PIT,1,8482982,J. Greaves,G,0,,0,0/0,0,0,0,0,0/0,0,0/0,,0,0.0,,0,0/0,0,0,0,0/0,,0/0,0,0,0/0,0,False
2026020069,2026-10-09,20262027,REG,ANA,WPG,0,8480843,L. Dostal,G,1,W,1,12/13,1,15,0,0,3/3,0,0/0,0.9375,16,60.0,W,1,12/13,1,0,0,3/3,0.9375,15/16,15,0,0/0,16,True
2026020069,2026-10-09,20262027,REG,ANA,WPG,0,8478024,V. Husso,G,0,,0,0/0,0,0,0,0,0/0,0,0/0,,0,0.0,,0,0/0,0,0,0,0/0,,0/0,0,0,0/0,0,False
2026020069,2026-10-09,20262027,REG,WPG,ANA,1,8483532,C. Stevenson,G,1,L,4,11/15,4,12,0,0,1/1,0,0/0,0.75,16,56.13,L,4,11/15,4,0,0,1/1,0.75,12/16,12,0,0/0,16,True
2026020069,2026-10-09,20262027,REG,WPG,ANA,1,8479973,S. Skinner,G,0,,0,0/0,0,0,0,0,0/0,0,0/0,,0,0.0,,0,0/0,0,0,0,0/0,,0/0,0,0,0/0,0,False
2026020070,2026-10-10,20262027,REG,PHI,BOS,0,8479361,J. Woll,G,0,,0,0/0,0,0,0,0,0/0,0,0/0,,0,0.0,,0,0/0,0,0,0,0/0,,0/0,0,0,0/0,0,False
2026020070,2026-10-10,20262027,REG,PHI,BOS,0,8478435,D. Vladar,G,1,L,5,26/31,5,27,0,0,0/0,0,1/1,0.8438,32,60.0,L,5,26/31,5,0,0,0/0,0.84375,27/32,27,0,1/1,32,True
2026020070,2026-10-10,20262027,REG,BOS,PHI,1,8480280,J. Swayman,G,1,W,0,13/13,1,14,0,1,1/2,0,0/0,0.9333,15,59.5,W,0,13/13,1,0,1,1/2,0.933333,14/15,14,0,0/0,15,True
2026020070,2026-10-10,20262027,REG,BOS,PHI,1,8480022,M. DiPietro,G,0,,0,0/0,0,0,0,0,0/0,0,0/0,,0,0.0,,0,0/0,0,0,0,0/0,,0/0,0,0,0/0,0,False
