fecha,estadio,temp_f,viento_mph,rafaga_mph,lluvia_mm
2021-09-09,TB,80.4,13.1,29.3,11.6
2021-09-12,BUF,70.2,17.8,36.0,5.3
2021-09-12,CAR,74.1,7.7,16.6,0.0
2021-09-12,CIN,77.2,14.2,29.3,0.0
2021-09-12,KC,80.4,13.5,26.4,0.0
2021-09-12,NE,70.3,16.5,37.8,0.0
2021-09-12,NYG,73.4,15.1,29.1,0.0
2021-09-12,TEN,75.6,7.0,15.7,0.0
2021-09-12,WAS,75.0,10.7,25.5,0.0
2021-09-16,WAS,73.8,9.7,21.7,8.0
2021-09-19,BAL,71.9,6.8,14.3,0.0
2021-09-19,CAR,77.4,9.1,21.9,0.1
2021-09-19,CHI,74.7,12.3,18.8,0.3
2021-09-19,CLE,69.3,12.8,21.7,0.0
2021-09-19,JAX,76.6,7.7,16.1,70.3
2021-09-19,MIA,79.3,6.3,16.3,6.8
2021-09-19,NYJ,68.8,10.9,22.1,0.0
2021-09-19,PIT,69.5,5.7,12.8,0.0
2021-09-19,SEA,57.7,15.9,31.8,4.9
2021-09-19,TB,78.1,7.4,15.0,13.4
2021-09-20,GB,72.7,15.8,35.3,1.9
2021-09-26,BUF,58.7,18.6,39.1,0.2
2021-09-26,CLE,62.3,15.7,25.9,0.0
2021-09-26,JAX,72.9,11.1,19.7,0.0
2021-09-26,KC,74.6,17.6,36.9,0.0
2021-09-26,NE,64.4,12.0,28.2,8.4
2021-09-26,NYG,65.0,14.6,28.0,0.0
2021-09-26,PIT,59.7,12.4,27.1,0.0
2021-09-26,SF,62.3,12.8,23.7,0.0
2021-09-26,TEN,64.9,6.3,8.5,0.0
2021-09-30,CIN,66.6,5.4,11.9,0.0
2021-10-03,BUF,64.8,11.3,25.7,36.1
2021-10-03,CHI,68.2,10.9,17.9,24.3
2021-10-03,GB,65.4,7.4,14.5,9.3
2021-10-03,MIA,79.0,10.3,21.7,0.9
2021-10-03,NE,62.7,6.9,17.2,3.9
2021-10-03,NYJ,66.4,7.4,15.0,0.0
2021-10-03,SF,73.9,12.0,21.5,0.0
2021-10-07,SEA,50.8,6.6,14.5,0.7
2021-10-10,CAR,67.6,10.5,21.9,0.0
2021-10-10,CIN,73.1,10.3,22.8,0.0
2021-10-10,JAX,72.4,11.3,21.0,0.0
2021-10-10,KC,73.9,17.3,35.6,10.7
2021-10-10,PIT,66.1,8.1,15.9,0.2
2021-10-10,TB,75.7,10.1,18.1,1.2
2021-10-10,WAS,67.0,12.9,29.5,2.6
2021-10-11,BAL,66.6,9.3,17.4,0.0
2021-10-17,BAL,56.1,15.9,28.9,0.0
2021-10-17,CAR,57.8,10.9,20.4,0.0
2021-10-17,CHI,52.9,13.7,21.0,0.0
2021-10-17,CLE,55.1,18.7,32.7,2.8
2021-10-17,JAX,64.8,13.2,23.5,0.0
2021-10-17,NE,57.4,11.0,27.5,4.5
2021-10-17,NYG,57.2,14.9,27.3,0.2
2021-10-17,PIT,51.9,17.0,34.4,0.0
2021-10-17,WAS,56.6,15.5,36.2,0.0
2021-10-18,TEN,57.0,6.4,7.8,0.0
2021-10-21,CLE,60.2,22.4,35.8,24.5
2021-10-24,BAL,56.6,9.6,18.6,0.5
2021-10-24,GB,43.0,16.2,30.9,0.0
2021-10-24,MIA,77.6,8.8,17.4,13.0
2021-10-24,NE,48.9,8.1,19.0,0.0
2021-10-24,NYG,53.5,8.1,14.8,0.7
2021-10-24,SF,61.9,18.5,36.9,59.5
2021-10-24,TB,76.5,10.1,21.5,14.3
2021-10-24,TEN,66.3,12.6,23.5,5.4
2021-10-25,SEA,54.0,25.8,46.5,10.5
2021-10-31,BUF,51.4,20.1,38.5,2.3
2021-10-31,CHI,47.8,17.3,25.9,0.0
2021-10-31,CLE,53.9,22.2,34.7,3.0
2021-10-31,NYJ,58.4,14.2,25.5,3.7
2021-10-31,SEA,45.2,8.4,15.9,0.0
2021-11-01,KC,41.8,7.9,16.8,1.1
2021-11-07,BAL,45.2,8.8,17.4,0.0
2021-11-07,CAR,51.7,15.0,27.1,0.0
2021-11-07,CIN,45.8,6.5,10.3,0.0
2021-11-07,JAX,55.3,16.6,28.4,2.0
2021-11-07,KC,56.1,14.8,29.1,0.0
2021-11-07,MIA,63.4,12.5,25.1,0.0
2021-11-07,NYG,44.8,6.2,12.8,0.0
2021-11-07,SF,53.6,12.7,20.6,0.0
2021-11-08,PIT,47.2,8.2,14.5,0.0
2021-11-11,MIA,74.2,10.1,22.6,3.3
2021-11-14,GB,33.1,14.1,27.7,6.2
2021-11-14,NE,42.7,13.5,30.4,0.0
2021-11-14,NYJ,43.0,12.9,22.6,0.6
2021-11-14,PIT,35.9,12.5,27.1,3.7
2021-11-14,TEN,43.9,12.6,23.3,0.0
2021-11-14,WAS,42.7,9.7,21.5,0.0
2021-11-15,SF,56.5,10.1,17.4,0.0
2021-11-21,BUF,42.2,17.6,33.6,6.1
2021-11-21,CAR,47.1,7.5,15.4,0.0
2021-11-21,CHI,40.6,20.2,30.9,0.3
2021-11-21,CLE,41.5,16.8,26.2,4.0
2021-11-21,JAX,64.1,12.2,20.6,0.0
2021-11-21,KC,46.1,12.2,25.7,0.0
2021-11-21,NYJ,47.1,12.2,21.0,0.8
2021-11-21,SEA,40.6,4.7,8.3,0.0
2021-11-21,TEN,50.1,10.7,19.5,27.4
2021-11-22,TB,69.0,13.8,24.2,2.4
2021-11-28,BAL,42.5,11.0,19.5,0.2
2021-11-28,CIN,38.1,13.8,27.3,0.0
2021-11-28,GB,29.8,14.9,29.5,0.0
2021-11-28,JAX,52.8,8.2,13.2,0.0
2021-11-28,MIA,64.1,5.2,10.7,0.0
2021-11-28,NE,32.1,8.1,17.0,0.0
2021-11-28,NYG,35.7,6.9,13.0,1.4
2021-11-28,SF,59.1,5.3,9.6,0.0
2021-11-29,WAS,39.8,15.3,34.2,0.0
2021-12-05,CHI,38.9,17.1,25.1,5.4
2021-12-05,CIN,45.6,17.5,36.2,2.5
2021-12-05,KC,53.2,16.1,32.4,0.0
2021-12-05,MIA,71.7,8.2,17.2,0.0
2021-12-05,NYJ,39.7,9.4,16.8,0.0
2021-12-05,PIT,40.7,12.7,24.8,0.0
2021-12-05,SEA,40.0,6.1,12.5,0.5
2021-12-06,BUF,44.3,31.2,58.8,13.9
2021-12-12,CAR,45.9,14.9,26.6,0.0
2021-12-12,CIN,37.0,9.4,20.4,0.0
2021-12-12,CLE,38.9,18.2,28.4,0.0
2021-12-12,GB,31.1,14.8,29.1,0.0
2021-12-12,KC,42.7,13.1,27.3,0.0
2021-12-12,NYJ,44.2,20.1,38.9,0.5
2021-12-12,TB,72.4,8.6,16.1,0.5
2021-12-12,TEN,39.5,5.7,10.5,0.0
2021-12-12,WAS,42.8,17.0,36.0,0.0
2021-12-19,BAL,43.3,14.6,26.4,1.3
2021-12-19,BUF,27.7,9.9,20.6,0.6
2021-12-19,JAX,70.4,14.6,24.8,1.1
2021-12-19,MIA,73.4,9.0,20.8,14.7
2021-12-19,NYG,38.8,16.4,29.5,0.5
2021-12-19,PIT,33.7,12.1,26.4,0.0
2021-12-19,SF,46.2,9.8,17.0,0.0
2021-12-19,TB,72.0,12.8,22.1,4.0
2021-12-20,CHI,33.1,16.8,25.5,0.0
2021-12-20,CLE,33.7,12.9,20.8,0.0
2021-12-23,TEN,40.7,11.3,19.7,0.0
2021-12-25,GB,32.5,10.9,19.7,0.0
2021-12-26,CAR,62.5,12.4,23.5,0.2
2021-12-26,CIN,46.2,7.9,14.5,0.0
2021-12-26,KC,50.0,18.5,36.0,0.3
2021-12-26,NE,34.7,12.9,29.1,6.7
2021-12-26,NYJ,43.6,13.6,24.2,0.0
2021-12-26,SEA,28.0,18.0,32.4,11.3
2022-01-02,BAL,56.7,16.9,28.4,9.5
2022-01-02,BUF,26.6,11.7,23.9,9.1
2022-01-02,CHI,23.1,23.6,35.1,3.4
2022-01-02,CIN,37.6,10.6,22.4,4.4
2022-01-02,GB,8.9,7.7,18.1,0.0
2022-01-02,NE,44.9,11.3,23.9,9.5
2022-01-02,NYJ,49.1,15.6,32.7,16.0
2022-01-02,SEA,35.2,14.6,25.1,31.3
2022-01-02,SF,46.5,9.7,16.6,0.0
2022-01-02,TEN,44.5,12.5,23.7,10.8
2022-01-02,WAS,57.7,13.3,27.7,14.9
2022-01-03,PIT,26.1,11.2,23.9,0.0
2022-01-09,BAL,36.7,14.3,24.2,9.6
2022-01-09,BUF,35.6,21.8,42.7,7.0
2022-01-09,CLE,36.0,26.4,41.6,5.1
2022-01-09,JAX,67.0,12.2,21.5,0.0
2022-01-09,MIA,71.6,11.9,23.9,17.7
2022-01-09,NYG,32.6,14.8,26.2,5.1
2022-01-09,TB,71.2,12.9,22.8,0.2
2022-01-15,BUF,6.9,12.1,24.2,0.0
2022-01-15,CIN,28.2,11.0,23.3,0.7
2022-01-16,KC,24.1,9.3,21.0,0.0
2022-01-16,TB,64.3,24.1,45.6,13.5
2022-01-22,GB,15.7,16.9,32.4,1.2
2022-01-22,TEN,25.1,6.1,10.7,0.0
2022-01-23,KC,34.8,15.0,28.6,0.0
2022-01-23,TB,47.6,13.0,22.8,0.0
2022-01-30,KC,34.4,8.1,15.2,0.0
2022-02-13,CIN,21.2,9.9,20.1,0.2
2022-09-11,CAR,75.3,7.9,16.6,3.0
2022-09-11,CHI,66.2,33.5,50.1,47.6
2022-09-11,CIN,69.6,10.4,22.4,18.3
2022-09-11,MIA,81.3,8.3,18.1,8.4
2022-09-11,NYJ,69.8,7.7,13.6,12.9
2022-09-11,TEN,71.3,9.8,21.0,20.7
2022-09-11,WAS,72.9,8.0,19.2,24.7
2022-09-12,SEA,65.4,7.5,17.0,0.0
2022-09-15,KC,74.0,12.0,26.2,0.0
2022-09-18,BAL,70.2,6.3,13.2,0.0
2022-09-18,CLE,73.9,13.3,20.8,0.0
2022-09-18,GB,72.6,12.8,25.7,0.0
2022-09-18,JAX,75.8,11.9,22.4,12.9
2022-09-18,NYG,72.6,12.5,22.8,0.0
2022-09-18,PIT,70.7,10.8,23.0,0.0
2022-09-18,SF,65.1,19.7,33.8,14.9
2022-09-19,BUF,68.0,17.0,34.7,22.7
2022-09-22,CLE,61.4,21.7,35.6,2.0
2022-09-25,CAR,68.0,13.8,25.5,0.0
2022-09-25,CHI,61.1,17.3,29.5,5.5
2022-09-25,MIA,80.5,6.3,15.7,0.3
2022-09-25,NE,58.9,10.8,25.1,0.9
2022-09-25,NYJ,62.9,13.8,25.5,0.3
2022-09-25,SEA,61.7,11.5,21.0,0.0
2022-09-25,TB,77.5,9.6,16.1,3.2
2022-09-25,TEN,71.2,14.7,27.7,4.9
2022-09-25,WAS,66.9,13.0,31.1,6.1
2022-09-26,NYG,65.0,15.5,28.4,0.0
2022-09-29,CIN,55.1,11.7,24.8,0.0
2022-10-02,BAL,56.3,15.6,27.3,35.6
2022-10-02,CAR,59.6,14.0,27.3,0.0
2022-10-02,GB,55.6,8.9,19.9,0.0
2022-10-02,NYG,55.8,19.2,36.2,6.3
2022-10-02,PIT,55.8,11.9,25.5,1.8
2022-10-02,TB,72.9,10.9,19.2,0.0
2022-10-03,SF,63.2,15.0,25.9,0.0
2022-10-09,BAL,50.3,10.1,18.8,0.0
2022-10-09,BUF,52.4,20.8,40.9,1.2
2022-10-09,CAR,57.4,9.4,16.8,0.0
2022-10-09,CLE,52.1,14.1,22.8,0.0
2022-10-09,GB,49.0,8.6,15.9,0.0
2022-10-09,JAX,71.4,8.8,15.0,0.0
2022-10-09,NE,49.3,11.3,26.8,0.0
2022-10-09,NYJ,51.7,12.1,23.0,0.0
2022-10-09,TB,74.8,11.5,19.0,0.0
2022-10-09,WAS,51.2,7.4,18.8,0.0
2022-10-10,KC,65.5,9.1,17.4,0.0
2022-10-13,CHI,47.0,26.3,38.7,0.5
2022-10-16,CLE,52.8,12.4,20.4,0.2
2022-10-16,GB,43.1,12.9,23.9,1.9
2022-10-16,KC,56.3,14.4,30.0,0.0
2022-10-16,MIA,77.8,11.0,22.1,0.8
2022-10-16,NYG,55.5,7.7,15.0,0.0
2022-10-16,PIT,51.8,10.0,21.3,0.0
2022-10-16,SEA,65.0,12.3,21.7,0.0
2022-10-23,BAL,54.1,9.0,15.7,8.5
2022-10-23,CAR,56.3,6.6,13.0,0.0
2022-10-23,CIN,64.6,9.3,20.1,0.0
2022-10-23,JAX,63.4,10.7,18.8,0.0
2022-10-23,MIA,72.2,10.8,21.5,0.1
2022-10-23,SF,58.5,15.4,27.1,0.0
2022-10-23,TEN,65.7,11.2,22.8,0.0
2022-10-23,WAS,53.8,8.6,17.2,13.9
2022-10-24,NE,55.8,9.8,20.1,6.4
2022-10-27,TB,74.9,9.3,15.0,2.6
2022-10-30,BUF,50.0,9.6,17.7,0.0
2022-10-30,JAX,71.8,10.1,18.3,0.6
2022-10-30,NYJ,49.3,5.9,11.2,0.0
2022-10-30,SEA,52.1,18.9,32.4,12.4
2022-10-31,CLE,59.5,14.7,22.4,5.8
2022-11-06,CHI,51.3,21.2,31.8,0.0
2022-11-06,CIN,61.7,10.7,22.1,0.3
2022-11-06,JAX,74.6,11.9,21.5,2.6
2022-11-06,KC,53.4,13.6,26.8,0.0
2022-11-06,NE,67.7,15.0,33.3,0.0
2022-11-06,NYJ,67.8,13.7,25.7,3.1
2022-11-06,TB,76.6,14.4,24.6,0.9
2022-11-06,WAS,68.9,12.8,26.2,15.5
2022-11-10,CAR,56.8,15.6,32.0,8.8
2022-11-13,BUF,37.2,14.9,29.3,6.8
2022-11-13,CHI,32.3,13.3,19.9,0.0
2022-11-13,GB,29.6,9.3,19.7,0.0
2022-11-13,KC,29.0,8.0,16.6,0.0
2022-11-13,MIA,74.0,5.5,13.2,5.5
2022-11-13,NYG,50.8,16.3,30.9,3.2
2022-11-13,PIT,37.2,13.2,27.7,0.1
2022-11-13,SF,50.8,9.1,15.7,0.0
2022-11-13,TB,70.8,10.3,19.0,0.5
2022-11-13,TEN,34.3,9.5,17.7,0.0
2022-11-17,GB,26.6,12.6,24.6,0.7
2022-11-20,BAL,31.4,15.3,27.7,0.0
2022-11-20,BUF,26.2,24.6,48.5,3.0
2022-11-20,NE,31.0,18.5,41.2,0.0
2022-11-20,NYG,32.9,20.4,37.8,0.2
2022-11-20,PIT,24.3,15.3,30.9,0.0
2022-11-27,CAR,59.4,19.3,37.4,14.3
2022-11-27,CLE,47.5,17.9,30.2,11.9
2022-11-27,JAX,71.7,18.6,34.2,0.8
2022-11-27,KC,42.6,13.2,26.4,19.7
2022-11-27,MIA,76.9,8.2,18.6,2.2
2022-11-27,NYJ,48.4,15.8,31.5,10.6
2022-11-27,SEA,43.0,25.5,45.2,6.6
2022-11-27,SF,52.2,8.5,16.6,0.0
2022-11-27,TEN,54.9,17.8,32.9,3.2
2022-11-27,WAS,52.0,15.9,32.7,7.1
2022-12-01,NE,37.2,19.4,41.8,0.0
2022-12-04,BAL,37.7,8.9,16.1,0.0
2022-12-04,CHI,28.4,15.4,23.9,0.0
2022-12-04,CIN,29.8,6.0,13.6,0.0
2022-12-04,NYG,39.0,13.5,23.3,0.0
2022-12-04,SF,51.8,9.2,16.8,1.9
2022-12-05,TB,68.2,4.7,10.7,0.0
2022-12-11,BUF,35.0,13.8,25.9,5.8
2022-12-11,CIN,42.9,7.7,15.9,0.0
2022-12-11,NYG,36.9,11.2,20.8,9.8
2022-12-11,PIT,40.2,9.4,19.9,0.8
2022-12-11,SEA,42.6,9.9,17.2,1.6
2022-12-11,SF,48.4,12.7,20.4,19.5
2022-12-11,TEN,49.7,8.9,17.2,0.1
2022-12-15,SEA,36.9,8.9,16.1,0.0
2022-12-17,BUF,31.5,17.0,34.0,8.6
2022-12-17,CLE,30.9,16.1,25.1,0.1
2022-12-18,CAR,37.2,8.5,17.4,0.0
2022-12-18,CHI,19.6,15.9,25.1,0.0
2022-12-18,JAX,50.2,11.2,17.7,0.0
2022-12-18,NYJ,33.1,13.5,25.1,0.0
2022-12-18,TB,58.9,12.3,19.9,2.0
2022-12-18,WAS,34.5,14.4,32.0,0.0
2022-12-19,GB,8.9,6.3,14.8,0.2
2022-12-22,NYJ,37.4,19.7,34.7,7.3
2022-12-24,BAL,12.6,19.7,37.8,0.0
2022-12-24,CAR,18.3,14.3,25.9,0.0
2022-12-24,CHI,6.2,26.9,38.9,0.0
2022-12-24,CLE,5.1,31.3,49.9,0.6
2022-12-24,KC,11.9,15.1,29.3,0.0
2022-12-24,NE,13.9,17.2,38.3,0.0
2022-12-24,PIT,3.9,22.1,43.6,0.3
2022-12-24,SF,50.3,6.9,12.3,0.0
2022-12-24,TEN,15.5,11.6,22.8,0.0
2022-12-25,MIA,45.5,10.9,20.1,4.9
2022-12-29,TEN,51.3,14.1,25.7,5.0
2023-01-01,BAL,50.7,10.9,19.0,0.2
2023-01-01,GB,33.6,10.4,21.3,0.5
2023-01-01,KC,42.8,8.3,15.4,0.0
2023-01-01,NE,48.1,13.2,29.3,7.1
2023-01-01,NYG,48.2,10.7,20.4,2.1
2023-01-01,SEA,41.2,4.7,7.6,0.6
2023-01-01,TB,70.3,11.9,18.3,0.5
2023-01-01,WAS,52.1,10.2,19.9,0.3
2023-01-07,JAX,51.1,6.7,11.6,0.0
2023-01-08,BUF,28.1,6.8,15.4,0.0
2023-01-08,CHI,30.3,8.1,11.9,0.0
2023-01-08,CIN,33.6,6.5,12.8,0.7
2023-01-08,GB,22.3,9.9,18.8,0.0
2023-01-08,MIA,68.4,7.7,16.8,0.0
2023-01-08,PIT,32.9,5.8,14.3,0.4
2023-01-08,SEA,44.3,17.5,30.6,7.4
2023-01-08,SF,56.1,16.1,34.2,16.9
2023-01-08,WAS,36.4,7.9,15.7,0.9
2023-01-14,JAX,43.4,15.8,28.4,0.0
2023-01-14,SF,54.3,16.5,32.2,34.0
2023-01-15,BUF,23.9,7.2,15.0,0.0
2023-01-15,CIN,29.6,7.9,16.3,0.0
2023-01-16,TB,48.7,6.3,13.0,0.0
2023-01-21,KC,31.6,5.6,9.4,2.4
2023-01-22,BUF,32.3,6.5,12.8,3.8
2023-01-22,SF,47.3,14.1,23.3,0.0
2023-01-29,KC,19.1,12.7,25.7,0.2
2023-09-07,KC,70.7,7.0,13.6,0.0
2023-09-10,BAL,72.5,7.4,14.3,18.3
2023-09-10,CHI,66.6,9.5,16.6,0.0
2023-09-10,CLE,66.8,10.5,15.0,1.3
2023-09-10,NE,71.1,6.1,19.7,11.7
2023-09-10,NYG,71.3,6.2,16.3,17.5
2023-09-10,PIT,68.4,7.4,14.1,15.0
2023-09-10,SEA,66.1,11.2,18.1,0.0
2023-09-10,WAS,70.9,6.3,16.6,44.5
2023-09-11,NYJ,73.2,7.4,15.0,8.7
2023-09-17,BUF,63.2,7.2,14.5,0.1
2023-09-17,CIN,65.1,5.4,13.0,2.0
2023-09-17,JAX,78.5,9.4,20.4,17.2
2023-09-17,NE,64.7,10.2,21.5,0.0
2023-09-17,TB,83.3,12.5,24.2,3.4
2023-09-17,TEN,67.0,8.9,18.1,1.3
2023-09-18,CAR,69.0,8.5,17.2,0.7
2023-09-18,PIT,61.3,9.9,21.0,0.0
2023-09-21,SF,65.0,11.7,22.1,0.0
2023-09-24,BAL,64.8,18.6,35.8,35.5
2023-09-24,CLE,61.1,15.1,20.4,0.0
2023-09-24,GB,64.1,10.6,22.6,1.2
2023-09-24,JAX,77.0,12.3,21.7,0.0
2023-09-24,KC,71.0,8.4,15.4,0.0
2023-09-24,MIA,78.6,5.7,13.9,6.2
2023-09-24,NYJ,62.5,20.6,38.9,14.9
2023-09-24,SEA,58.1,14.0,23.0,9.7
2023-09-24,WAS,65.1,15.0,31.8,7.9
2023-09-25,CIN,66.8,7.3,15.4,0.0
2023-09-25,TB,79.1,9.9,21.5,5.2
2023-09-28,GB,62.2,8.9,19.2,0.0
2023-10-01,BUF,63.9,5.8,14.3,0.0
2023-10-01,CAR,69.1,8.5,18.3,0.0
2023-10-01,CHI,68.4,8.6,13.9,0.0
2023-10-01,CLE,63.6,9.2,13.6,0.0
2023-10-01,JAX,76.0,18.2,33.1,0.2
2023-10-01,NYJ,66.1,11.0,21.7,0.0
2023-10-01,SF,62.0,11.0,18.8,0.4
2023-10-01,TEN,72.8,5.4,10.7,0.0
2023-10-02,NYG,67.5,9.2,17.9,0.0
2023-10-05,WAS,67.1,9.1,20.8,0.3
2023-10-08,BUF,48.3,23.8,45.4,10.8
2023-10-08,MIA,77.6,9.7,21.7,24.1
2023-10-08,NE,56.0,13.0,28.4,0.3
2023-10-08,PIT,49.2,16.3,34.0,0.0
2023-10-08,SF,68.1,12.1,23.7,0.0
2023-10-12,KC,67.8,18.6,37.8,0.0
2023-10-15,BUF,46.9,13.0,26.4,2.2
2023-10-15,CHI,51.4,18.7,27.7,1.5
2023-10-15,CIN,52.0,12.0,24.8,0.0
2023-10-15,CLE,51.7,20.6,28.4,6.8
2023-10-15,JAX,67.3,11.3,21.3,0.0
2023-10-15,MIA,78.9,10.9,21.0,0.0
2023-10-15,NYJ,53.7,15.0,28.9,1.1
2023-10-15,TB,73.8,14.5,26.8,0.0
2023-10-15,TEN,55.4,11.3,21.5,0.0
2023-10-22,BAL,53.6,16.4,31.5,7.4
2023-10-22,CHI,47.3,18.1,26.4,0.0
2023-10-22,KC,59.3,12.1,23.0,0.0
2023-10-22,NE,52.4,15.0,31.1,0.0
2023-10-22,NYG,52.7,16.8,32.4,0.0
2023-10-22,SEA,52.5,8.3,16.1,0.1
2023-10-22,TB,71.2,9.2,16.6,0.0
2023-10-26,BUF,63.9,13.7,25.7,1.7
2023-10-29,CAR,68.2,12.0,24.2,0.0
2023-10-29,GB,37.5,8.6,16.1,0.5
2023-10-29,MIA,78.8,15.0,29.1,0.4
2023-10-29,NYG,54.5,11.7,23.7,34.1
2023-10-29,PIT,54.7,6.2,16.8,24.1
2023-10-29,SEA,41.6,8.3,15.4,0.0
2023-10-29,SF,56.6,7.4,15.2,0.0
2023-10-29,TEN,70.7,10.1,19.0,11.3
2023-10-29,WAS,66.4,7.0,16.6,3.8
2023-11-02,PIT,36.7,8.2,19.0,0.0
2023-11-05,BAL,54.8,8.6,17.4,0.0
2023-11-05,CAR,55.8,7.0,12.5,0.0
2023-11-05,CIN,49.9,5.9,12.1,0.0
2023-11-05,CLE,49.4,11.3,15.0,0.0
2023-11-05,GB,43.1,11.0,19.2,0.6
2023-11-05,KC,53.4,12.5,27.1,0.0
2023-11-05,NE,49.9,8.1,16.3,0.0
2023-11-06,NYJ,46.6,8.3,14.1,0.0
2023-11-09,CHI,46.3,16.6,25.1,0.0
2023-11-12,BAL,43.9,8.7,16.3,0.0
2023-11-12,CIN,44.1,7.4,17.2,0.0
2023-11-12,JAX,63.5,15.2,26.4,0.0
2023-11-12,NE,33.5,7.9,16.6,0.0
2023-11-12,PIT,40.6,6.0,11.9,0.0
2023-11-12,SEA,48.5,14.1,24.2,10.7
2023-11-12,TB,76.1,13.0,21.9,0.8
2023-11-13,BUF,43.1,19.0,40.5,0.8
2023-11-16,BAL,49.6,7.1,13.6,0.0
2023-11-19,BUF,41.6,15.3,30.4,0.4
2023-11-19,CAR,51.9,9.9,17.2,0.0
2023-11-19,CLE,43.9,13.5,18.3,0.0
2023-11-19,GB,36.5,7.6,14.8,0.0
2023-11-19,JAX,65.4,6.9,14.3,0.0
2023-11-19,MIA,71.3,8.4,17.7,0.1
2023-11-19,SF,53.9,11.4,21.3,0.1
2023-11-19,WAS,46.7,7.9,17.7,0.0
2023-11-20,KC,44.6,12.0,24.6,12.2
2023-11-23,SEA,43.7,13.9,24.2,0.0
2023-11-24,NYJ,41.6,14.3,25.5,0.0
2023-11-26,CIN,40.4,14.9,27.7,3.8
2023-11-26,NYG,39.6,20.2,39.1,5.6
2023-11-26,TEN,47.5,13.6,25.1,1.2
2023-12-03,GB,32.5,10.4,21.5,9.7
2023-12-03,NE,42.6,10.6,22.8,16.5
2023-12-03,NYJ,47.4,11.5,20.6,15.9
2023-12-03,PIT,49.3,13.8,33.3,23.0
2023-12-03,TB,73.7,11.4,22.6,2.6
2023-12-03,TEN,50.8,12.2,24.2,0.0
2023-12-03,WAS,54.1,10.1,21.5,22.2
2023-12-04,JAX,68.1,10.5,19.5,0.0
2023-12-07,PIT,36.8,11.4,24.6,0.0
2023-12-10,BAL,53.9,18.9,34.4,53.6
2023-12-10,CHI,33.8,17.9,26.2,0.0
2023-12-10,CIN,38.4,10.9,23.3,0.0
2023-12-10,CLE,40.6,15.7,22.4,1.1
2023-12-10,KC,35.5,12.2,24.4,0.0
2023-12-10,NYJ,53.7,18.6,38.5,31.2
2023-12-10,SF,48.3,5.8,10.3,0.0
2023-12-11,MIA,67.0,11.9,20.1,0.1
2023-12-11,NYG,42.6,19.7,38.3,25.8
2023-12-16,CIN,43.1,9.8,19.0,0.6
2023-12-17,BUF,46.7,19.6,37.1,5.1
2023-12-17,CAR,47.1,19.2,33.6,48.3
2023-12-17,CLE,44.7,20.9,28.4,8.4
2023-12-17,GB,38.5,11.2,21.7,0.4
2023-12-17,JAX,63.7,26.9,46.8,52.2
2023-12-17,MIA,71.9,22.9,40.5,21.7
2023-12-17,NE,43.4,10.4,24.2,9.9
2023-12-17,TEN,47.9,11.5,21.7,3.7
2023-12-18,SEA,42.6,6.9,11.9,1.8
2023-12-23,PIT,40.7,7.1,13.9,2.4
2023-12-24,CAR,49.8,6.7,10.7,0.0
2023-12-24,CHI,48.7,13.4,19.5,0.0
2023-12-24,MIA,70.5,14.6,26.6,1.4
2023-12-24,NYJ,39.8,4.7,8.1,0.0
2023-12-24,TB,65.2,16.0,28.4,0.1
2023-12-24,TEN,56.0,10.1,19.0,0.0
2023-12-25,KC,38.4,13.2,27.1,22.6
2023-12-25,SF,48.9,5.6,8.9,0.0
2023-12-28,CLE,42.1,10.3,12.3,6.7
2023-12-31,BAL,40.2,9.4,18.8,0.6
2023-12-31,BUF,34.1,8.4,18.1,1.5
2023-12-31,CHI,31.9,17.7,26.2,1.5
2023-12-31,JAX,45.7,6.8,13.6,0.0
2023-12-31,KC,32.4,11.7,23.3,0.0
2023-12-31,NYG,37.7,9.5,18.6,0.0
2023-12-31,SEA,43.3,9.0,16.1,0.1
2023-12-31,TB,54.8,6.2,12.5,0.0
2023-12-31,WAS,40.6,9.3,18.6,0.0
2024-01-06,BAL,34.0,19.6,34.9,18.9
2024-01-07,CAR,43.9,15.7,29.8,0.0
2024-01-07,CIN,35.2,15.9,31.1,2.2
2024-01-07,GB,30.9,10.3,20.4,0.0
2024-01-07,MIA,67.5,12.5,24.4,1.7
2024-01-07,NE,30.7,15.2,33.8,29.3
2024-01-07,NYG,34.9,16.8,32.4,8.7
2024-01-07,SF,44.7,8.3,15.2,0.0
2024-01-07,TEN,40.2,12.1,22.8,0.9
2024-01-07,WAS,38.8,16.7,36.7,0.1
2024-01-13,KC,2.3,15.6,32.2,1.0
2024-01-15,BUF,15.9,14.9,31.5,4.6
2024-01-15,TB,62.9,8.2,13.2,1.5
2024-01-20,BAL,19.4,16.9,33.6,0.0
2024-01-20,SF,56.5,12.4,22.4,4.1
2024-01-21,BUF,20.5,14.1,29.5,0.3
2024-01-28,BAL,42.0,15.0,29.5,29.4
2024-01-28,SF,57.8,6.2,10.5,0.0
2024-02-11,KC,35.4,7.4,16.1,0.0
2024-09-05,KC,76.0,9.6,18.6,0.3
2024-09-08,BUF,55.6,20.6,40.7,1.9
2024-09-08,CHI,61.0,11.3,19.5,0.0
2024-09-08,CIN,58.9,6.6,12.3,0.0
2024-09-08,CLE,59.6,16.3,22.1,0.0
2024-09-08,MIA,83.0,10.1,20.8,0.5
2024-09-08,NYG,61.4,12.5,25.1,0.0
2024-09-08,SEA,67.2,9.0,17.4,0.0
2024-09-08,TB,79.3,11.4,20.8,2.3
2024-09-09,SF,64.8,15.0,26.6,0.0
2024-09-12,MIA,81.6,6.1,15.2,6.6
2024-09-15,BAL,70.5,10.9,21.9,0.0
2024-09-15,CAR,72.4,16.8,31.8,0.7
2024-09-15,GB,73.1,9.7,19.7,0.1
2024-09-15,JAX,77.2,14.5,27.3,1.7
2024-09-15,KC,75.7,9.0,17.4,0.7
2024-09-15,NE,66.0,6.9,16.3,0.0
2024-09-15,TEN,74.1,9.5,20.4,2.1
2024-09-15,WAS,70.0,10.4,23.7,0.0
2024-09-19,NYJ,72.2,9.7,19.7,0.0
2024-09-22,CLE,72.6,8.1,11.0,0.9
2024-09-22,PIT,70.1,8.2,16.1,0.0
2024-09-22,SEA,59.1,6.5,10.1,0.0
2024-09-22,TB,79.4,11.8,20.4,0.0
2024-09-22,TEN,75.2,9.6,20.6,9.1
2024-09-23,BUF,68.5,12.3,22.6,7.8
2024-09-23,CIN,73.6,6.3,12.1,0.9
2024-09-26,NYG,68.3,9.9,23.0,4.4
2024-09-29,BAL,66.4,10.1,18.3,7.7
2024-09-29,CAR,72.4,8.1,18.6,0.2
2024-09-29,CHI,66.0,17.5,27.5,0.1
2024-09-29,GB,64.0,12.9,26.2,0.0
2024-09-29,NYJ,62.8,11.2,20.8,2.5
2024-09-29,SF,64.7,12.3,21.7,0.0
2024-09-29,TB,82.3,9.5,20.1,1.2
2024-09-30,MIA,81.2,8.8,18.1,1.7
2024-10-06,CHI,67.6,21.0,30.6,0.0
2024-10-06,CIN,70.7,11.9,24.6,0.0
2024-10-06,JAX,74.2,12.4,22.6,24.3
2024-10-06,NE,54.9,8.1,16.8,0.0
2024-10-06,PIT,63.8,12.1,24.6,22.5
2024-10-06,SEA,55.9,6.3,12.8,0.0
2024-10-06,SF,86.2,13.4,23.0,0.0
2024-10-06,WAS,63.9,9.5,18.3,0.0
2024-10-07,KC,59.9,6.0,11.9,0.0
2024-10-10,SEA,52.7,12.5,21.9,0.0
2024-10-13,BAL,66.1,15.9,28.2,0.0
2024-10-13,CAR,63.9,12.2,21.3,0.0
2024-10-13,CHI,58.1,23.2,35.8,0.8
2024-10-13,GB,49.2,18.5,43.2,13.0
2024-10-13,NE,48.3,9.3,18.8,1.2
2024-10-13,NYG,61.3,9.8,19.5,0.0
2024-10-13,TEN,71.1,10.9,20.6,0.8
2024-10-14,NYJ,55.3,21.4,41.6,0.1
2024-10-20,BUF,56.5,12.8,25.9,0.0
2024-10-20,CLE,59.2,12.0,15.4,0.0
2024-10-20,GB,65.6,13.8,25.3,0.0
2024-10-20,JAX,66.2,14.9,27.7,0.1
2024-10-20,NYG,57.6,6.2,11.4,0.0
2024-10-20,PIT,53.7,5.8,12.3,0.0
2024-10-20,SF,68.9,11.5,20.4,0.0
2024-10-20,WAS,55.7,4.3,13.2,0.0
2024-10-21,TB,73.5,14.0,23.5,0.0
2024-10-27,CIN,49.2,6.2,12.3,0.0
2024-10-27,CLE,48.5,9.2,14.5,0.0
2024-10-27,JAX,71.7,7.1,12.1,0.1
2024-10-27,MIA,75.0,13.0,24.8,0.0
2024-10-27,NE,45.0,9.7,23.0,0.0
2024-10-27,SEA,53.0,19.9,33.1,20.6
2024-10-27,SF,64.3,11.8,21.0,0.0
2024-10-27,TB,72.7,7.7,14.8,0.0
2024-10-27,WAS,49.6,9.5,17.9,0.0
2024-10-28,PIT,47.8,5.9,13.6,0.0
2024-10-31,NYJ,67.7,13.2,23.0,0.0
2024-11-03,BAL,48.1,6.8,13.9,0.0
2024-11-03,BUF,44.9,10.6,20.1,0.0
2024-11-03,CAR,58.3,8.9,18.1,0.0
2024-11-03,CIN,55.5,10.0,18.8,0.0
2024-11-03,CLE,51.3,15.4,20.1,0.0
2024-11-03,GB,49.1,16.9,30.9,14.5
2024-11-03,NYG,45.5,9.1,18.1,0.0
2024-11-03,SEA,49.2,10.6,17.2,0.2
2024-11-03,TEN,65.5,14.4,28.0,0.0
2024-11-04,KC,63.9,10.1,21.0,27.2
2024-11-07,BAL,68.0,10.5,21.3,0.0
2024-11-10,CAR,54.0,8.0,13.4,11.5
2024-11-10,CHI,54.0,24.2,36.0,3.8
2024-11-10,JAX,74.2,13.6,25.1,2.9
2024-11-10,KC,53.1,12.6,23.9,0.0
2024-11-10,TB,76.9,13.0,23.9,0.2
2024-11-10,WAS,50.0,12.6,28.0,5.9
2024-11-17,BUF,46.5,12.6,23.7,0.1
2024-11-17,CHI,51.5,9.9,21.7,2.7
2024-11-17,MIA,74.3,10.0,23.7,0.0
2024-11-17,NE,49.0,9.8,21.0,0.0
2024-11-17,NYJ,52.7,8.8,19.0,0.0
2024-11-17,PIT,44.5,5.7,13.6,0.0
2024-11-17,SF,50.4,4.9,10.5,0.6
2024-11-17,TEN,56.0,7.4,16.3,0.0
2024-11-21,CLE,37.8,17.5,26.2,4.1
2024-11-24,CAR,47.5,4.7,11.0,0.0
2024-11-24,CHI,42.3,8.9,19.5,0.0
2024-11-24,GB,38.4,11.4,23.5,1.6
2024-11-24,MIA,63.3,5.7,14.5,0.0
2024-11-24,NYG,46.3,14.3,35.3,0.0
2024-11-24,SEA,44.4,8.9,16.3,6.1
2024-11-24,WAS,48.5,10.5,21.3,0.0
2024-11-28,GB,28.1,11.5,25.7,0.2
2024-11-29,KC,28.7,7.0,13.9,0.0
2024-12-01,BAL,31.8,9.7,22.4,0.0
2024-12-01,BUF,27.7,13.6,27.1,12.9
2024-12-01,CAR,37.7,8.5,17.7,0.0
2024-12-01,CIN,28.1,8.9,21.3,0.0
2024-12-01,JAX,47.9,7.5,16.1,0.0
2024-12-01,NE,30.0,10.1,22.4,0.0
2024-12-01,NYJ,30.4,11.2,28.4,0.0
2024-12-01,WAS,32.7,9.9,21.7,0.0
2024-12-08,KC,46.9,14.6,29.8,0.6
2024-12-08,MIA,68.4,7.8,19.9,0.0
2024-12-08,NYG,42.1,12.6,29.1,0.1
2024-12-08,PIT,42.2,14.4,32.0,0.0
2024-12-08,SF,53.6,5.5,13.9,0.0
2024-12-08,TB,59.3,6.3,13.0,0.0
2024-12-08,TEN,45.9,13.6,27.3,13.1
2024-12-12,SF,52.1,11.0,25.1,20.7
2024-12-15,CAR,40.9,9.7,20.1,1.5
2024-12-15,CLE,37.7,21.0,28.4,11.5
2024-12-15,JAX,63.9,10.7,22.8,0.5
2024-12-15,NYG,30.2,5.3,14.5,0.1
2024-12-15,SEA,42.6,14.2,29.3,0.3
2024-12-15,TEN,52.9,17.2,33.6,9.7
2024-12-21,BAL,31.9,13.4,34.7,0.1
2024-12-21,KC,26.7,6.0,11.2,0.0
2024-12-22,BUF,9.0,8.9,17.7,0.3
2024-12-22,CAR,30.8,9.7,19.2,0.0
2024-12-22,CHI,24.5,12.6,26.2,0.0
2024-12-22,CIN,27.7,5.7,12.5,0.0
2024-12-22,MIA,62.2,6.4,14.8,0.0
2024-12-22,NYJ,16.1,9.1,21.5,0.0
2024-12-22,SEA,46.0,14.3,27.1,7.2
2024-12-22,WAS,26.0,9.0,21.3,0.0
2024-12-23,GB,31.8,12.0,22.8,0.8
2024-12-25,PIT,34.5,4.2,10.3,0.0
2024-12-26,CHI,41.2,9.1,17.2,1.0
2024-12-28,CIN,55.6,12.3,26.6,0.3
2024-12-28,NE,36.3,7.1,13.6,2.3
2024-12-29,BUF,49.9,21.7,40.9,20.0
2024-12-29,CLE,47.3,22.7,30.2,30.1
2024-12-29,JAX,68.3,10.8,21.0,1.4
2024-12-29,NYG,48.8,13.8,30.0,2.5
2024-12-29,TB,70.3,12.4,27.1,8.6
2024-12-29,WAS,58.9,16.5,44.5,3.5
2024-12-30,SF,49.3,5.7,15.2,0.0
2025-01-04,BAL,27.7,18.3,40.7,0.0
2025-01-04,PIT,20.4,15.1,32.7,0.6
2025-01-05,GB,12.7,12.5,26.8,0.0
2025-01-05,NE,27.8,17.8,38.5,0.0
2025-01-05,NYJ,28.3,12.0,29.5,0.0
2025-01-05,TB,56.9,6.8,17.0,0.0
2025-01-05,TEN,41.8,16.3,36.7,35.5
2025-01-11,BAL,27.6,12.3,25.9,3.6
2025-01-12,BUF,30.0,12.8,23.3,0.4
2025-01-12,TB,51.2,6.9,14.5,0.0
2025-01-18,KC,21.2,16.0,30.2,0.0
2025-01-19,BUF,20.5,7.9,17.0,1.3
2025-01-26,KC,25.0,8.2,15.9,0.0
2025-09-07,BUF,58.3,14.2,30.2,2.1
2025-09-07,CLE,61.1,11.5,18.3,0.6
2025-09-07,GB,53.4,8.2,19.7,0.0
2025-09-07,JAX,78.5,8.2,18.8,8.5
2025-09-07,NE,61.4,7.6,16.1,27.2
2025-09-07,NYJ,65.0,5.5,12.8,21.4
2025-09-07,SEA,64.6,8.1,17.4,0.0
2025-09-07,WAS,67.0,9.4,17.7,19.0
2025-09-08,CHI,60.9,5.7,15.2,0.0
2025-09-11,GB,63.5,7.1,16.3,0.1
2025-09-14,BAL,72.0,4.5,12.8,0.0
2025-09-14,CIN,76.2,7.2,18.8,0.9
2025-09-14,KC,83.4,12.5,25.7,0.0
2025-09-14,MIA,78.0,5.6,12.5,1.3
2025-09-14,NYJ,73.2,5.4,17.0,0.0
2025-09-14,PIT,71.4,7.5,16.3,0.0
2025-09-14,TEN,79.9,7.4,17.9,0.0
2025-09-18,BUF,66.8,10.4,23.3,0.0
2025-09-21,CAR,74.8,7.0,17.4,0.0
2025-09-21,CHI,70.2,8.7,22.8,4.5
2025-09-21,CLE,73.8,12.8,17.0,0.0
2025-09-21,JAX,77.9,13.4,30.2,0.5
2025-09-21,NE,56.5,6.9,14.3,0.0
2025-09-21,NYG,63.3,5.4,15.7,0.0
2025-09-21,SEA,60.8,12.4,24.6,14.5
2025-09-21,SF,69.4,7.4,20.6,0.0
2025-09-21,TB,82.4,7.5,19.2,0.0
2025-09-21,TEN,78.5,7.5,22.6,10.4
2025-09-21,WAS,67.5,8.8,19.7,0.7
2025-09-22,BAL,66.9,5.8,15.0,0.0
2025-09-28,BUF,67.0,9.7,17.9,0.0
2025-09-28,KC,75.1,6.3,13.9,0.0
2025-09-28,NE,69.5,7.7,17.7,0.8
2025-09-28,NYG,72.1,4.0,12.5,0.7
2025-09-28,PIT,68.1,4.0,10.7,0.0
2025-09-28,SF,69.9,8.4,22.6,0.0
2025-09-28,TB,81.0,9.3,25.9,1.9
2025-09-29,MIA,79.3,11.4,25.9,2.0
2025-10-05,BAL,64.9,5.5,15.2,0.0
2025-10-05,BUF,70.8,9.3,16.8,0.0
2025-10-05,CAR,68.5,8.2,19.9,0.0
2025-10-05,CIN,70.4,6.9,20.1,0.0
2025-10-05,CLE,71.7,9.6,13.6,0.0
2025-10-05,NYJ,71.0,6.4,15.7,0.0
2025-10-05,SEA,55.5,10.3,22.8,0.0
2025-10-06,JAX,77.5,11.5,29.1,9.4
2025-10-09,NYG,53.5,9.3,23.9,0.0
2025-10-12,BAL,62.3,13.4,31.5,0.8
2025-10-12,CAR,63.9,16.4,37.8,1.9
2025-10-12,GB,55.9,11.1,24.8,0.0
2025-10-12,JAX,68.3,10.0,21.3,0.0
2025-10-12,KC,71.0,13.1,27.7,0.0
2025-10-12,MIA,75.0,5.9,15.0,2.7
2025-10-12,NYJ,58.7,15.3,32.2,14.2
2025-10-12,PIT,58.3,8.5,24.2,1.1
2025-10-12,TB,72.7,9.3,21.9,0.0
2025-10-13,WAS,58.8,13.9,28.2,3.0
2025-10-16,CIN,58.1,5.8,16.3,0.0
2025-10-19,CHI,54.4,18.4,36.5,16.1
2025-10-19,CLE,63.4,25.9,37.1,16.3
2025-10-19,JAX,71.7,17.5,32.7,8.8
2025-10-19,KC,54.5,14.6,30.0,0.0
2025-10-19,NYJ,60.5,12.6,30.0,0.0
2025-10-19,SF,63.6,6.2,17.7,0.0
2025-10-19,TEN,62.2,18.7,39.8,28.1
2025-10-20,SEA,52.3,8.3,19.2,0.0
2025-10-26,BAL,51.4,4.5,11.0,0.0
2025-10-26,CAR,54.4,8.0,20.4,0.0
2025-10-26,CIN,50.8,8.4,21.5,0.0
2025-10-26,NE,46.7,9.2,22.1,0.0
2025-10-26,PIT,45.7,6.4,16.8,0.0
2025-10-27,KC,53.3,7.6,17.2,0.9
2025-10-30,MIA,71.4,11.4,27.5,0.0
2025-11-02,BUF,44.7,10.1,18.6,0.0
2025-11-02,CIN,46.1,3.7,8.9,1.5
2025-11-02,GB,39.8,15.6,33.3,1.4
2025-11-02,NE,42.4,7.8,18.6,0.0
2025-11-02,NYG,48.1,5.7,13.9,0.0
2025-11-02,PIT,46.5,4.4,11.4,0.0
2025-11-02,TEN,45.8,7.0,15.7,4.3
2025-11-02,WAS,51.4,5.0,13.0,0.0
2025-11-09,CAR,65.2,14.9,32.2,0.1
2025-11-09,CHI,33.9,18.6,37.4,11.2
2025-11-09,MIA,77.6,4.3,14.1,1.6
2025-11-09,NYJ,54.4,9.7,22.6,0.2
2025-11-09,SEA,52.3,8.1,15.4,0.0
2025-11-09,SF,64.1,3.7,11.6,0.0
2025-11-09,TB,74.9,7.9,22.8,0.6
2025-11-09,WAS,58.5,9.5,19.7,5.8
2025-11-10,GB,28.5,12.9,28.2,0.0
2025-11-13,NE,42.0,11.0,25.1,0.4
2025-11-16,BUF,40.0,21.0,42.5,2.9
2025-11-16,CLE,45.0,22.9,33.1,1.2
2025-11-16,JAX,66.1,11.9,27.7,0.0
2025-11-16,MIA,69.7,5.0,15.2,0.0
2025-11-16,NYG,48.9,16.0,39.6,0.1
2025-11-16,PIT,45.4,15.7,41.2,0.3
2025-11-16,TEN,60.3,11.1,22.6,0.8
2025-11-23,BAL,45.1,7.7,20.6,0.0
2025-11-23,CHI,44.5,9.3,20.6,0.0
2025-11-23,CIN,45.9,7.2,14.5,0.0
2025-11-23,GB,38.9,11.0,20.8,0.0
2025-11-23,KC,49.0,7.5,14.5,0.0
2025-11-23,TEN,53.8,5.6,13.4,0.0
2025-11-24,SF,51.6,5.1,13.4,0.0
2025-11-27,BAL,40.6,13.9,30.4,0.0
2025-11-30,CAR,41.1,6.4,12.8,3.1
2025-11-30,CLE,35.6,24.6,35.3,5.5
2025-11-30,MIA,72.9,9.1,21.5,2.7
2025-11-30,NYJ,36.8,8.4,17.0,2.8
2025-11-30,PIT,36.6,17.1,38.5,1.3
2025-11-30,SEA,39.6,4.4,12.3,0.0
2025-11-30,TB,71.2,9.1,22.6,0.0
2025-11-30,TEN,40.9,14.3,29.1,1.1
2025-11-30,WAS,36.9,12.4,23.5,3.3
2025-12-01,NE,37.1,14.3,30.4,0.4
2025-12-07,BAL,34.7,5.7,11.4,0.0
2025-12-07,BUF,29.6,14.2,25.9,5.0
2025-12-07,CLE,32.5,17.1,24.6,2.2
2025-12-07,GB,12.4,9.1,17.7,0.9
2025-12-07,JAX,57.9,7.6,17.9,31.0
2025-12-07,KC,32.1,12.0,25.3,0.0
2025-12-07,NYJ,35.0,7.5,17.9,0.0
2025-12-07,TB,68.0,11.2,21.9,32.6
2025-12-11,TB,59.8,7.9,19.7,0.0
2025-12-14,CHI,2.9,13.8,27.7,0.0
2025-12-14,CIN,5.9,10.8,22.4,0.0
2025-12-14,JAX,60.3,13.7,27.3,0.0
2025-12-14,KC,15.7,8.6,17.7,0.0
2025-12-14,NE,29.1,15.8,32.0,6.6
2025-12-14,NYG,27.4,12.1,25.3,11.0
2025-12-14,SEA,51.2,10.6,19.5,3.2
2025-12-14,SF,45.5,3.9,11.9,0.0
2025-12-15,PIT,12.2,10.2,21.7,0.1
2025-12-18,SEA,47.2,21.5,42.1,10.3
2025-12-20,CHI,33.6,15.5,32.9,0.0
2025-12-20,WAS,34.8,14.0,28.6,0.0
2025-12-21,BAL,39.9,13.3,30.0,0.0
2025-12-21,CAR,46.2,9.4,20.6,0.0
2025-12-21,CLE,31.0,23.6,32.4,0.0
2025-12-21,MIA,71.8,7.0,14.8,1.5
2025-12-21,NYG,36.2,14.2,32.7,0.0
2025-12-21,TEN,46.2,9.6,18.8,0.0
2025-12-25,KC,54.5,11.9,23.7,0.0
2025-12-25,WAS,43.5,9.8,19.2,0.2
2025-12-27,GB,34.9,9.7,18.8,0.0
2025-12-28,BUF,35.9,24.3,42.5,19.4
2025-12-28,CAR,47.1,9.4,18.8,1.4
2025-12-28,CIN,59.9,19.0,40.3,5.9
2025-12-28,CLE,42.9,20.2,29.3,10.8
2025-12-28,MIA,68.1,4.9,9.8,0.0
2025-12-28,NYJ,21.6,5.8,12.3,0.9
2025-12-28,SF,45.0,5.6,13.2,0.0
2025-12-28,TEN,68.1,18.4,40.7,2.0
2026-01-03,SF,57.5,11.2,26.4,4.0
2026-01-03,TB,65.6,14.3,32.9,3.9
2026-01-04,BUF,25.4,13.9,26.2,2.0
2026-01-04,CHI,26.5,10.4,21.7,0.0
2026-01-04,CIN,29.6,5.6,11.0,0.0
2026-01-04,JAX,55.5,9.9,20.6,0.4
2026-01-04,NE,24.6,8.2,17.9,0.8
2026-01-04,NYG,28.2,7.6,19.2,0.3
2026-01-04,PIT,24.6,7.8,17.4,0.6
2026-01-10,CAR,65.7,19.2,38.0,8.2
2026-01-10,CHI,35.0,12.0,29.5,6.4
2026-01-11,JAX,61.3,11.9,25.3,0.4
2026-01-11,NE,37.7,15.2,30.4,6.0
2026-01-12,PIT,30.5,14.6,32.9,0.0
2026-01-17,SEA,41.1,5.9,13.2,0.0
2026-01-18,CHI,13.9,11.8,25.5,1.0
2026-01-18,NE,30.7,7.4,14.3,9.1
2026-01-25,SEA,34.0,4.0,8.5,0.0
2026-02-08,NE,7.1,17.6,35.8,0.0
2026-09-09,SEA,65.6,8.5,16.8,0.0
2026-09-13,CAR,80.2,7.7,14.3,0.7
2026-09-13,CIN,75.8,11.2,28.4,0.8
2026-09-13,JAX,81.0,8.1,15.4,0.9
2026-09-13,NYG,72.7,5.3,13.9,45.3
2026-09-13,PIT,72.5,9.2,26.6,12.0
2026-09-13,TEN,80.5,7.0,14.8,0.0
2026-09-14,KC,77.8,15.2,34.0,0.0
2026-09-17,BUF,69.3,6.9,15.0,0.5
2026-09-20,BAL,73.2,9.5,19.9,28.4
2026-09-20,CHI,67.3,15.0,35.6,28.9
2026-09-20,KC,72.4,7.5,17.2,3.7
2026-09-20,NE,56.8,8.9,18.6,2.3
2026-09-20,NYJ,66.2,10.4,25.9,9.9
2026-09-20,SF,61.1,6.3,18.1,0.0
2026-09-20,TB,78.4,7.7,19.0,8.5
2026-09-20,TEN,86.0,6.9,15.2,0.5
2026-09-24,GB,59.7,5.9,13.0,0.0
2026-09-27,BUF,59.2,11.8,25.1,3.3
2026-09-27,CLE,66.4,15.2,21.0,0.0
2026-09-27,JAX,72.7,7.2,13.4,0.0
2026-09-27,MIA,77.6,4.6,11.4,0.4
2026-09-27,NYG,60.4,19.6,43.2,43.6
2026-09-27,PIT,60.5,12.0,28.4,0.4
2026-09-27,SF,61.1,9.3,24.6,0.0
2026-09-27,TB,76.7,10.0,23.0,0.0
2026-09-27,WAS,60.2,14.9,28.9,12.1
2026-09-28,CHI,62.4,6.4,16.3,0.0
2026-10-01,CLE,73.8,15.4,19.9,0.4
2026-10-04,BAL,61.7,8.0,18.1,4.6
2026-10-04,BUF,58.1,12.2,26.2,0.6
2026-10-04,CAR,63.8,8.7,19.9,0.0
2026-10-04,CHI,61.3,7.8,19.0,0.0
2026-10-04,CIN,62.1,4.2,11.0,0.0
2026-10-04,NYG,58.3,7.0,16.6,2.3
2026-10-04,SEA,58.3,5.7,11.9,0.0
2026-10-04,SF,77.7,6.5,18.3,0.0
2026-10-04,TB,79.7,6.0,14.5,9.8
2026-10-04,WAS,62.3,8.2,17.7,3.3
