season,team_mp,team,nombre,situacion,juegos,minutos,xgf_60,xga_60,gf_60,ga_60,xg_pct,corsi_pct,hd_xgf_60,hd_xga_60,suerte_gf,suerte_ga,bajado
2025,NYR,NYR,NYR,all,82,4975.2,2.861,3.237,2.834,3.003,0.4691,0.4863,1.096,1.328,-2.2,-19.44,2026-10-10T20:07:17Z
2025,NYR,NYR,NYR,5on5,82,4096.4,2.259,2.398,2.256,2.285,0.485,0.4887,0.604,0.611,-0.2,-7.73,2026-10-10T20:07:17Z
2025,LAK,LA,LAK,all,82,5027.9,2.971,2.851,2.625,2.84,0.5103,0.5199,1.103,0.958,-28.96,-0.87,2026-10-10T20:07:17Z
2025,LAK,LA,LAK,5on5,82,4136.1,2.423,2.203,2.205,2.031,0.5238,0.5221,0.591,0.46,-15.04,-11.86,2026-10-10T20:07:17Z
2025,NYI,NYI,NYI,all,82,4988.1,3.085,3.321,2.755,2.839,0.4816,0.4967,1.165,1.346,-27.5,-40.12,2026-10-10T20:07:17Z
2025,NYI,NYI,NYI,5on5,82,4031.7,2.481,2.691,2.173,2.366,0.4797,0.4901,0.681,0.75,-20.7,-21.84,2026-10-10T20:07:17Z
2025,MTL,MTL,MTL,all,82,5007.2,3.215,3.276,3.343,3.008,0.4953,0.4835,1.286,1.27,10.69,-22.39,2026-10-10T20:07:17Z
2025,MTL,MTL,MTL,5on5,82,4003.2,2.406,2.619,2.758,2.413,0.4789,0.4864,0.59,0.745,23.45,-13.71,2026-10-10T20:07:17Z
2025,NJD,NJ,NJD,all,82,4974.1,3.151,3.009,2.726,3.052,0.5115,0.5184,1.172,1.14,-35.2,3.53,2026-10-10T20:07:17Z
2025,NJD,NJ,NJD,5on5,82,4146.6,2.453,2.498,1.968,2.648,0.4955,0.5137,0.594,0.687,-33.56,10.34,2026-10-10T20:07:17Z
2025,TOR,TOR,TOR,all,82,4996.9,2.863,3.428,3.026,3.542,0.4551,0.4463,1.05,1.286,13.59,9.51,2026-10-10T20:07:17Z
2025,TOR,TOR,TOR,5on5,82,4119.4,2.243,2.675,2.491,3.015,0.4561,0.448,0.519,0.679,16.98,23.35,2026-10-10T20:07:17Z
2025,OTT,OTT,OTT,all,82,4966.9,3.284,2.67,3.322,2.96,0.5516,0.5327,1.291,0.998,3.11,23.98,2026-10-10T20:07:17Z
2025,OTT,OTT,OTT,5on5,82,3975.3,2.665,2.124,2.702,2.46,0.5565,0.5286,0.753,0.548,2.45,22.28,2026-10-10T20:07:17Z
2025,BOS,BOS,BOS,all,82,4992.2,2.975,3.336,3.221,2.969,0.4714,0.4848,1.152,1.233,20.43,-30.57,2026-10-10T20:07:17Z
2025,BOS,BOS,BOS,5on5,82,4011.4,2.392,2.666,2.722,2.229,0.4729,0.4893,0.628,0.726,22.09,-29.25,2026-10-10T20:07:17Z
2025,EDM,EDM,EDM,all,82,4970.5,3.314,3.105,3.404,3.199,0.5163,0.5041,1.242,1.207,7.44,7.75,2026-10-10T20:07:17Z
2025,EDM,EDM,EDM,5on5,82,4145.5,2.638,2.466,2.533,2.721,0.5168,0.5028,0.707,0.672,-7.23,17.59,2026-10-10T20:07:17Z
2025,TBL,TB,TBL,all,82,4971.0,3.433,2.915,3.452,2.764,0.5408,0.5271,1.357,1.103,1.6,-12.48,2026-10-10T20:07:17Z
2025,TBL,TB,TBL,5on5,82,3971.1,2.674,2.278,2.946,2.297,0.54,0.533,0.717,0.566,17.99,1.22,2026-10-10T20:07:17Z
2025,UTA,UTAH,UTA,all,82,4947.1,3.172,3.081,3.25,2.911,0.5073,0.5203,1.151,1.231,6.47,-14.05,2026-10-10T20:07:17Z
2025,UTA,UTAH,UTA,5on5,82,4024.0,2.635,2.39,2.758,2.43,0.5244,0.5314,0.67,0.625,8.27,2.73,2026-10-10T20:07:17Z
2025,DET,DET,DET,all,82,4978.9,3.09,3.041,2.88,3.061,0.504,0.4934,1.139,1.062,-17.45,1.62,2026-10-10T20:07:17Z
2025,DET,DET,DET,5on5,82,4065.4,2.378,2.497,2.096,2.509,0.4879,0.4881,0.579,0.604,-19.14,0.84,2026-10-10T20:07:17Z
2025,BUF,BUF,BUF,all,82,4968.0,3.117,3.195,3.418,2.899,0.4938,0.488,1.198,1.25,24.95,-24.51,2026-10-10T20:07:17Z
2025,BUF,BUF,BUF,5on5,82,4005.4,2.547,2.551,2.891,2.337,0.4995,0.4928,0.656,0.67,22.98,-14.33,2026-10-10T20:07:17Z
2025,VGK,VGK,VGK,all,82,5015.7,3.169,2.697,3.158,2.895,0.5402,0.5241,1.167,1.017,-0.89,16.51,2026-10-10T20:07:17Z
2025,VGK,VGK,VGK,5on5,82,4172.3,2.517,2.111,2.502,2.473,0.5439,0.5231,0.659,0.548,-1.04,25.21,2026-10-10T20:07:17Z
2025,COL,COL,COL,all,82,4984.8,3.624,2.784,3.587,2.371,0.5655,0.5604,1.37,1.012,-3.1,-34.31,2026-10-10T20:07:17Z
2025,COL,COL,COL,5on5,82,4016.1,3.032,2.301,3.227,1.912,0.5685,0.567,0.838,0.591,13.03,-26.03,2026-10-10T20:07:17Z
2025,SEA,SEA,SEA,all,82,4991.0,2.692,3.101,2.693,3.09,0.4647,0.4579,1.005,1.178,0.07,-0.92,2026-10-10T20:07:17Z
2025,SEA,SEA,SEA,5on5,82,4160.2,2.132,2.506,2.207,2.308,0.4597,0.454,0.572,0.653,5.18,-13.77,2026-10-10T20:07:17Z
2025,WSH,WSH,WSH,all,82,4978.2,3.253,3.171,3.146,2.868,0.5064,0.4911,1.265,1.118,-8.9,-25.11,2026-10-10T20:07:17Z
2025,WSH,WSH,WSH,5on5,82,4006.0,2.621,2.623,2.681,2.202,0.4998,0.4942,0.671,0.718,3.99,-28.13,2026-10-10T20:07:17Z
2025,VAN,VAN,VAN,all,82,4992.2,2.817,3.434,2.524,3.774,0.4506,0.477,1.078,1.278,-24.39,28.26,2026-10-10T20:07:17Z
2025,VAN,VAN,VAN,5on5,82,4094.9,2.223,2.81,1.919,3.077,0.4416,0.4645,0.595,0.694,-20.69,18.2,2026-10-10T20:07:17Z
2025,PIT,PIT,PIT,all,82,5003.5,3.266,3.108,3.478,3.094,0.5124,0.5001,1.212,1.18,17.61,-1.17,2026-10-10T20:07:17Z
2025,PIT,PIT,PIT,5on5,82,4097.2,2.656,2.549,2.943,2.548,0.5103,0.5018,0.709,0.688,19.65,-0.06,2026-10-10T20:07:17Z
2025,FLA,FLA,FLA,all,82,4972.7,3.2,3.2,2.968,3.306,0.5,0.5264,1.176,1.364,-19.21,8.78,2026-10-10T20:07:17Z
2025,FLA,FLA,FLA,5on5,82,3944.3,2.481,2.556,2.464,2.753,0.4925,0.5172,0.62,0.756,-1.08,12.96,2026-10-10T20:07:17Z
2025,WPG,WPG,WPG,all,82,4976.4,2.983,3.179,2.761,3.087,0.4842,0.4873,1.203,1.32,-18.44,-7.63,2026-10-10T20:07:17Z
2025,WPG,WPG,WPG,5on5,82,4034.1,2.34,2.554,2.32,2.558,0.4781,0.4877,0.637,0.751,-1.34,0.26,2026-10-10T20:07:17Z
2025,SJS,SJ,SJS,all,82,4978.8,2.912,3.185,3.001,3.495,0.4776,0.4696,1.163,1.21,7.33,25.67,2026-10-10T20:07:17Z
2025,SJS,SJ,SJS,5on5,82,4017.3,2.325,2.563,2.434,2.838,0.4756,0.4695,0.683,0.695,7.33,18.39,2026-10-10T20:07:17Z
2025,NSH,NSH,NSH,all,82,4988.9,3.02,3.245,2.91,3.211,0.482,0.5037,1.182,1.252,-9.09,-2.8,2026-10-10T20:07:17Z
2025,NSH,NSH,NSH,5on5,82,4026.1,2.483,2.581,2.25,2.697,0.4904,0.5007,0.714,0.685,-15.64,7.81,2026-10-10T20:07:17Z
2025,DAL,DAL,DAL,all,82,5000.2,3.111,2.855,3.276,2.664,0.5215,0.4786,1.319,1.115,13.74,-15.93,2026-10-10T20:07:17Z
2025,DAL,DAL,DAL,5on5,82,4044.8,2.359,2.286,2.522,2.047,0.5079,0.4746,0.654,0.631,10.97,-16.11,2026-10-10T20:07:17Z
2025,STL,STL,STL,all,82,4976.9,2.676,2.975,2.773,3.062,0.4735,0.4764,0.934,1.141,8.03,7.2,2026-10-10T20:07:17Z
2025,STL,STL,STL,5on5,82,4110.8,2.339,2.404,2.394,2.54,0.4931,0.482,0.595,0.672,3.76,9.26,2026-10-10T20:07:17Z
2025,CGY,CGY,CGY,all,82,4975.1,2.801,3.258,2.508,3.087,0.4623,0.4884,0.996,1.203,-24.23,-14.16,2026-10-10T20:07:17Z
2025,CGY,CGY,CGY,5on5,82,4033.1,2.359,2.661,2.142,2.618,0.4699,0.4922,0.623,0.756,-14.54,-2.88,2026-10-10T20:07:17Z
2025,CAR,CAR,CAR,all,82,4996.9,3.61,2.824,3.494,2.834,0.5611,0.5928,1.34,1.084,-9.64,0.85,2026-10-10T20:07:17Z
2025,CAR,CAR,CAR,5on5,82,4078.1,2.977,2.31,2.722,2.354,0.5631,0.5977,0.83,0.618,-17.33,2.99,2026-10-10T20:07:17Z
2025,MIN,MIN,MIN,all,82,5009.8,3.184,2.909,3.21,2.814,0.5226,0.4906,1.254,1.017,2.12,-7.92,2026-10-10T20:07:17Z
2025,MIN,MIN,MIN,5on5,82,4111.3,2.55,2.402,2.437,2.306,0.515,0.4823,0.725,0.54,-7.74,-6.58,2026-10-10T20:07:17Z
2025,CHI,CHI,CHI,all,82,4988.1,2.637,3.337,2.526,3.248,0.4414,0.4614,0.982,1.243,-9.25,-7.46,2026-10-10T20:07:17Z
2025,CHI,CHI,CHI,5on5,82,4030.2,2.169,2.942,2.248,2.948,0.4244,0.4561,0.582,0.855,5.32,0.41,2026-10-10T20:07:17Z
2025,PHI,PHI,PHI,all,82,5027.4,2.883,2.772,2.864,2.852,0.5098,0.4825,1.107,1.025,-1.58,6.75,2026-10-10T20:07:17Z
2025,PHI,PHI,PHI,5on5,82,4082.1,2.261,2.204,2.366,2.19,0.5063,0.4776,0.561,0.608,7.19,-0.97,2026-10-10T20:07:17Z
2025,ANA,ANA,ANA,all,82,5010.5,3.42,3.295,3.173,3.449,0.5093,0.5217,1.209,1.211,-20.6,12.8,2026-10-10T20:07:17Z
2025,ANA,ANA,ANA,5on5,82,4013.8,2.796,2.588,2.556,2.84,0.5193,0.5235,0.723,0.586,-16.07,16.86,2026-10-10T20:07:17Z
2025,CBJ,CBJ,CBJ,all,82,5002.4,3.106,3.104,2.951,3.011,0.5002,0.4994,1.179,1.169,-12.93,-7.77,2026-10-10T20:07:17Z
2025,CBJ,CBJ,CBJ,5on5,82,4147.2,2.631,2.43,2.517,2.344,0.5199,0.5082,0.771,0.666,-7.84,-5.95,2026-10-10T20:07:17Z
2026,NYI,NYI,NYI,all,4,240.0,2.86,3.605,3.25,2.0,0.4424,0.4676,0.635,1.113,1.56,-6.42,2026-10-10T20:07:17Z
2026,NYI,NYI,NYI,5on5,4,181.8,2.402,2.637,2.31,0.99,0.4768,0.4531,0.406,0.35,-0.28,-4.99,2026-10-10T20:07:17Z
2026,LAK,LA,LAK,all,3,183.3,2.877,2.586,2.946,4.91,0.5267,0.5235,0.363,0.465,0.21,7.1,2026-10-10T20:07:17Z
2026,LAK,LA,LAK,5on5,3,140.9,2.355,2.065,1.703,3.832,0.5328,0.512,0.37,0.392,-1.53,4.15,2026-10-10T20:07:17Z
2026,WPG,WPG,WPG,all,5,303.4,2.935,3.396,2.571,2.967,0.4636,0.4671,0.684,0.936,-1.84,-2.17,2026-10-10T20:07:17Z
2026,WPG,WPG,WPG,5on5,5,247.9,2.195,2.87,2.178,2.662,0.4333,0.4572,0.177,0.6,-0.07,-0.86,2026-10-10T20:07:17Z
2026,TOR,TOR,TOR,all,5,309.8,3.049,3.829,2.712,2.712,0.4433,0.4834,0.612,1.298,-1.74,-5.77,2026-10-10T20:07:17Z
2026,TOR,TOR,TOR,5on5,5,242.6,2.159,2.945,2.473,2.967,0.423,0.5057,0.109,0.888,1.27,0.09,2026-10-10T20:07:17Z
2026,WSH,WSH,WSH,all,4,240.0,3.533,3.76,3.5,2.25,0.4844,0.4653,1.085,0.828,-0.13,-6.04,2026-10-10T20:07:17Z
2026,WSH,WSH,WSH,5on5,4,177.4,2.939,2.759,3.72,2.029,0.5157,0.4837,0.714,0.477,2.31,-2.16,2026-10-10T20:07:17Z
2026,NYR,NYR,NYR,all,6,360.0,3.438,3.015,2.833,1.833,0.5328,0.4779,1.178,0.673,-3.63,-7.09,2026-10-10T20:07:17Z
2026,NYR,NYR,NYR,5on5,6,287.2,2.309,2.48,1.671,1.462,0.4821,0.459,0.313,0.364,-3.05,-4.87,2026-10-10T20:07:17Z
2026,CHI,CHI,CHI,all,5,300.0,2.416,3.54,2.0,4.2,0.4056,0.4364,0.556,0.812,-2.08,3.3,2026-10-10T20:07:17Z
2026,CHI,CHI,CHI,5on5,5,252.7,1.893,3.094,1.425,3.087,0.3795,0.4276,0.142,0.568,-1.97,-0.03,2026-10-10T20:07:17Z
2026,MTL,MTL,MTL,all,4,241.6,3.197,3.492,3.478,4.72,0.4779,0.5147,0.922,1.304,1.13,4.94,2026-10-10T20:07:17Z
2026,MTL,MTL,MTL,5on5,4,180.6,2.831,2.316,2.658,3.322,0.55,0.5216,0.718,0.379,-0.52,3.03,2026-10-10T20:07:17Z
2026,MIN,MIN,MIN,all,4,244.4,2.86,2.932,2.701,1.964,0.4939,0.4945,0.707,0.523,-0.65,-3.94,2026-10-10T20:07:17Z
2026,MIN,MIN,MIN,5on5,4,195.7,2.137,2.398,1.533,1.84,0.4713,0.4885,0.285,0.374,-1.97,-1.82,2026-10-10T20:07:17Z
2026,SEA,SEA,SEA,all,5,300.0,2.85,3.406,4.2,2.8,0.4556,0.4169,0.342,0.572,6.75,-3.03,2026-10-10T20:07:17Z
2026,SEA,SEA,SEA,5on5,5,249.4,2.668,3.104,4.09,1.925,0.4623,0.4091,0.411,0.423,5.91,-4.9,2026-10-10T20:07:17Z
2026,UTA,UTAH,UTA,all,5,300.0,3.792,2.6,3.6,2.8,0.5932,0.5836,0.772,0.31,-0.96,1.0,2026-10-10T20:07:17Z
2026,UTA,UTAH,UTA,5on5,5,238.0,3.34,2.513,2.521,2.269,0.5706,0.5811,0.857,0.29,-3.25,-0.97,2026-10-10T20:07:17Z
2026,CBJ,CBJ,CBJ,all,3,185.0,3.503,2.828,2.919,2.919,0.5533,0.4943,1.229,0.587,-1.8,0.28,2026-10-10T20:07:17Z
2026,CBJ,CBJ,CBJ,5on5,3,152.7,2.943,2.271,2.358,1.965,0.5644,0.5018,0.849,0.53,-1.49,-0.78,2026-10-10T20:07:17Z
2026,OTT,OTT,OTT,all,4,240.0,3.045,3.237,3.0,2.25,0.4847,0.464,0.912,0.807,-0.18,-3.95,2026-10-10T20:07:17Z
2026,OTT,OTT,OTT,5on5,4,178.6,2.553,2.65,3.023,1.679,0.4906,0.4548,1.051,0.329,1.4,-2.89,2026-10-10T20:07:17Z
2026,FLA,FLA,FLA,all,4,252.4,2.934,2.544,1.902,1.902,0.5356,0.5798,0.466,0.561,-4.34,-2.7,2026-10-10T20:07:17Z
2026,FLA,FLA,FLA,5on5,4,179.4,2.09,1.124,1.672,0.669,0.6504,0.595,0.334,0.0,-1.25,-1.36,2026-10-10T20:07:17Z
2026,ANA,ANA,ANA,all,4,244.2,3.002,2.941,3.439,2.702,0.5052,0.4633,1.054,0.533,1.78,-0.97,2026-10-10T20:07:17Z
2026,ANA,ANA,ANA,5on5,4,184.6,2.343,2.34,2.6,2.275,0.5003,0.4724,0.754,0.488,0.79,-0.2,2026-10-10T20:07:17Z
2026,BOS,BOS,BOS,all,5,303.4,2.779,3.192,2.967,2.373,0.4654,0.4614,0.352,0.738,0.95,-4.14,2026-10-10T20:07:17Z
2026,BOS,BOS,BOS,5on5,5,252.1,2.554,2.428,2.142,1.666,0.5127,0.4765,0.19,0.407,-1.73,-3.2,2026-10-10T20:07:17Z
2026,CAR,CAR,CAR,all,5,307.8,4.102,2.46,3.509,2.729,0.6251,0.5963,1.252,0.554,-3.04,1.38,2026-10-10T20:07:17Z
2026,CAR,CAR,CAR,5on5,5,225.5,3.198,2.219,2.395,2.661,0.5904,0.6102,0.883,0.575,-3.02,1.66,2026-10-10T20:07:17Z
2026,DAL,DAL,DAL,all,4,240.0,2.935,2.46,2.5,1.5,0.544,0.535,0.448,0.583,-1.74,-3.84,2026-10-10T20:07:17Z
2026,DAL,DAL,DAL,5on5,4,192.0,2.453,2.153,2.812,0.625,0.5326,0.5186,0.316,0.347,1.15,-4.89,2026-10-10T20:07:17Z
2026,PIT,PIT,PIT,all,5,306.6,3.433,3.523,3.915,2.936,0.4935,0.4721,0.928,0.928,2.46,-3.0,2026-10-10T20:07:17Z
2026,PIT,PIT,PIT,5on5,5,243.1,2.992,2.848,3.456,2.715,0.5123,0.482,0.691,0.568,1.88,-0.54,2026-10-10T20:07:17Z
2026,DET,DET,DET,all,4,240.0,3.538,2.99,2.5,3.5,0.5419,0.5714,0.907,0.585,-4.15,2.04,2026-10-10T20:07:17Z
2026,DET,DET,DET,5on5,4,184.3,3.142,2.054,1.953,2.279,0.6046,0.6,0.648,0.303,-3.65,0.69,2026-10-10T20:07:17Z
2026,VAN,VAN,VAN,all,5,302.0,2.472,3.64,4.172,4.967,0.4044,0.4333,0.699,0.993,8.56,6.68,2026-10-10T20:07:17Z
2026,VAN,VAN,VAN,5on5,5,240.4,1.959,3.027,3.493,3.493,0.3929,0.4199,0.576,0.771,6.15,1.87,2026-10-10T20:07:17Z
2026,PHI,PHI,PHI,all,5,306.2,2.241,4.207,1.176,3.723,0.3476,0.3946,0.511,1.207,-5.44,-2.47,2026-10-10T20:07:17Z
2026,PHI,PHI,PHI,5on5,5,237.2,1.667,3.601,1.012,2.782,0.3164,0.3764,0.225,0.971,-2.59,-3.24,2026-10-10T20:07:17Z
2026,TBL,TB,TBL,all,4,240.0,3.98,2.788,2.75,2.25,0.5881,0.5565,0.892,0.868,-4.92,-2.15,2026-10-10T20:07:17Z
2026,TBL,TB,TBL,5on5,4,180.3,3.19,2.126,2.661,1.996,0.6001,0.571,0.346,0.429,-1.59,-0.39,2026-10-10T20:07:17Z
2026,NJD,NJ,NJD,all,3,183.4,3.625,3.203,1.963,4.253,0.5309,0.6021,0.658,0.929,-5.08,3.21,2026-10-10T20:07:17Z
2026,NJD,NJ,NJD,5on5,3,141.7,3.375,2.435,1.694,3.388,0.5809,0.6167,0.572,0.724,-3.97,2.25,2026-10-10T20:07:17Z
2026,SJS,SJ,SJS,all,4,247.6,2.409,3.87,2.908,3.393,0.3836,0.4251,0.528,0.754,2.06,-1.97,2026-10-10T20:07:17Z
2026,SJS,SJ,SJS,5on5,4,200.3,1.638,3.246,1.797,2.995,0.3354,0.4116,0.231,0.779,0.53,-0.84,2026-10-10T20:07:17Z
2026,STL,STL,STL,all,4,241.1,3.044,3.181,2.24,3.236,0.489,0.5046,0.747,0.809,-3.23,0.22,2026-10-10T20:07:17Z
2026,STL,STL,STL,5on5,4,188.3,2.705,2.39,1.593,2.868,0.531,0.5304,0.567,0.252,-3.49,1.5,2026-10-10T20:07:17Z
2026,VGK,VGK,VGK,all,5,305.0,4.056,2.239,3.934,2.557,0.6444,0.5869,1.021,0.62,-0.62,1.62,2026-10-10T20:07:17Z
2026,VGK,VGK,VGK,5on5,5,244.3,3.041,1.985,3.193,2.702,0.6051,0.5747,0.582,0.639,0.62,2.92,2026-10-10T20:07:17Z
2026,COL,COL,COL,all,4,240.0,3.158,2.422,5.75,2.75,0.5659,0.519,0.45,0.172,10.37,1.31,2026-10-10T20:07:17Z
2026,COL,COL,COL,5on5,4,199.5,3.01,2.376,5.713,2.406,0.5589,0.5207,0.409,0.207,8.99,0.1,2026-10-10T20:07:17Z
2026,CGY,CGY,CGY,all,4,240.0,2.43,3.243,1.5,5.75,0.4284,0.5335,0.058,0.49,-3.72,10.03,2026-10-10T20:07:17Z
2026,CGY,CGY,CGY,5on5,4,203.3,2.482,2.954,1.181,5.903,0.4566,0.5477,0.068,0.286,-4.41,9.99,2026-10-10T20:07:17Z
2026,EDM,EDM,EDM,all,4,242.0,3.399,2.43,5.455,3.967,0.5832,0.5318,0.903,0.528,8.29,6.2,2026-10-10T20:07:17Z
2026,EDM,EDM,EDM,5on5,4,187.6,2.664,2.082,4.478,2.878,0.5613,0.5245,0.806,0.477,5.67,2.49,2026-10-10T20:07:17Z
2026,NSH,NSH,NSH,all,4,244.8,2.706,3.407,2.942,2.696,0.4427,0.4239,0.873,0.576,0.96,-2.9,2026-10-10T20:07:17Z
2026,NSH,NSH,NSH,5on5,4,197.6,1.889,2.925,1.519,2.126,0.3924,0.4072,0.38,0.313,-1.22,-2.63,2026-10-10T20:07:17Z
2026,BUF,BUF,BUF,all,4,244.4,3.312,2.32,2.455,3.683,0.5881,0.601,0.715,0.665,-3.49,5.55,2026-10-10T20:07:17Z
2026,BUF,BUF,BUF,5on5,4,203.7,2.878,1.865,2.062,2.946,0.6068,0.6096,0.589,0.306,-2.77,3.67,2026-10-10T20:07:17Z
